publishDate,publishMs,songmid,songId,title,artists,albummid,albumId,album,durationSec,qqmusic,webUrl
2015/7/21,1.43741E+12,003nmaeC1xMcvg,239564422,?,GAI周延/ICE杨长青/Sub,004QvedZ2Bs1Lj,8266021,?,,"qqmusic://qq.com/media/playSonglist?p={""song"":[{""type"":""0"",""songmid"":""003nmaeC1xMcvg""}],""action"":""play""}",https://y.qq.com/n/ryqq/songDetail/003nmaeC1xMcvg
2015/9/15,1.44225E+12,004duleL0cfGGL,201581615,白日梦想家,GAI周延,000V9hG60iuFdQ,1966876,白日梦想家,175,"qqmusic://qq.com/media/playSonglist?p={""song"":[{""type"":""0"",""songmid"":""004duleL0cfGGL""}],""action"":""play""}",https://y.qq.com/n/ryqq/songDetail/004duleL0cfGGL
2015/11/11,1.44717E+12,001g4sfl3ws5sD,201587353,可爱女孩,3Bangz/GAI周延/Chace,001j0EDY4S2d4h,1969850,可爱女孩,182,"qqmusic://qq.com/media/playSonglist?p={""song"":[{""type"":""0"",""songmid"":""001g4sfl3ws5sD""}],""action"":""play""}",https://y.qq.com/n/ryqq/songDetail/001g4sfl3ws5sD
2016/2/1,1.45426E+12,001ppbZA23j0NW,203044582,一佰零八,GAI周延,001a7CTq0dlSl1,2142762,一佰零八,204,"qqmusic://qq.com/media/playSonglist?p={""song"":[{""type"":""0"",""songmid"":""001ppbZA23j0NW""}],""action"":""play""}",https://y.qq.com/n/ryqq/songDetail/001ppbZA23j0NW
2016/7/18,1.46877E+12,000M7LaT4XIElR,251437325,富贵在天 (feat. 嫩桃弟弟 & Gai),SHINEG/嫩桃弟弟/GAI周延,002pKVJX2kSH8f,7579800,酒池肉林 (Explicit),245,"qqmusic://qq.com/media/playSonglist?p={""song"":[{""type"":""0"",""songmid"":""000M7LaT4XIElR""}],""action"":""play""}",https://y.qq.com/n/ryqq/songDetail/000M7LaT4XIElR
2016/7/24,1.46929E+12,002dZgkR2CY1iC,203041354,空城计,GAI周延,002DCgF32dwOW0,2142425,空城计,241,"qqmusic://qq.com/media/playSonglist?p={""song"":[{""type"":""0"",""songmid"":""002dZgkR2CY1iC""}],""action"":""play""}",https://y.qq.com/n/ryqq/songDetail/002dZgkR2CY1iC
2016/9/7,1.47318E+12,000vg64g23WJpX,108961220,鹳雀楼,Blow Fever/GAI周延,002YMLPo3LkgHH,1656538,CAMO,149,"qqmusic://qq.com/media/playSonglist?p={""song"":[{""type"":""0"",""songmid"":""000vg64g23WJpX""}],""action"":""play""}",https://y.qq.com/n/ryqq/songDetail/000vg64g23WJpX
2017/1/23,1.4851E+12,000MNZsl0UUpF7,200589231,江湖流,C-BLOCK/GAI周延,002ILjM64c4PZy,1833980,以下范上,289,"qqmusic://qq.com/media/playSonglist?p={""song"":[{""type"":""0"",""songmid"":""000MNZsl0UUpF7""}],""action"":""play""}",https://y.qq.com/n/ryqq/songDetail/000MNZsl0UUpF7
2017/3/4,1.48856E+12,002RPWP346DD1K,203044839,耍没耍过的,布瑞吉Bridge/雾都L4WUDU/GAI周延,003pQfhQ1MN8Td,2142786,耍没耍过的,221,"qqmusic://qq.com/media/playSonglist?p={""song"":[{""type"":""0"",""songmid"":""002RPWP346DD1K""}],""action"":""play""}",https://y.qq.com/n/ryqq/songDetail/002RPWP346DD1K
2017/4/27,1.49322E+12,004DJPc732vmCX,203033395,Rainbow,GAI周延/布瑞吉Bridge,0028I7Hc10GMdq,2141630,Rainbow,214,"qqmusic://qq.com/media/playSonglist?p={""song"":[{""type"":""0"",""songmid"":""004DJPc732vmCX""}],""action"":""play""}",https://y.qq.com/n/ryqq/songDetail/004DJPc732vmCX
2017/6/24,1.49823E+12,00095Htd04hhv6,202882747,GAI海选清唱片段,GAI周延,004BlBLW37MIcB,2124676,中国有嘻哈 第1期,32,"qqmusic://qq.com/media/playSonglist?p={""song"":[{""type"":""0"",""songmid"":""00095Htd04hhv6""}],""action"":""play""}",https://y.qq.com/n/ryqq/songDetail/00095Htd04hhv6
2017/7/15,1.50005E+12,0045tpsF2ef1zp,203255324,只听自己的歌,GAI周延/赵昱涛Ao,001c8fpg0x7kIK,2164106,中国有嘻哈 第4期,132,"qqmusic://qq.com/media/playSonglist?p={""song"":[{""type"":""0"",""songmid"":""0045tpsF2ef1zp""}],""action"":""play""}",https://y.qq.com/n/ryqq/songDetail/0045tpsF2ef1zp
2017/8/7,1.50204E+12,003hYNWq2WY4Gk,203523082,你猜我猜不猜,GAI周延/布瑞吉Bridge,0045hYC20b9bph,2197111,你猜我猜不猜,201,"qqmusic://qq.com/media/playSonglist?p={""song"":[{""type"":""0"",""songmid"":""003hYNWq2WY4Gk""}],""action"":""play""}",https://y.qq.com/n/ryqq/songDetail/003hYNWq2WY4Gk
2017/8/12,1.50247E+12,003SdZkE0VnxIB,203620407,Street Fighter,GAI周延/艾福杰尼/黄旭/大笑,000MISZa1VWIJe,2204530,中国有嘻哈 第8期,171,"qqmusic://qq.com/media/playSonglist?p={""song"":[{""type"":""0"",""songmid"":""003SdZkE0VnxIB""}],""action"":""play""}",https://y.qq.com/n/ryqq/songDetail/003SdZkE0VnxIB
2017/8/12,1.50247E+12,0014LS2B0JTLAP,203620412,海啸,GAI周延/艾福杰尼/黄旭,000MISZa1VWIJe,2204530,中国有嘻哈 第8期,196,"qqmusic://qq.com/media/playSonglist?p={""song"":[{""type"":""0"",""songmid"":""0014LS2B0JTLAP""}],""action"":""play""}",https://y.qq.com/n/ryqq/songDetail/0014LS2B0JTLAP
2017/8/17,1.5029E+12,001sGqrO1jYAyf,203640238,王者降临,GAI周延,004N1eR21h7eTi,2207396,王者降临,174,"qqmusic://qq.com/media/playSonglist?p={""song"":[{""type"":""0"",""songmid"":""001sGqrO1jYAyf""}],""action"":""play""}",https://y.qq.com/n/ryqq/songDetail/001sGqrO1jYAyf
2017/8/17,1.5029E+12,004QYvqF0p9o2E,203640237,王者降临,GAI周延,004N1eR21h7eTi,2207396,王者降临,174,"qqmusic://qq.com/media/playSonglist?p={""song"":[{""type"":""0"",""songmid"":""004QYvqF0p9o2E""}],""action"":""play""}",https://y.qq.com/n/ryqq/songDetail/004QYvqF0p9o2E
2017/8/19,1.50307E+12,0045YdtG4FSRLN,203650936,凡人歌,张震岳/MC HotDog 热狗/黄旭/GAI周延,001dfi1U1SkgF7,2209360,中国有嘻哈 第9期,269,"qqmusic://qq.com/media/playSonglist?p={""song"":[{""type"":""0"",""songmid"":""0045YdtG4FSRLN""}],""action"":""play""}",https://y.qq.com/n/ryqq/songDetail/0045YdtG4FSRLN
2017/8/26,1.50368E+12,000yw7ED4bPPL8,203705575,苦行僧,GAI周延,000zVIGt2L9Vfp,2217243,中国有嘻哈 第10期,143,"qqmusic://qq.com/media/playSonglist?p={""song"":[{""type"":""0"",""songmid"":""000yw7ED4bPPL8""}],""action"":""play""}",https://y.qq.com/n/ryqq/songDetail/000yw7ED4bPPL8
2017/8/30,1.50402E+12,002wJ7mH0UD3Jb,203737170,重庆茶馆,布瑞吉Bridge/GAI周延/Toryondacloud,004YusWS4ZXTJt,2221362,川渝陷阱,167,"qqmusic://qq.com/media/playSonglist?p={""song"":[{""type"":""0"",""songmid"":""002wJ7mH0UD3Jb""}],""action"":""play""}",https://y.qq.com/n/ryqq/songDetail/002wJ7mH0UD3Jb
2017/9/2,1.50428E+12,001IJtB91Yyruv,203762604,Papillon,王嘉尔/GAI周延,001opXoW3imfj9,2225079,中国有嘻哈 第11期,173,"qqmusic://qq.com/media/playSonglist?p={""song"":[{""type"":""0"",""songmid"":""001IJtB91Yyruv""}],""action"":""play""}",https://y.qq.com/n/ryqq/songDetail/001IJtB91Yyruv
2017/9/8,1.5048E+12,000CSdxX3wGIxz,203811048,没钱咋个整,GAI周延,000BGsgv1tLNWh,2232399,没钱咋个整,236,"qqmusic://qq.com/media/playSonglist?p={""song"":[{""type"":""0"",""songmid"":""000CSdxX3wGIxz""}],""action"":""play""}",https://y.qq.com/n/ryqq/songDetail/000CSdxX3wGIxz
2017/9/9,1.50489E+12,0040uMKB2A2oH2,203814022,一百零八,GAI周延,002LiyZW27dGjC,2225086,中国有嘻哈 第12期,166,"qqmusic://qq.com/media/playSonglist?p={""song"":[{""type"":""0"",""songmid"":""0040uMKB2A2oH2""}],""action"":""play""}",https://y.qq.com/n/ryqq/songDetail/0040uMKB2A2oH2
2017/9/9,1.50489E+12,000PYR0M2UUQYY,203814013,为梦打Call,GAI周延,003g0uA81QiUMc,2232845,为梦打Call,169,"qqmusic://qq.com/media/playSonglist?p={""song"":[{""type"":""0"",""songmid"":""000PYR0M2UUQYY""}],""action"":""play""}",https://y.qq.com/n/ryqq/songDetail/000PYR0M2UUQYY
2017/9/9,1.50489E+12,003qlAVJ0ykrKY,203814020,重庆魂,GAI周延,002LiyZW27dGjC,2225086,中国有嘻哈 第12期,174,"qqmusic://qq.com/media/playSonglist?p={""song"":[{""type"":""0"",""songmid"":""003qlAVJ0ykrKY""}],""action"":""play""}",https://y.qq.com/n/ryqq/songDetail/003qlAVJ0ykrKY
2017/9/9,1.50489E+12,00417Om22epdqe,203814017,酒干倘卖无,张震岳/MC HotDog 热狗/GAI周延,002LiyZW27dGjC,2225086,中国有嘻哈 第12期,223,"qqmusic://qq.com/media/playSonglist?p={""song"":[{""type"":""0"",""songmid"":""00417Om22epdqe""}],""action"":""play""}",https://y.qq.com/n/ryqq/songDetail/00417Om22epdqe
2017/9/29,1.50661E+12,001VdTJl4Ckvds,204258039,好运来,祖海/GAI周延,002vpNkb4Pk8Uk,2268545,好运来,203,"qqmusic://qq.com/media/playSonglist?p={""song"":[{""type"":""0"",""songmid"":""001VdTJl4Ckvds""}],""action"":""play""}",https://y.qq.com/n/ryqq/songDetail/001VdTJl4Ckvds
2017/9/29,1.50661E+12,00145WVv3ZmAcl,204258038,好运来,祖海/GAI周延,002vpNkb4Pk8Uk,2268545,好运来,203,"qqmusic://qq.com/media/playSonglist?p={""song"":[{""type"":""0"",""songmid"":""00145WVv3ZmAcl""}],""action"":""play""}",https://y.qq.com/n/ryqq/songDetail/00145WVv3ZmAcl
2017/10/9,1.50748E+12,001eyzC71MY0Qx,238852937,GAI爷 - 天干物燥?(DJ.Lars?Power?EDM?Edit).mp3,Dj Lars/GAI周延,004DW3XG0Fezm7,8148752,GAI爷 - 天干物燥 (DJ.Lars Power EDM Edit),,"qqmusic://qq.com/media/playSonglist?p={""song"":[{""type"":""0"",""songmid"":""001eyzC71MY0Qx""}],""action"":""play""}",https://y.qq.com/n/ryqq/songDetail/001eyzC71MY0Qx
2017/10/22,1.5086E+12,002yl8Vj1Sv3F7,204778872,勇敢一点,GAI周延,002rJ9gT0r1hBt,2345364,蒙面唱将猜猜猜第二季 第7期,253,"qqmusic://qq.com/media/playSonglist?p={""song"":[{""type"":""0"",""songmid"":""002yl8Vj1Sv3F7""}],""action"":""play""}",https://y.qq.com/n/ryqq/songDetail/002yl8Vj1Sv3F7
2017/10/22,1.5086E+12,002kbsR44KSbeQ,204778868,找自己,陈梓童/GAI周延,002rJ9gT0r1hBt,2345364,蒙面唱将猜猜猜第二季 第7期,224,"qqmusic://qq.com/media/playSonglist?p={""song"":[{""type"":""0"",""songmid"":""002kbsR44KSbeQ""}],""action"":""play""}",https://y.qq.com/n/ryqq/songDetail/002kbsR44KSbeQ
2017/10/27,1.50903E+12,002la7Nx4cEgu0,203745881,Ding Ling Ding,蜜妞Miko/GAI周延,001Ms2wN3Pslx1,2222677,Ding Ling Ding,176,"qqmusic://qq.com/media/playSonglist?p={""song"":[{""type"":""0"",""songmid"":""002la7Nx4cEgu0""}],""action"":""play""}",https://y.qq.com/n/ryqq/songDetail/002la7Nx4cEgu0
2017/10/27,1.50903E+12,000cvlvi1QQDxx,203745880,Ding Ling Ding,蜜妞Miko/GAI周延,001Ms2wN3Pslx1,2222677,Ding Ling Ding,176,"qqmusic://qq.com/media/playSonglist?p={""song"":[{""type"":""0"",""songmid"":""000cvlvi1QQDxx""}],""action"":""play""}",https://y.qq.com/n/ryqq/songDetail/000cvlvi1QQDxx
2017/10/29,1.50921E+12,002Zo9kj3wvU55,206125078,不要说话,GAI周延/雪村,004Xzmvo1WXAQY,2513689,蒙面唱将猜猜猜第二季 第8期,225,"qqmusic://qq.com/media/playSonglist?p={""song"":[{""type"":""0"",""songmid"":""002Zo9kj3wvU55""}],""action"":""play""}",https://y.qq.com/n/ryqq/songDetail/002Zo9kj3wvU55
2017/11/5,1.50981E+12,001OkO4N2XAlzW,208199631,爱如潮水,GAI周延,003OdTlD1p5J2s,2769982,蒙面唱将猜猜猜第二季 第9期,226,"qqmusic://qq.com/media/playSonglist?p={""song"":[{""type"":""0"",""songmid"":""001OkO4N2XAlzW""}],""action"":""play""}",https://y.qq.com/n/ryqq/songDetail/001OkO4N2XAlzW
2017/11/5,1.50981E+12,003Z0z6743Lq2a,208199637,思念是一种病,GAI周延/王心凌,003OdTlD1p5J2s,2769982,蒙面唱将猜猜猜第二季 第9期,240,"qqmusic://qq.com/media/playSonglist?p={""song"":[{""type"":""0"",""songmid"":""003Z0z6743Lq2a""}],""action"":""play""}",https://y.qq.com/n/ryqq/songDetail/003Z0z6743Lq2a
2017/11/5,1.50981E+12,002CdBiZ1ggk5U,352053202,爱如潮水,GAI周延,001zTBOj3RlvJR,26924273,爱如潮水,226,"qqmusic://qq.com/media/playSonglist?p={""song"":[{""type"":""0"",""songmid"":""002CdBiZ1ggk5U""}],""action"":""play""}",https://y.qq.com/n/ryqq/songDetail/002CdBiZ1ggk5U
2017/11/14,1.51059E+12,002vBBuX0F3Jen,212608499,风光超级行,GAI周延,0025D8oV2h0l5q,3827677,风光超级行,159,"qqmusic://qq.com/media/playSonglist?p={""song"":[{""type"":""0"",""songmid"":""002vBBuX0F3Jen""}],""action"":""play""}",https://y.qq.com/n/ryqq/songDetail/002vBBuX0F3Jen
2017/11/14,1.51059E+12,002LqMa54NIFtI,212608500,风光超级行,GAI周延,0025D8oV2h0l5q,3827677,风光超级行,159,"qqmusic://qq.com/media/playSonglist?p={""song"":[{""type"":""0"",""songmid"":""002LqMa54NIFtI""}],""action"":""play""}",https://y.qq.com/n/ryqq/songDetail/002LqMa54NIFtI
2017/11/15,1.51068E+12,000RvnlZ1zEI9B,641640904,大师,GAI周延,004aGsCz0FShXl,85080352,大师,201,"qqmusic://qq.com/media/playSonglist?p={""song"":[{""type"":""0"",""songmid"":""000RvnlZ1zEI9B""}],""action"":""play""}",https://y.qq.com/n/ryqq/songDetail/000RvnlZ1zEI9B
2017/11/21,1.51119E+12,002XHFqB0q6H08,211845649,菜商卡头和车手,GAI周延,000K33zp27RhIj,3292027,菜商卡头和车手,188,"qqmusic://qq.com/media/playSonglist?p={""song"":[{""type"":""0"",""songmid"":""002XHFqB0q6H08""}],""action"":""play""}",https://y.qq.com/n/ryqq/songDetail/002XHFqB0q6H08
2017/11/29,1.51188E+12,004HQ4093IT3V4,212002608,凡人修仙,GAI周延,0011mOWB1YOi5R,3316888,凡人修仙,183,"qqmusic://qq.com/media/playSonglist?p={""song"":[{""type"":""0"",""songmid"":""004HQ4093IT3V4""}],""action"":""play""}",https://y.qq.com/n/ryqq/songDetail/004HQ4093IT3V4
2017/12/20,1.5137E+12,004ChOKv2ujgrX,205025561,饥饿游戏,孔令奇/GAI周延,0010zFRt1YWgmx,3826924,KUNG,232,"qqmusic://qq.com/media/playSonglist?p={""song"":[{""type"":""0"",""songmid"":""004ChOKv2ujgrX""}],""action"":""play""}",https://y.qq.com/n/ryqq/songDetail/004ChOKv2ujgrX
2017/12/31,1.51465E+12,0049Cxru3uLO9W,212683136,漫步人生路,G.E.M.邓紫棋/GAI周延,000e36et0VmUI4,3851622,“让幸福照亮你”江苏卫视2018跨年演唱会,282,"qqmusic://qq.com/media/playSonglist?p={""song"":[{""type"":""0"",""songmid"":""0049Cxru3uLO9W""}],""action"":""play""}",https://y.qq.com/n/ryqq/songDetail/0049Cxru3uLO9W
2017/12/31,1.51465E+12,003LQxWg3utDNM,212683135,没时间后悔,GAI周延/李嘉格,000e36et0VmUI4,3851622,“让幸福照亮你”江苏卫视2018跨年演唱会,217,"qqmusic://qq.com/media/playSonglist?p={""song"":[{""type"":""0"",""songmid"":""003LQxWg3utDNM""}],""action"":""play""}",https://y.qq.com/n/ryqq/songDetail/003LQxWg3utDNM
2018/1/15,1.51595E+12,003YMaxM2L7svY,212846661,都市惊奇夜,GAI周延/双笙 (陈元汐),004V1gah2eK1LA,3877726,都市惊奇夜,203,"qqmusic://qq.com/media/playSonglist?p={""song"":[{""type"":""0"",""songmid"":""003YMaxM2L7svY""}],""action"":""play""}",https://y.qq.com/n/ryqq/songDetail/003YMaxM2L7svY
2018/1/22,1.51655E+12,003SHKTJ2tt412,212897743,盖世英雄,GAI周延,001HFBUx4ACixv,3886516,盖世英雄,183,"qqmusic://qq.com/media/playSonglist?p={""song"":[{""type"":""0"",""songmid"":""003SHKTJ2tt412""}],""action"":""play""}",https://y.qq.com/n/ryqq/songDetail/003SHKTJ2tt412
2018/3/21,1.52156E+12,001gRhhw3nwjDf,213386113,长河,GAI周延/盛宇D-SHINE/布瑞吉Bridge,00367Cpg1m4Fvz,3963686,长河,297,"qqmusic://qq.com/media/playSonglist?p={""song"":[{""type"":""0"",""songmid"":""001gRhhw3nwjDf""}],""action"":""play""}",https://y.qq.com/n/ryqq/songDetail/001gRhhw3nwjDf
2018/3/21,1.52156E+12,000NxM5F2N5LlP,215041001,长河,GAI周延/盛宇D-SHINE/布瑞吉Bridge,00367Cpg1m4Fvz,3963686,长河,280,"qqmusic://qq.com/media/playSonglist?p={""song"":[{""type"":""0"",""songmid"":""000NxM5F2N5LlP""}],""action"":""play""}",https://y.qq.com/n/ryqq/songDetail/000NxM5F2N5LlP
2018/4/8,1.52312E+12,000O8u993oAHDk,331819784,炽热少年,GAI周延/许魏洲,003yBtqq3oQ4Uw,23271629,炽热少年,228,"qqmusic://qq.com/media/playSonglist?p={""song"":[{""type"":""0"",""songmid"":""000O8u993oAHDk""}],""action"":""play""}",https://y.qq.com/n/ryqq/songDetail/000O8u993oAHDk
2018/4/21,1.52424E+12,00262oz70U8Igv,213777524,长河,C-BLOCK/GAI周延/布瑞吉Bridge,003lR5Bp0Ji3Xo,4023032,淘金日记,297,"qqmusic://qq.com/media/playSonglist?p={""song"":[{""type"":""0"",""songmid"":""00262oz70U8Igv""}],""action"":""play""}",https://y.qq.com/n/ryqq/songDetail/00262oz70U8Igv
2018/5/25,1.52718E+12,004LNbxR31gUMX,213989314,万里长城,GAI周延,001IphcP2l1cXT,4057041,万里长城,228,"qqmusic://qq.com/media/playSonglist?p={""song"":[{""type"":""0"",""songmid"":""004LNbxR31gUMX""}],""action"":""play""}",https://y.qq.com/n/ryqq/songDetail/004LNbxR31gUMX
2018/5/25,1.52718E+12,0049v09e0ejGM1,213989315,万里长城,GAI周延,001IphcP2l1cXT,4057041,万里长城,228,"qqmusic://qq.com/media/playSonglist?p={""song"":[{""type"":""0"",""songmid"":""0049v09e0ejGM1""}],""action"":""play""}",https://y.qq.com/n/ryqq/songDetail/0049v09e0ejGM1
2018/6/11,1.52865E+12,000k7mCu4ClgM8,216143844,爱难脱身,谭维维/GAI周延,000laC3r237XD4,4405691,脱身 电视原声带,234,"qqmusic://qq.com/media/playSonglist?p={""song"":[{""type"":""0"",""songmid"":""000k7mCu4ClgM8""}],""action"":""play""}",https://y.qq.com/n/ryqq/songDetail/000k7mCu4ClgM8
2018/6/22,1.5296E+12,002CHZ8X0PAKXJ,214153690,圆周率,GAI周延,003uePW80fqVQG,4090489,圆周率,151,"qqmusic://qq.com/media/playSonglist?p={""song"":[{""type"":""0"",""songmid"":""002CHZ8X0PAKXJ""}],""action"":""play""}",https://y.qq.com/n/ryqq/songDetail/002CHZ8X0PAKXJ
2018/6/22,1.5296E+12,003t06aO3e2n9s,214153689,圆周率,GAI周延,003uePW80fqVQG,4090489,圆周率,153,"qqmusic://qq.com/media/playSonglist?p={""song"":[{""type"":""0"",""songmid"":""003t06aO3e2n9s""}],""action"":""play""}",https://y.qq.com/n/ryqq/songDetail/003t06aO3e2n9s
2018/7/20,1.53202E+12,000Nogp03JWtFd,214784880,垃圾话,GAI周延,004a1Pzy39RQWd,4197032,见字如面,226,"qqmusic://qq.com/media/playSonglist?p={""song"":[{""type"":""0"",""songmid"":""000Nogp03JWtFd""}],""action"":""play""}",https://y.qq.com/n/ryqq/songDetail/000Nogp03JWtFd
2018/7/20,1.53202E+12,002UexL40qXBHN,214784877,见字如面,GAI周延,004a1Pzy39RQWd,4197032,见字如面,195,"qqmusic://qq.com/media/playSonglist?p={""song"":[{""type"":""0"",""songmid"":""002UexL40qXBHN""}],""action"":""play""}",https://y.qq.com/n/ryqq/songDetail/002UexL40qXBHN
2018/7/20,1.53202E+12,004FVNWt2BrreB,214784878,见字如面,GAI周延,004a1Pzy39RQWd,4197032,见字如面,195,"qqmusic://qq.com/media/playSonglist?p={""song"":[{""type"":""0"",""songmid"":""004FVNWt2BrreB""}],""action"":""play""}",https://y.qq.com/n/ryqq/songDetail/004FVNWt2BrreB
2018/7/20,1.53202E+12,0029a0Nv3zgTay,214784879,垃圾话,GAI周延,004a1Pzy39RQWd,4197032,见字如面,226,"qqmusic://qq.com/media/playSonglist?p={""song"":[{""type"":""0"",""songmid"":""0029a0Nv3zgTay""}],""action"":""play""}",https://y.qq.com/n/ryqq/songDetail/0029a0Nv3zgTay
2018/8/15,1.53426E+12,004HOyMz2rtKLv,215745558,山外青山楼外楼,李嘉格/GAI周延,000xP3ee2xOpv9,4347627,山外青山楼外楼,253,"qqmusic://qq.com/media/playSonglist?p={""song"":[{""type"":""0"",""songmid"":""004HOyMz2rtKLv""}],""action"":""play""}",https://y.qq.com/n/ryqq/songDetail/004HOyMz2rtKLv
2018/8/15,1.53426E+12,002rKVKW227yRD,215745559,山外青山楼外楼,李嘉格/GAI周延,000xP3ee2xOpv9,4347627,山外青山楼外楼,253,"qqmusic://qq.com/media/playSonglist?p={""song"":[{""type"":""0"",""songmid"":""002rKVKW227yRD""}],""action"":""play""}",https://y.qq.com/n/ryqq/songDetail/002rKVKW227yRD
2018/8/20,1.53469E+12,000b8AC11CsNtI,215832578,豁得凶,GAI周延,001UiDli4W7atj,4360213,豁得凶,204,"qqmusic://qq.com/media/playSonglist?p={""song"":[{""type"":""0"",""songmid"":""000b8AC11CsNtI""}],""action"":""play""}",https://y.qq.com/n/ryqq/songDetail/000b8AC11CsNtI
2018/8/20,1.53469E+12,000IQfOI3VRhMI,215832579,豁得凶,GAI周延,001UiDli4W7atj,4360213,豁得凶,204,"qqmusic://qq.com/media/playSonglist?p={""song"":[{""type"":""0"",""songmid"":""000IQfOI3VRhMI""}],""action"":""play""}",https://y.qq.com/n/ryqq/songDetail/000IQfOI3VRhMI
2018/10/10,1.5391E+12,003k7hrN3GyWTs,217933299,光宗耀祖,GAI周延,003MS8RP1GyP9f,4752097,光宗耀祖,190,"qqmusic://qq.com/media/playSonglist?p={""song"":[{""type"":""0"",""songmid"":""003k7hrN3GyWTs""}],""action"":""play""}",https://y.qq.com/n/ryqq/songDetail/003k7hrN3GyWTs
2018/10/10,1.5391E+12,003BdfNQ0pvu75,217933302,红旗车,GAI周延,003MS8RP1GyP9f,4752097,光宗耀祖,186,"qqmusic://qq.com/media/playSonglist?p={""song"":[{""type"":""0"",""songmid"":""003BdfNQ0pvu75""}],""action"":""play""}",https://y.qq.com/n/ryqq/songDetail/003BdfNQ0pvu75
2018/10/10,1.5391E+12,0032RIz111FTCp,217933303,我爱王斯然,GAI周延,003MS8RP1GyP9f,4752097,光宗耀祖,215,"qqmusic://qq.com/media/playSonglist?p={""song"":[{""type"":""0"",""songmid"":""0032RIz111FTCp""}],""action"":""play""}",https://y.qq.com/n/ryqq/songDetail/0032RIz111FTCp
2018/10/10,1.5391E+12,004fKGMb0lUHRL,217933529,包间,GAI周延,003MS8RP1GyP9f,4752097,光宗耀祖,187,"qqmusic://qq.com/media/playSonglist?p={""song"":[{""type"":""0"",""songmid"":""004fKGMb0lUHRL""}],""action"":""play""}",https://y.qq.com/n/ryqq/songDetail/004fKGMb0lUHRL
2018/10/10,1.5391E+12,003kSmKS0XGrgG,217933432,光宗耀祖,GAI周延,003MS8RP1GyP9f,4752097,光宗耀祖,190,"qqmusic://qq.com/media/playSonglist?p={""song"":[{""type"":""0"",""songmid"":""003kSmKS0XGrgG""}],""action"":""play""}",https://y.qq.com/n/ryqq/songDetail/003kSmKS0XGrgG
2018/10/10,1.5391E+12,003U1LBZ2yJYue,217933435,我爱王斯然,GAI周延,003MS8RP1GyP9f,4752097,光宗耀祖,215,"qqmusic://qq.com/media/playSonglist?p={""song"":[{""type"":""0"",""songmid"":""003U1LBZ2yJYue""}],""action"":""play""}",https://y.qq.com/n/ryqq/songDetail/003U1LBZ2yJYue
2018/10/10,1.5391E+12,002uo1UV2x6Pb5,217933439,包间,GAI周延,003MS8RP1GyP9f,4752097,光宗耀祖,149,"qqmusic://qq.com/media/playSonglist?p={""song"":[{""type"":""0"",""songmid"":""002uo1UV2x6Pb5""}],""action"":""play""}",https://y.qq.com/n/ryqq/songDetail/002uo1UV2x6Pb5
2018/10/10,1.5391E+12,002zelfV0mlWkc,217933437,红旗车,GAI周延,003MS8RP1GyP9f,4752097,光宗耀祖,188,"qqmusic://qq.com/media/playSonglist?p={""song"":[{""type"":""0"",""songmid"":""002zelfV0mlWkc""}],""action"":""play""}",https://y.qq.com/n/ryqq/songDetail/002zelfV0mlWkc
2018/10/17,1.53971E+12,001Eh20I2sFw5r,218228123,豁得凶,GAI周延,000Ncx3S37S6Lr,4801845,乐人·Live：大GAI如此 周延世界音乐之旅香港站（Live）,199,"qqmusic://qq.com/media/playSonglist?p={""song"":[{""type"":""0"",""songmid"":""001Eh20I2sFw5r""}],""action"":""play""}",https://y.qq.com/n/ryqq/songDetail/001Eh20I2sFw5r
2018/10/17,1.53971E+12,000aoepU0wEoCW,218228119,老大,GAI周延,000Ncx3S37S6Lr,4801845,乐人·Live：大GAI如此 周延世界音乐之旅香港站（Live）,48,"qqmusic://qq.com/media/playSonglist?p={""song"":[{""type"":""0"",""songmid"":""000aoepU0wEoCW""}],""action"":""play""}",https://y.qq.com/n/ryqq/songDetail/000aoepU0wEoCW
2018/10/17,1.53971E+12,002I4EbZ29yeCl,218228121,空城计,GAI周延,000Ncx3S37S6Lr,4801845,乐人·Live：大GAI如此 周延世界音乐之旅香港站（Live）,230,"qqmusic://qq.com/media/playSonglist?p={""song"":[{""type"":""0"",""songmid"":""002I4EbZ29yeCl""}],""action"":""play""}",https://y.qq.com/n/ryqq/songDetail/002I4EbZ29yeCl
2018/10/17,1.53971E+12,0015EZbg3U8c94,218228113,天干物燥,GAI周延,000Ncx3S37S6Lr,4801845,乐人·Live：大GAI如此 周延世界音乐之旅香港站（Live）,160,"qqmusic://qq.com/media/playSonglist?p={""song"":[{""type"":""0"",""songmid"":""0015EZbg3U8c94""}],""action"":""play""}",https://y.qq.com/n/ryqq/songDetail/0015EZbg3U8c94
2018/10/17,1.53971E+12,00272cZK4dYGtt,218228110,垃圾话,GAI周延,000Ncx3S37S6Lr,4801845,乐人·Live：大GAI如此 周延世界音乐之旅香港站（Live）,213,"qqmusic://qq.com/media/playSonglist?p={""song"":[{""type"":""0"",""songmid"":""00272cZK4dYGtt""}],""action"":""play""}",https://y.qq.com/n/ryqq/songDetail/00272cZK4dYGtt
2018/10/17,1.53971E+12,000fin8g2SILWn,218228138,万里长城,GAI周延,000Ncx3S37S6Lr,4801845,乐人·Live：大GAI如此 周延世界音乐之旅香港站（Live）,217,"qqmusic://qq.com/media/playSonglist?p={""song"":[{""type"":""0"",""songmid"":""000fin8g2SILWn""}],""action"":""play""}",https://y.qq.com/n/ryqq/songDetail/000fin8g2SILWn
2018/10/17,1.53971E+12,000dbYla3UoaAA,218228114,圆周率,GAI周延,000Ncx3S37S6Lr,4801845,乐人·Live：大GAI如此 周延世界音乐之旅香港站（Live）,161,"qqmusic://qq.com/media/playSonglist?p={""song"":[{""type"":""0"",""songmid"":""000dbYla3UoaAA""}],""action"":""play""}",https://y.qq.com/n/ryqq/songDetail/000dbYla3UoaAA
2018/10/17,1.53971E+12,004XThiW2wDLqs,218228111,红旗车,GAI周延,000Ncx3S37S6Lr,4801845,乐人·Live：大GAI如此 周延世界音乐之旅香港站（Live）,174,"qqmusic://qq.com/media/playSonglist?p={""song"":[{""type"":""0"",""songmid"":""004XThiW2wDLqs""}],""action"":""play""}",https://y.qq.com/n/ryqq/songDetail/004XThiW2wDLqs
2018/10/17,1.53971E+12,002umNlE3Pt7xi,218228116,见字如面,GAI周延,000Ncx3S37S6Lr,4801845,乐人·Live：大GAI如此 周延世界音乐之旅香港站（Live）,198,"qqmusic://qq.com/media/playSonglist?p={""song"":[{""type"":""0"",""songmid"":""002umNlE3Pt7xi""}],""action"":""play""}",https://y.qq.com/n/ryqq/songDetail/002umNlE3Pt7xi
2018/10/17,1.53971E+12,0042ogpG4U6gR9,218228118,包间,GAI周延,000Ncx3S37S6Lr,4801845,乐人·Live：大GAI如此 周延世界音乐之旅香港站（Live）,182,"qqmusic://qq.com/media/playSonglist?p={""song"":[{""type"":""0"",""songmid"":""0042ogpG4U6gR9""}],""action"":""play""}",https://y.qq.com/n/ryqq/songDetail/0042ogpG4U6gR9
2018/12/12,1.54454E+12,004Jfebs0LYwiQ,224994822,光宗耀祖,GAI周延,002EnfxG419DWY,5562710,由你音乐榜样 第7期,188,"qqmusic://qq.com/media/playSonglist?p={""song"":[{""type"":""0"",""songmid"":""004Jfebs0LYwiQ""}],""action"":""play""}",https://y.qq.com/n/ryqq/songDetail/004Jfebs0LYwiQ
2018/12/17,1.54498E+12,0001x9lT3c7GqP,287729266,光宗耀祖,GAI周延,000EYlWF2YaiPO,15880846,由你音乐榜样 花絮合辑,188,"qqmusic://qq.com/media/playSonglist?p={""song"":[{""type"":""0"",""songmid"":""0001x9lT3c7GqP""}],""action"":""play""}",https://y.qq.com/n/ryqq/songDetail/0001x9lT3c7GqP
2019/1/5,1.54662E+12,004Zcko906HL1r,226743554,永不独行,GAI周延/艾热AIR,001mScqj1N79Te,5765310,永不独行,171,"qqmusic://qq.com/media/playSonglist?p={""song"":[{""type"":""0"",""songmid"":""004Zcko906HL1r""}],""action"":""play""}",https://y.qq.com/n/ryqq/songDetail/004Zcko906HL1r
2019/1/10,1.54705E+12,00283eMo3HFcQ8,227392788,大人物,GAI周延,000iaA9g12cfqs,5823918,大人物,234,"qqmusic://qq.com/media/playSonglist?p={""song"":[{""type"":""0"",""songmid"":""00283eMo3HFcQ8""}],""action"":""play""}",https://y.qq.com/n/ryqq/songDetail/00283eMo3HFcQ8
2019/1/10,1.54705E+12,000DU8iq0IhH0X,227392790,大人物,GAI周延,000iaA9g12cfqs,5823918,大人物,234,"qqmusic://qq.com/media/playSonglist?p={""song"":[{""type"":""0"",""songmid"":""000DU8iq0IhH0X""}],""action"":""play""}",https://y.qq.com/n/ryqq/songDetail/000DU8iq0IhH0X
2019/1/18,1.54774E+12,0035K4Y43mPQA0,227872058,在下霍元甲,GAI周延,001IgKT842qE9g,5869910,在下霍元甲,183,"qqmusic://qq.com/media/playSonglist?p={""song"":[{""type"":""0"",""songmid"":""0035K4Y43mPQA0""}],""action"":""play""}",https://y.qq.com/n/ryqq/songDetail/0035K4Y43mPQA0
2019/1/18,1.54774E+12,003arWz843OYHC,227872059,在下霍元甲,GAI周延,001IgKT842qE9g,5869910,在下霍元甲,183,"qqmusic://qq.com/media/playSonglist?p={""song"":[{""type"":""0"",""songmid"":""003arWz843OYHC""}],""action"":""play""}",https://y.qq.com/n/ryqq/songDetail/003arWz843OYHC
2019/4/22,1.55586E+12,001vXU9x30O7px,231596672,华夏,GAI周延,000ENJg21YyERd,6654611,华夏,197,"qqmusic://qq.com/media/playSonglist?p={""song"":[{""type"":""0"",""songmid"":""001vXU9x30O7px""}],""action"":""play""}",https://y.qq.com/n/ryqq/songDetail/001vXU9x30O7px
2019/4/22,1.55586E+12,001GMrU431y9sa,231596674,华夏,GAI周延,000ENJg21YyERd,6654611,华夏,197,"qqmusic://qq.com/media/playSonglist?p={""song"":[{""type"":""0"",""songmid"":""001GMrU431y9sa""}],""action"":""play""}",https://y.qq.com/n/ryqq/songDetail/001GMrU431y9sa
2019/6/25,1.56139E+12,001iLut449jEvs,233675978,混江湖,GAI周延,000HqZvj1OKdv9,7058916,混江湖,195,"qqmusic://qq.com/media/playSonglist?p={""song"":[{""type"":""0"",""songmid"":""001iLut449jEvs""}],""action"":""play""}",https://y.qq.com/n/ryqq/songDetail/001iLut449jEvs
2019/6/25,1.56139E+12,003cYgva2cncS1,233675977,混江湖,GAI周延,000HqZvj1OKdv9,7058916,混江湖,195,"qqmusic://qq.com/media/playSonglist?p={""song"":[{""type"":""0"",""songmid"":""003cYgva2cncS1""}],""action"":""play""}",https://y.qq.com/n/ryqq/songDetail/003cYgva2cncS1
2019/7/4,1.56217E+12,002QV8Gd41OK6K,233994248,天龙十二门,GAI周延,0002ETet2xOfhD,7102706,天龙十二门,221,"qqmusic://qq.com/media/playSonglist?p={""song"":[{""type"":""0"",""songmid"":""002QV8Gd41OK6K""}],""action"":""play""}",https://y.qq.com/n/ryqq/songDetail/002QV8Gd41OK6K
2019/7/4,1.56217E+12,002R8jWC1iK4rb,233994249,天龙十二门,GAI周延,0002ETet2xOfhD,7102706,天龙十二门,221,"qqmusic://qq.com/media/playSonglist?p={""song"":[{""type"":""0"",""songmid"":""002R8jWC1iK4rb""}],""action"":""play""}",https://y.qq.com/n/ryqq/songDetail/002R8jWC1iK4rb
2019/7/9,1.5626E+12,003iZcaW4MLUgT,232280262,不劳不获,黄子韬/GAI周延,0034ZfQw3LJFAQ,7143457,art is BLUE,210,"qqmusic://qq.com/media/playSonglist?p={""song"":[{""type"":""0"",""songmid"":""003iZcaW4MLUgT""}],""action"":""play""}",https://y.qq.com/n/ryqq/songDetail/003iZcaW4MLUgT
2019/7/13,1.56295E+12,002AsrO40MCS5d,234428361,哪吒,GAI周延/大痒痒,000657sU1wUTIM,7163930,哪吒,163,"qqmusic://qq.com/media/playSonglist?p={""song"":[{""type"":""0"",""songmid"":""002AsrO40MCS5d""}],""action"":""play""}",https://y.qq.com/n/ryqq/songDetail/002AsrO40MCS5d
2019/7/13,1.56295E+12,003ltAoH4cGy7S,234428362,哪吒,GAI周延/大痒痒,000657sU1wUTIM,7163930,哪吒,160,"qqmusic://qq.com/media/playSonglist?p={""song"":[{""type"":""0"",""songmid"":""003ltAoH4cGy7S""}],""action"":""play""}",https://y.qq.com/n/ryqq/songDetail/003ltAoH4cGy7S
2019/7/26,1.56407E+12,000tyOR048mMVg,234964629,投名状 (The Oath),GAI周延/盛宇D-SHINE/RANZER叶润泽,001uuOXB0fZY0Z,7240769,投名状（The Oath）,289,"qqmusic://qq.com/media/playSonglist?p={""song"":[{""type"":""0"",""songmid"":""000tyOR048mMVg""}],""action"":""play""}",https://y.qq.com/n/ryqq/songDetail/000tyOR048mMVg
2019/7/29,1.56433E+12,003qX6MQ3PFgSa,234993153,BIG BRO,GAI周延,000gMkP12JodY1,7246487,BIG BRO,157,"qqmusic://qq.com/media/playSonglist?p={""song"":[{""type"":""0"",""songmid"":""003qX6MQ3PFgSa""}],""action"":""play""}",https://y.qq.com/n/ryqq/songDetail/003qX6MQ3PFgSa
2019/7/29,1.56433E+12,00456FMV3Xiuvs,234993154,BIG BRO,GAI周延,000gMkP12JodY1,7246487,BIG BRO,157,"qqmusic://qq.com/media/playSonglist?p={""song"":[{""type"":""0"",""songmid"":""00456FMV3Xiuvs""}],""action"":""play""}",https://y.qq.com/n/ryqq/songDetail/00456FMV3Xiuvs
2019/8/22,1.5664E+12,004aktwz3phjK7,236479327,中！国！万！岁 ！,GAI周延,002CXAv83kIUgy,7551607,中！国！万！岁！,186,"qqmusic://qq.com/media/playSonglist?p={""song"":[{""type"":""0"",""songmid"":""004aktwz3phjK7""}],""action"":""play""}",https://y.qq.com/n/ryqq/songDetail/004aktwz3phjK7
2019/8/22,1.5664E+12,001kUkJA0DCOpQ,236479328,中！国！万！岁！,GAI周延,002CXAv83kIUgy,7551607,中！国！万！岁！,186,"qqmusic://qq.com/media/playSonglist?p={""song"":[{""type"":""0"",""songmid"":""001kUkJA0DCOpQ""}],""action"":""play""}",https://y.qq.com/n/ryqq/songDetail/001kUkJA0DCOpQ
2019/11/26,1.5747E+12,002GHVEC1Wgmkf,245599999,保险柜,小春Kenzy/GAI周延,003AQeEP0my560,9393449,啥款,180,"qqmusic://qq.com/media/playSonglist?p={""song"":[{""type"":""0"",""songmid"":""002GHVEC1Wgmkf""}],""action"":""play""}",https://y.qq.com/n/ryqq/songDetail/002GHVEC1Wgmkf
2019/12/18,1.5766E+12,002GBpye1R2CF0,247587618,有空一起吃饭,新裤子/GAI周延,004ZLJ2M1Xh75F,9662484,有空一起吃饭（问候版）,190,"qqmusic://qq.com/media/playSonglist?p={""song"":[{""type"":""0"",""songmid"":""002GBpye1R2CF0""}],""action"":""play""}",https://y.qq.com/n/ryqq/songDetail/002GBpye1R2CF0
2019/12/19,1.57668E+12,000WxV1V3E0Huy,247761401,有空一起吃饭,新裤子/GAI周延,003LMZP90kkgpN,9691562,有空一起吃饭（纯净版）,174,"qqmusic://qq.com/media/playSonglist?p={""song"":[{""type"":""0"",""songmid"":""000WxV1V3E0Huy""}],""action"":""play""}",https://y.qq.com/n/ryqq/songDetail/000WxV1V3E0Huy
2019/12/31,1.57772E+12,002AibyG2BmI3Z,248913991,哪吒 + 华夏,GAI周延,000FXC0p3Y5eVW,9889041,bilibili晚会 二零一九最美的夜,451,"qqmusic://qq.com/media/playSonglist?p={""song"":[{""type"":""0"",""songmid"":""002AibyG2BmI3Z""}],""action"":""play""}",https://y.qq.com/n/ryqq/songDetail/002AibyG2BmI3Z
2020/3/4,1.58325E+12,002PbeD412DFh0,255345051,脏班子GOSH MUSIC CYPHER 2020,GOSH/王嗣尧Turbo/希介/OG Rolly/布瑞吉Bridge/REGI陈彦希/王齐铭WatchMe/雾都L4WUDU/Daddy Eddy艾迪老爹/GAI周延,001u2duX2aRoU9,10835888,脏班子GOSH MUSIC CYPHER 2020,395,"qqmusic://qq.com/media/playSonglist?p={""song"":[{""type"":""0"",""songmid"":""002PbeD412DFh0""}],""action"":""play""}",https://y.qq.com/n/ryqq/songDetail/002PbeD412DFh0
2020/4/1,1.58567E+12,001ZSjVM27Gfem,256724861,乾坤暴躁,潘粤明/GAI周延,002AfDc12xucxG,11121263,乾坤暴躁（《龙岭迷窟》影视剧主题曲）,213,"qqmusic://qq.com/media/playSonglist?p={""song"":[{""type"":""0"",""songmid"":""001ZSjVM27Gfem""}],""action"":""play""}",https://y.qq.com/n/ryqq/songDetail/001ZSjVM27Gfem
2020/4/17,1.58705E+12,0012M4CU3VlyCe,258060114,烈火战马,GAI周延,003y427B2OxOnM,11351170,烈火战马 (Live),192,"qqmusic://qq.com/media/playSonglist?p={""song"":[{""type"":""0"",""songmid"":""0012M4CU3VlyCe""}],""action"":""play""}",https://y.qq.com/n/ryqq/songDetail/0012M4CU3VlyCe
2020/4/24,1.58766E+12,000Rv4zR0LRedR,259708657,极乐,GAI周延,0015hPYI3U7pvS,11531108,极乐 (Live),267,"qqmusic://qq.com/media/playSonglist?p={""song"":[{""type"":""0"",""songmid"":""000Rv4zR0LRedR""}],""action"":""play""}",https://y.qq.com/n/ryqq/songDetail/000Rv4zR0LRedR
2020/5/1,1.58826E+12,003p45A40yJUX8,261507750,蒙着眼睛走,GAI周延,0013c3tV4GoLn9,11767302,蒙着眼睛走 (Live),181,"qqmusic://qq.com/media/playSonglist?p={""song"":[{""type"":""0"",""songmid"":""003p45A40yJUX8""}],""action"":""play""}",https://y.qq.com/n/ryqq/songDetail/003p45A40yJUX8
2020/5/4,1.58852E+12,002u4xA63Q0ZhL,261700533,当潮不让,GAI周延,000tvz602DJ2vk,11811407,当潮不让,205,"qqmusic://qq.com/media/playSonglist?p={""song"":[{""type"":""0"",""songmid"":""002u4xA63Q0ZhL""}],""action"":""play""}",https://y.qq.com/n/ryqq/songDetail/002u4xA63Q0ZhL
2020/5/4,1.58852E+12,000WZc1U2QbGSR,261700534,当潮不让,GAI周延,000tvz602DJ2vk,11811407,当潮不让,205,"qqmusic://qq.com/media/playSonglist?p={""song"":[{""type"":""0"",""songmid"":""000WZc1U2QbGSR""}],""action"":""play""}",https://y.qq.com/n/ryqq/songDetail/000WZc1U2QbGSR
2020/5/8,1.58887E+12,002LZQd40X5aK7,263292790,兰花草,GAI周延,004SSVMq4MJZNG,12170419,兰花草 (Live),231,"qqmusic://qq.com/media/playSonglist?p={""song"":[{""type"":""0"",""songmid"":""002LZQd40X5aK7""}],""action"":""play""}",https://y.qq.com/n/ryqq/songDetail/002LZQd40X5aK7
2020/5/15,1.58947E+12,001KXvfq0QJVLd,264564697,别留,GAI周延,001cyLuf0F7DZY,12377249,别留 (Live),250,"qqmusic://qq.com/media/playSonglist?p={""song"":[{""type"":""0"",""songmid"":""001KXvfq0QJVLd""}],""action"":""play""}",https://y.qq.com/n/ryqq/songDetail/001KXvfq0QJVLd
2020/5/22,1.59008E+12,0011D0jH1oW8HX,265542341,untitled 3.30,GAI周延,004DW9wG0seyJ1,12479268,untitled 3.30 (Live),170,"qqmusic://qq.com/media/playSonglist?p={""song"":[{""type"":""0"",""songmid"":""0011D0jH1oW8HX""}],""action"":""play""}",https://y.qq.com/n/ryqq/songDetail/0011D0jH1oW8HX
2020/5/29,1.59068E+12,000xHWxU1MIDgN,267338201,没对,GAI周延,000OyhgY3KEnX9,12720597,没对 (Live),257,"qqmusic://qq.com/media/playSonglist?p={""song"":[{""type"":""0"",""songmid"":""000xHWxU1MIDgN""}],""action"":""play""}",https://y.qq.com/n/ryqq/songDetail/000xHWxU1MIDgN
2020/6/5,1.59129E+12,003PM62v4FyOqS,268102044,莲花,GAI周延,002NdW7w3NqaZk,12875692,莲花 (Live),236,"qqmusic://qq.com/media/playSonglist?p={""song"":[{""type"":""0"",""songmid"":""003PM62v4FyOqS""}],""action"":""play""}",https://y.qq.com/n/ryqq/songDetail/003PM62v4FyOqS
2020/6/26,1.5931E+12,002RQtWD1EePDj,269758817,这就是生活,GAI周延,0003qO5u293Z9a,13134056,这就是生活 (Live),232,"qqmusic://qq.com/media/playSonglist?p={""song"":[{""type"":""0"",""songmid"":""002RQtWD1EePDj""}],""action"":""play""}",https://y.qq.com/n/ryqq/songDetail/002RQtWD1EePDj
2020/7/10,1.59431E+12,001zOdHc1tKaen,387921801,Untitled 3.30,GAI周延,004GXdqR4dKmJt,33536201,Untitled 3.30,139,"qqmusic://qq.com/media/playSonglist?p={""song"":[{""type"":""0"",""songmid"":""001zOdHc1tKaen""}],""action"":""play""}",https://y.qq.com/n/ryqq/songDetail/001zOdHc1tKaen
2020/7/24,1.59552E+12,002w9RbX4QQR5G,272871220,Open The Night,GAI周延,002n9EHl05CJQX,13835608,Open The Night (The Chainsmokers x 乐堡开躁 Official Mix),194,"qqmusic://qq.com/media/playSonglist?p={""song"":[{""type"":""0"",""songmid"":""002w9RbX4QQR5G""}],""action"":""play""}",https://y.qq.com/n/ryqq/songDetail/002w9RbX4QQR5G
2020/8/9,1.5969E+12,003wIYwA4e9p4l,274299163,一念永恒,GAI周延,000ACFXb3ufmOh,14102600,一念永恒,216,"qqmusic://qq.com/media/playSonglist?p={""song"":[{""type"":""0"",""songmid"":""003wIYwA4e9p4l""}],""action"":""play""}",https://y.qq.com/n/ryqq/songDetail/003wIYwA4e9p4l
2020/8/9,1.5969E+12,0034SHox3XKLII,274299178,一念永恒,GAI周延,000ACFXb3ufmOh,14102600,一念永恒,216,"qqmusic://qq.com/media/playSonglist?p={""song"":[{""type"":""0"",""songmid"":""0034SHox3XKLII""}],""action"":""play""}",https://y.qq.com/n/ryqq/songDetail/0034SHox3XKLII
2020/8/9,1.5969E+12,001hCBrV48LYPp,274299176,一念永恒,GAI周延,000ACFXb3ufmOh,14102600,一念永恒,216,"qqmusic://qq.com/media/playSonglist?p={""song"":[{""type"":""0"",""songmid"":""001hCBrV48LYPp""}],""action"":""play""}",https://y.qq.com/n/ryqq/songDetail/001hCBrV48LYPp
2020/8/13,1.59725E+12,002jD2Q83NmcPJ,274509900,任逍遥,GAI周延,000t5N7W1vVryE,14139538,任逍遥,242,"qqmusic://qq.com/media/playSonglist?p={""song"":[{""type"":""0"",""songmid"":""002jD2Q83NmcPJ""}],""action"":""play""}",https://y.qq.com/n/ryqq/songDetail/002jD2Q83NmcPJ
2020/8/13,1.59725E+12,001d3CMU1q2Mzt,274509875,任逍遥,GAI周延,000t5N7W1vVryE,14139538,任逍遥,242,"qqmusic://qq.com/media/playSonglist?p={""song"":[{""type"":""0"",""songmid"":""001d3CMU1q2Mzt""}],""action"":""play""}",https://y.qq.com/n/ryqq/songDetail/001d3CMU1q2Mzt
2020/8/13,1.59725E+12,004O4Dvm1Q3Odc,274509903,任逍遥,GAI周延,000t5N7W1vVryE,14139538,任逍遥,242,"qqmusic://qq.com/media/playSonglist?p={""song"":[{""type"":""0"",""songmid"":""004O4Dvm1Q3Odc""}],""action"":""play""}",https://y.qq.com/n/ryqq/songDetail/004O4Dvm1Q3Odc
2020/8/14,1.59733E+12,001mGg4J3Z1zFB,421787005,RAPSTAR,朴宰范/潘玮柏/张靓颖/GAI周延,004di43J47Hls9,16201565,中国新说唱2020 第1期 (阿卡贝拉),340,"qqmusic://qq.com/media/playSonglist?p={""song"":[{""type"":""0"",""songmid"":""001mGg4J3Z1zFB""}],""action"":""play""}",https://y.qq.com/n/ryqq/songDetail/001mGg4J3Z1zFB
2020/8/18,1.59768E+12,002PfOT02jp9on,274661819,反伍,GAI周延,004X88sZ1QZoWC,14167129,反伍,199,"qqmusic://qq.com/media/playSonglist?p={""song"":[{""type"":""0"",""songmid"":""002PfOT02jp9on""}],""action"":""play""}",https://y.qq.com/n/ryqq/songDetail/002PfOT02jp9on
2020/9/2,1.59898E+12,001ftpNH0PK2nF,334576595,沧海一声笑,GAI周延/刘煜,001cSluy0TvILU,23740767,沧海一声笑,316,"qqmusic://qq.com/media/playSonglist?p={""song"":[{""type"":""0"",""songmid"":""001ftpNH0PK2nF""}],""action"":""play""}",https://y.qq.com/n/ryqq/songDetail/001ftpNH0PK2nF
2020/9/11,1.59975E+12,0003NtAY3PGQ65,333976082,烈火战马 + 空城计 + 重庆魂,GAI周延,001BkxjA2jVD43,23681184,中国新说唱2020 第5期,341,"qqmusic://qq.com/media/playSonglist?p={""song"":[{""type"":""0"",""songmid"":""0003NtAY3PGQ65""}],""action"":""play""}",https://y.qq.com/n/ryqq/songDetail/0003NtAY3PGQ65
2020/10/2,1.60157E+12,003wDkz13gJN73,334576867,亢龙有悔,GAI周延/Wale/希介/王齐铭WatchMe,000lU7QV27B2Uu,23740994,中国新说唱2020 第8期,294,"qqmusic://qq.com/media/playSonglist?p={""song"":[{""type"":""0"",""songmid"":""003wDkz13gJN73""}],""action"":""play""}",https://y.qq.com/n/ryqq/songDetail/003wDkz13gJN73
2020/10/25,1.60356E+12,0003Uiss3O5yg5,281473762,不让我的眼泪陪我过夜,孙楠/GAI周延,003s1NJk3PrZ84,15185432,中国梦之声·我们的歌第二季 第3期,263,"qqmusic://qq.com/media/playSonglist?p={""song"":[{""type"":""0"",""songmid"":""0003Uiss3O5yg5""}],""action"":""play""}",https://y.qq.com/n/ryqq/songDetail/0003Uiss3O5yg5
2020/10/25,1.60356E+12,002aP5LU0l52rD,281474748,给自己的歌,GAI周延,003s1NJk3PrZ84,15185432,中国梦之声·我们的歌第二季 第3期,120,"qqmusic://qq.com/media/playSonglist?p={""song"":[{""type"":""0"",""songmid"":""002aP5LU0l52rD""}],""action"":""play""}",https://y.qq.com/n/ryqq/songDetail/002aP5LU0l52rD
2020/10/25,1.60356E+12,001Fmczs0Htowv,281473764,不让我的眼泪陪我过夜,孙楠/GAI周延,003s1NJk3PrZ84,15185432,中国梦之声·我们的歌第二季 第3期,263,"qqmusic://qq.com/media/playSonglist?p={""song"":[{""type"":""0"",""songmid"":""001Fmczs0Htowv""}],""action"":""play""}",https://y.qq.com/n/ryqq/songDetail/001Fmczs0Htowv
2020/10/25,1.60356E+12,000SzNHq4ckZTQ,281474749,给自己的歌,GAI周延,003s1NJk3PrZ84,15185432,中国梦之声·我们的歌第二季 第3期,120,"qqmusic://qq.com/media/playSonglist?p={""song"":[{""type"":""0"",""songmid"":""000SzNHq4ckZTQ""}],""action"":""play""}",https://y.qq.com/n/ryqq/songDetail/000SzNHq4ckZTQ
2020/10/30,1.60399E+12,00288RIm0Ap0HH,288672423,投名状,GAI周延/王齐铭WatchMe,003AFlLx3KYiTR,16039392,中国新说唱2020 第12期,245,"qqmusic://qq.com/media/playSonglist?p={""song"":[{""type"":""0"",""songmid"":""00288RIm0Ap0HH""}],""action"":""play""}",https://y.qq.com/n/ryqq/songDetail/00288RIm0Ap0HH
2020/11/1,1.60416E+12,0017U3pE4ZdzHU,282621243,没那种命,陈小春/GAI周延,00397Jhs10CKrJ,15333365,中国梦之声·我们的歌第二季 第4期,259,"qqmusic://qq.com/media/playSonglist?p={""song"":[{""type"":""0"",""songmid"":""0017U3pE4ZdzHU""}],""action"":""play""}",https://y.qq.com/n/ryqq/songDetail/0017U3pE4ZdzHU
2020/11/1,1.60416E+12,003hyXNu4AiKqN,282621245,友情岁月,陈小春/GAI周延,00397Jhs10CKrJ,15333365,中国梦之声·我们的歌第二季 第4期,280,"qqmusic://qq.com/media/playSonglist?p={""song"":[{""type"":""0"",""songmid"":""003hyXNu4AiKqN""}],""action"":""play""}",https://y.qq.com/n/ryqq/songDetail/003hyXNu4AiKqN
2020/11/1,1.60416E+12,000akT1C49BeB1,282621347,友情岁月,陈小春/GAI周延,00397Jhs10CKrJ,15333365,中国梦之声·我们的歌第二季 第4期,280,"qqmusic://qq.com/media/playSonglist?p={""song"":[{""type"":""0"",""songmid"":""000akT1C49BeB1""}],""action"":""play""}",https://y.qq.com/n/ryqq/songDetail/000akT1C49BeB1
2020/11/1,1.60416E+12,0038U9Bg2Xx1Bj,282621345,没那种命,陈小春/GAI周延,00397Jhs10CKrJ,15333365,中国梦之声·我们的歌第二季 第4期,259,"qqmusic://qq.com/media/playSonglist?p={""song"":[{""type"":""0"",""songmid"":""0038U9Bg2Xx1Bj""}],""action"":""play""}",https://y.qq.com/n/ryqq/songDetail/0038U9Bg2Xx1Bj
2020/11/19,1.60572E+12,003J4SoF1BSQZ2,284854724,吆不到台,王源/GAI周延,003zybmq43AuGP,15626490,「朝暮」王源20岁的一天ONLINE·LIVE辑,156,"qqmusic://qq.com/media/playSonglist?p={""song"":[{""type"":""0"",""songmid"":""003J4SoF1BSQZ2""}],""action"":""play""}",https://y.qq.com/n/ryqq/songDetail/003J4SoF1BSQZ2
2020/11/22,1.60597E+12,000zF70n0nDFeE,285433777,乱世巨星,陈小春/常石磊/GAI周延/王源,003D7OSN32RQev,15691214,中国梦之声·我们的歌第二季 第7期,349,"qqmusic://qq.com/media/playSonglist?p={""song"":[{""type"":""0"",""songmid"":""000zF70n0nDFeE""}],""action"":""play""}",https://y.qq.com/n/ryqq/songDetail/000zF70n0nDFeE
2020/11/22,1.60597E+12,004aaMGk0pDQ7H,285433780,爱上一个不回家的人,常石磊/GAI周延/王源,003D7OSN32RQev,15691214,中国梦之声·我们的歌第二季 第7期,235,"qqmusic://qq.com/media/playSonglist?p={""song"":[{""type"":""0"",""songmid"":""004aaMGk0pDQ7H""}],""action"":""play""}",https://y.qq.com/n/ryqq/songDetail/004aaMGk0pDQ7H
2020/11/22,1.60597E+12,002cI8rp0soHMm,285434553,爱上一个不回家的人,常石磊/GAI周延/王源,003D7OSN32RQev,15691214,中国梦之声·我们的歌第二季 第7期,235,"qqmusic://qq.com/media/playSonglist?p={""song"":[{""type"":""0"",""songmid"":""002cI8rp0soHMm""}],""action"":""play""}",https://y.qq.com/n/ryqq/songDetail/002cI8rp0soHMm
2020/11/22,1.60597E+12,003sk1gM40bnOV,285434552,乱世巨星,陈小春/常石磊/GAI周延/王源,003D7OSN32RQev,15691214,中国梦之声·我们的歌第二季 第7期,349,"qqmusic://qq.com/media/playSonglist?p={""song"":[{""type"":""0"",""songmid"":""003sk1gM40bnOV""}],""action"":""play""}",https://y.qq.com/n/ryqq/songDetail/003sk1gM40bnOV
2020/11/29,1.60658E+12,0038nyIo0ZCwGt,286704269,岁月留声,陈小春/常石磊/GAI周延/王源,004X8h9B13o3dt,15801316,中国梦之声·我们的歌第二季 第8期,343,"qqmusic://qq.com/media/playSonglist?p={""song"":[{""type"":""0"",""songmid"":""0038nyIo0ZCwGt""}],""action"":""play""}",https://y.qq.com/n/ryqq/songDetail/0038nyIo0ZCwGt
2020/11/29,1.60658E+12,0016YtLV2KRGNx,286704268,侧面,陈小春/GAI周延,004X8h9B13o3dt,15801316,中国梦之声·我们的歌第二季 第8期,200,"qqmusic://qq.com/media/playSonglist?p={""song"":[{""type"":""0"",""songmid"":""0016YtLV2KRGNx""}],""action"":""play""}",https://y.qq.com/n/ryqq/songDetail/0016YtLV2KRGNx
2020/11/29,1.60658E+12,001y4NZt2GnKEs,286704380,侧面,陈小春/GAI周延,004X8h9B13o3dt,15801316,中国梦之声·我们的歌第二季 第8期,200,"qqmusic://qq.com/media/playSonglist?p={""song"":[{""type"":""0"",""songmid"":""001y4NZt2GnKEs""}],""action"":""play""}",https://y.qq.com/n/ryqq/songDetail/001y4NZt2GnKEs
2020/11/29,1.60658E+12,003PlMos3JLOXn,286704388,岁月留声,陈小春/常石磊/GAI周延/王源,004X8h9B13o3dt,15801316,中国梦之声·我们的歌第二季 第8期,343,"qqmusic://qq.com/media/playSonglist?p={""song"":[{""type"":""0"",""songmid"":""003PlMos3JLOXn""}],""action"":""play""}",https://y.qq.com/n/ryqq/songDetail/003PlMos3JLOXn
2020/11/30,1.60667E+12,0002xeJS0Xy636,286224947,凡人歌,GAI周延,004Zw5Xj2TAJuz,15767083,凡人歌,222,"qqmusic://qq.com/media/playSonglist?p={""song"":[{""type"":""0"",""songmid"":""0002xeJS0Xy636""}],""action"":""play""}",https://y.qq.com/n/ryqq/songDetail/0002xeJS0Xy636
2020/11/30,1.60667E+12,003HQ2fT0Nz9ow,286224951,凡人歌,GAI周延,004Zw5Xj2TAJuz,15767083,凡人歌,222,"qqmusic://qq.com/media/playSonglist?p={""song"":[{""type"":""0"",""songmid"":""003HQ2fT0Nz9ow""}],""action"":""play""}",https://y.qq.com/n/ryqq/songDetail/003HQ2fT0Nz9ow
2020/11/30,1.60667E+12,002Lhtu71jc8dH,286224949,凡人歌,GAI周延,004Zw5Xj2TAJuz,15767083,凡人歌,222,"qqmusic://qq.com/media/playSonglist?p={""song"":[{""type"":""0"",""songmid"":""002Lhtu71jc8dH""}],""action"":""play""}",https://y.qq.com/n/ryqq/songDetail/002Lhtu71jc8dH
2020/12/5,1.6071E+12,00400NRp40t3z8,287863340,Let's Go (feat. GAI),VaVa毛衍七/GAI周延,002tdz271KMsOj,15896207,Let's Go (feat. GAI),172,"qqmusic://qq.com/media/playSonglist?p={""song"":[{""type"":""0"",""songmid"":""00400NRp40t3z8""}],""action"":""play""}",https://y.qq.com/n/ryqq/songDetail/00400NRp40t3z8
2020/12/20,1.60839E+12,0029cipi2tWMW5,290795362,神啊 救救我,陈小春/GAI周延,004VOQeB1EY7oL,16381943,中国梦之声·我们的歌第二季 第11期,325,"qqmusic://qq.com/media/playSonglist?p={""song"":[{""type"":""0"",""songmid"":""0029cipi2tWMW5""}],""action"":""play""}",https://y.qq.com/n/ryqq/songDetail/0029cipi2tWMW5
2020/12/20,1.60839E+12,000tRXcL11xTas,290795359,卡拉永远OK,谭咏麟/陈小春/孙楠/CoCo李玟/常石磊/张信哲/GAI周延/郑云龙/Ghost (王琳凯)/王源/太一,004VOQeB1EY7oL,16381943,中国梦之声·我们的歌第二季 第11期,241,"qqmusic://qq.com/media/playSonglist?p={""song"":[{""type"":""0"",""songmid"":""000tRXcL11xTas""}],""action"":""play""}",https://y.qq.com/n/ryqq/songDetail/000tRXcL11xTas
2020/12/20,1.60839E+12,000L5O6L4PrEpM,290795740,神啊 救救我,陈小春/GAI周延,004VOQeB1EY7oL,16381943,中国梦之声·我们的歌第二季 第11期,325,"qqmusic://qq.com/media/playSonglist?p={""song"":[{""type"":""0"",""songmid"":""000L5O6L4PrEpM""}],""action"":""play""}",https://y.qq.com/n/ryqq/songDetail/000L5O6L4PrEpM
2020/12/20,1.60839E+12,0046iWqU1uS28r,290795737,卡拉永远OK,谭咏麟/陈小春/孙楠/CoCo李玟/常石磊/张信哲/GAI周延/郑云龙/Ghost (王琳凯)/王源/太一,004VOQeB1EY7oL,16381943,中国梦之声·我们的歌第二季 第11期,241,"qqmusic://qq.com/media/playSonglist?p={""song"":[{""type"":""0"",""songmid"":""0046iWqU1uS28r""}],""action"":""play""}",https://y.qq.com/n/ryqq/songDetail/0046iWqU1uS28r
2020/12/23,1.60865E+12,004PLrn72NYOoQ,290975562,Let's Go (feat.GAI),VaVa毛衍七/GAI周延,004WyucQ2vSvnp,16423795,朝歌暮宴 V-Dynasty 上卷,172,"qqmusic://qq.com/media/playSonglist?p={""song"":[{""type"":""0"",""songmid"":""004PLrn72NYOoQ""}],""action"":""play""}",https://y.qq.com/n/ryqq/songDetail/004PLrn72NYOoQ
2020/12/27,1.609E+12,001AGqzU3a3aHj,291397478,万里长城永不倒,陈小春/GAI周延,001jMudH3aMmc1,16475794,中国梦之声·我们的歌第二季 第12期,311,"qqmusic://qq.com/media/playSonglist?p={""song"":[{""type"":""0"",""songmid"":""001AGqzU3a3aHj""}],""action"":""play""}",https://y.qq.com/n/ryqq/songDetail/001AGqzU3a3aHj
2020/12/27,1.609E+12,002JjEq80JQfsP,291397485,朋友,谭咏麟/陈小春/孙楠/CoCo李玟/常石磊/张信哲/G.E.M.邓紫棋/GAI周延/郑云龙/Ghost (王琳凯)/王源/太一,001jMudH3aMmc1,16475794,中国梦之声·我们的歌第二季 第12期,280,"qqmusic://qq.com/media/playSonglist?p={""song"":[{""type"":""0"",""songmid"":""002JjEq80JQfsP""}],""action"":""play""}",https://y.qq.com/n/ryqq/songDetail/002JjEq80JQfsP
2020/12/27,1.609E+12,004IHXT33awe9H,291397800,朋友,谭咏麟/陈小春/孙楠/CoCo李玟/常石磊/张信哲/G.E.M.邓紫棋/GAI周延/郑云龙/Ghost (王琳凯)/王源/太一,001jMudH3aMmc1,16475794,中国梦之声·我们的歌第二季 第12期,280,"qqmusic://qq.com/media/playSonglist?p={""song"":[{""type"":""0"",""songmid"":""004IHXT33awe9H""}],""action"":""play""}",https://y.qq.com/n/ryqq/songDetail/004IHXT33awe9H
2020/12/27,1.609E+12,000q5GrN4Hi0s3,291397818,万里长城永不倒,陈小春/GAI周延,001jMudH3aMmc1,16475794,中国梦之声·我们的歌第二季 第12期,311,"qqmusic://qq.com/media/playSonglist?p={""song"":[{""type"":""0"",""songmid"":""000q5GrN4Hi0s3""}],""action"":""play""}",https://y.qq.com/n/ryqq/songDetail/000q5GrN4Hi0s3
2020/12/28,1.60908E+12,004XBbwO32NmLI,291417347,爱江山更爱美人,GAI周延/VaVa毛衍七/威尔Will.T,003Jgy6w2CIfzl,16493489,爱江山更爱美人,293,"qqmusic://qq.com/media/playSonglist?p={""song"":[{""type"":""0"",""songmid"":""004XBbwO32NmLI""}],""action"":""play""}",https://y.qq.com/n/ryqq/songDetail/004XBbwO32NmLI
2020/12/30,1.60926E+12,000aQfR22qd2UH,279640295,黑卡 (BLACK CARD),黄子韬/GAI周延,0011VsU40qn9MG,16543577,失眠,223,"qqmusic://qq.com/media/playSonglist?p={""song"":[{""type"":""0"",""songmid"":""000aQfR22qd2UH""}],""action"":""play""}",https://y.qq.com/n/ryqq/songDetail/000aQfR22qd2UH
2021/1/7,1.60995E+12,00370xbi3qXgmH,292641878,赤子心,GAI周延,000WmX983ss1Pd,16723598,赤子心,201,"qqmusic://qq.com/media/playSonglist?p={""song"":[{""type"":""0"",""songmid"":""00370xbi3qXgmH""}],""action"":""play""}",https://y.qq.com/n/ryqq/songDetail/00370xbi3qXgmH
2021/1/31,1.61202E+12,000tjmKy2KZi8G,295805104,没有人在乎,汪峰/张艺兴/GAI周延,004RuYRP2gBQlT,17238599,没有人在乎,222,"qqmusic://qq.com/media/playSonglist?p={""song"":[{""type"":""0"",""songmid"":""000tjmKy2KZi8G""}],""action"":""play""}",https://y.qq.com/n/ryqq/songDetail/000tjmKy2KZi8G
2021/2/5,1.61245E+12,0011Me8A0JSQrv,296971836,兰花草,GAI周延,00151T621ThPul,17406217,烻,227,"qqmusic://qq.com/media/playSonglist?p={""song"":[{""type"":""0"",""songmid"":""0011Me8A0JSQrv""}],""action"":""play""}",https://y.qq.com/n/ryqq/songDetail/0011Me8A0JSQrv
2021/2/5,1.61245E+12,002mSfr03oMsHa,296971844,烈火战马,GAI周延,00151T621ThPul,17406217,烻,189,"qqmusic://qq.com/media/playSonglist?p={""song"":[{""type"":""0"",""songmid"":""002mSfr03oMsHa""}],""action"":""play""}",https://y.qq.com/n/ryqq/songDetail/002mSfr03oMsHa
2021/2/5,1.61245E+12,001UitCd1Oy2ZU,296971840,莲花,GAI周延,00151T621ThPul,17406217,烻,238,"qqmusic://qq.com/media/playSonglist?p={""song"":[{""type"":""0"",""songmid"":""001UitCd1Oy2ZU""}],""action"":""play""}",https://y.qq.com/n/ryqq/songDetail/001UitCd1Oy2ZU
2021/2/5,1.61245E+12,000niPGi3vHqe2,296971839,这就是生活,GAI周延,00151T621ThPul,17406217,烻,234,"qqmusic://qq.com/media/playSonglist?p={""song"":[{""type"":""0"",""songmid"":""000niPGi3vHqe2""}],""action"":""play""}",https://y.qq.com/n/ryqq/songDetail/000niPGi3vHqe2
2021/2/5,1.61245E+12,003rYnaJ4dqMNh,296971835,Untitled3.30,GAI周延,00151T621ThPul,17406217,烻,170,"qqmusic://qq.com/media/playSonglist?p={""song"":[{""type"":""0"",""songmid"":""003rYnaJ4dqMNh""}],""action"":""play""}",https://y.qq.com/n/ryqq/songDetail/003rYnaJ4dqMNh
2021/2/5,1.61245E+12,0044mISc3qAnZM,296971843,别留,GAI周延,00151T621ThPul,17406217,烻,251,"qqmusic://qq.com/media/playSonglist?p={""song"":[{""type"":""0"",""songmid"":""0044mISc3qAnZM""}],""action"":""play""}",https://y.qq.com/n/ryqq/songDetail/0044mISc3qAnZM
2021/2/5,1.61245E+12,002wkx4G1Ka7jn,296971845,极乐,GAI周延,00151T621ThPul,17406217,烻,267,"qqmusic://qq.com/media/playSonglist?p={""song"":[{""type"":""0"",""songmid"":""002wkx4G1Ka7jn""}],""action"":""play""}",https://y.qq.com/n/ryqq/songDetail/002wkx4G1Ka7jn
2021/2/5,1.61245E+12,001SNVEe3Ebnf1,296971842,蒙着眼睛走,GAI周延,00151T621ThPul,17406217,烻,180,"qqmusic://qq.com/media/playSonglist?p={""song"":[{""type"":""0"",""songmid"":""001SNVEe3Ebnf1""}],""action"":""play""}",https://y.qq.com/n/ryqq/songDetail/001SNVEe3Ebnf1
2021/2/5,1.61245E+12,001aZoAg0ka5Zg,296971837,没对,GAI周延,00151T621ThPul,17406217,烻,254,"qqmusic://qq.com/media/playSonglist?p={""song"":[{""type"":""0"",""songmid"":""001aZoAg0ka5Zg""}],""action"":""play""}",https://y.qq.com/n/ryqq/songDetail/001aZoAg0ka5Zg
2021/2/9,1.6128E+12,0033BR6N4LytGG,297518569,蒙着眼睛走,GAI周延/功夫胖KUNGFU-PEN,003wEEbB21nus1,17490797,蒙着眼睛走,222,"qqmusic://qq.com/media/playSonglist?p={""song"":[{""type"":""0"",""songmid"":""0033BR6N4LytGG""}],""action"":""play""}",https://y.qq.com/n/ryqq/songDetail/0033BR6N4LytGG
2021/2/16,1.6134E+12,000JYuCC1lSu9a,295825257,刺,GAI周延,0022wHDG0P60L3,17599663,刺杀小说家 电影原声大碟,165,"qqmusic://qq.com/media/playSonglist?p={""song"":[{""type"":""0"",""songmid"":""000JYuCC1lSu9a""}],""action"":""play""}",https://y.qq.com/n/ryqq/songDetail/000JYuCC1lSu9a
2021/4/9,1.6179E+12,001CcjnV0C9mD7,300467306,我们十年,GAI周延,0020vJHo4PaOmO,18929000,荣耀乒乓 电视剧原声带,226,"qqmusic://qq.com/media/playSonglist?p={""song"":[{""type"":""0"",""songmid"":""001CcjnV0C9mD7""}],""action"":""play""}",https://y.qq.com/n/ryqq/songDetail/001CcjnV0C9mD7
2021/5/2,1.61988E+12,000pDXEJ2vpYOy,434982097,烈火战马+凡人歌+三年二班,CYJ/黄旭/TizzyT/GAI周延,00290d9G0Zsso7,41710747,乱Cypher,104,"qqmusic://qq.com/media/playSonglist?p={""song"":[{""type"":""0"",""songmid"":""000pDXEJ2vpYOy""}],""action"":""play""}",https://y.qq.com/n/ryqq/songDetail/000pDXEJ2vpYOy
2021/6/20,1.62412E+12,000AyUFW4VMvQ2,303341032,无畏,GAI周延,002mpOQ70YXALc,20379425,了不起的老爸 电影原声带,258,"qqmusic://qq.com/media/playSonglist?p={""song"":[{""type"":""0"",""songmid"":""000AyUFW4VMvQ2""}],""action"":""play""}",https://y.qq.com/n/ryqq/songDetail/000AyUFW4VMvQ2
2021/6/20,1.62412E+12,000rbm3G0zOoqU,303341030,无畏,GAI周延,002mpOQ70YXALc,20379425,了不起的老爸 电影原声带,258,"qqmusic://qq.com/media/playSonglist?p={""song"":[{""type"":""0"",""songmid"":""000rbm3G0zOoqU""}],""action"":""play""}",https://y.qq.com/n/ryqq/songDetail/000rbm3G0zOoqU
2021/8/11,1.62861E+12,003sKyvH27mpJj,319899465,Call me by Fire,敖犬/白举纲/布瑞吉Bridge/陈小春/陈辉/高瀚宇/黄贯中/黄征/胡海泉/林志炫/林晓峰/梁汉文/李云迪/李承铉/刘端端/李铢衔James/KEY.L刘聪/刘迦/李响/麦亨利/欧阳靖/MC HotDog 热狗/Ricky/谢天华/言承旭/尹正/张智霖/赵文卓/张晋/张淇/GAI周延/张云龙,003WWlcp1Xajzv,21448354,Call me by Fire,318,"qqmusic://qq.com/media/playSonglist?p={""song"":[{""type"":""0"",""songmid"":""003sKyvH27mpJj""}],""action"":""play""}",https://y.qq.com/n/ryqq/songDetail/003sKyvH27mpJj
2021/8/11,1.62861E+12,000bB5lD4Hg9Ck,319899466,Call me by Fire,敖犬/白举纲/布瑞吉Bridge/陈小春/陈辉/高瀚宇/黄贯中/黄征/胡海泉/林志炫/林晓峰/梁汉文/李云迪/李承铉/刘端端/李铢衔James/KEY.L刘聪/刘迦/李响/麦亨利/欧阳靖/MC HotDog 热狗/Ricky/谢天华/言承旭/尹正/张智霖/赵文卓/张晋/张淇/GAI周延/张云龙,003WWlcp1Xajzv,21448354,Call me by Fire,318,"qqmusic://qq.com/media/playSonglist?p={""song"":[{""type"":""0"",""songmid"":""000bB5lD4Hg9Ck""}],""action"":""play""}",https://y.qq.com/n/ryqq/songDetail/000bB5lD4Hg9Ck
2021/8/11,1.62861E+12,003tdpUV2bjYka,319899467,Call me by Fire,敖犬/白举纲/布瑞吉Bridge/陈小春/陈辉/高瀚宇/黄贯中/黄征/胡海泉/林志炫/林晓峰/梁汉文/李云迪/李承铉/刘端端/李铢衔James/KEY.L刘聪/刘迦/李响/麦亨利/欧阳靖/MC HotDog 热狗/Ricky/谢天华/言承旭/尹正/张智霖/赵文卓/张晋/张淇/GAI周延/张云龙,003WWlcp1Xajzv,21448354,Call me by Fire,318,"qqmusic://qq.com/media/playSonglist?p={""song"":[{""type"":""0"",""songmid"":""003tdpUV2bjYka""}],""action"":""play""}",https://y.qq.com/n/ryqq/songDetail/003tdpUV2bjYka
2021/8/13,1.62878E+12,003Sc3sR1ZZ5O3,320261005,差不多先生 + Brother Man + 爱就爱了 + 沧海一声笑 + 哥哥在哪？,MC HotDog 热狗/欧阳靖/布瑞吉Bridge/GAI周延/KEY.L刘聪,00149MW74BOlyL,21522953,披荆斩棘的哥哥 第1期,373,"qqmusic://qq.com/media/playSonglist?p={""song"":[{""type"":""0"",""songmid"":""003Sc3sR1ZZ5O3""}],""action"":""play""}",https://y.qq.com/n/ryqq/songDetail/003Sc3sR1ZZ5O3
2021/8/14,1.62887E+12,002z1zl22nLJ8z,320299916,无畏,GAI周延/VaVa毛衍七/TizzyT/王以太/盛宇D-SHINE,003YN1kQ2iIJT5,21532827,少年说唱企划 第三期,299,"qqmusic://qq.com/media/playSonglist?p={""song"":[{""type"":""0"",""songmid"":""002z1zl22nLJ8z""}],""action"":""play""}",https://y.qq.com/n/ryqq/songDetail/002z1zl22nLJ8z
2021/8/19,1.6293E+12,003qG8GQ3ltB6b,320576935,Get Together (feat. GAI周延 ),David Guetta/GAI周延,003RuQ9Q2PqEIQ,21581100,Get Together (feat. GAI周延 ) [乐堡开躁 Mix],183,"qqmusic://qq.com/media/playSonglist?p={""song"":[{""type"":""0"",""songmid"":""003qG8GQ3ltB6b""}],""action"":""play""}",https://y.qq.com/n/ryqq/songDetail/003qG8GQ3ltB6b
2021/8/26,1.62991E+12,004anuKA4D9N1W,321500674,站在高岗上,布瑞吉Bridge/GAI周延/Ricky,0024kBbU1CnWUr,21761614,披荆斩棘的哥哥 第3期,244,"qqmusic://qq.com/media/playSonglist?p={""song"":[{""type"":""0"",""songmid"":""004anuKA4D9N1W""}],""action"":""play""}",https://y.qq.com/n/ryqq/songDetail/004anuKA4D9N1W
2021/8/28,1.63008E+12,0012N9Wj4eFSG3,319693617,理·想,GAI周延,000RT0HG3N9DUV,21738681,扫黑风暴 电视剧音乐合集,206,"qqmusic://qq.com/media/playSonglist?p={""song"":[{""type"":""0"",""songmid"":""0012N9Wj4eFSG3""}],""action"":""play""}",https://y.qq.com/n/ryqq/songDetail/0012N9Wj4eFSG3
2021/9/9,1.63112E+12,003pBaR64TsAoy,323299726,你要如何我们就如何,GAI周延/林晓峰/谢天华/布瑞吉Bridge/陈小春/梁汉文,002nYRYo2iGiIN,22028217,披荆斩棘的哥哥 第5期,275,"qqmusic://qq.com/media/playSonglist?p={""song"":[{""type"":""0"",""songmid"":""003pBaR64TsAoy""}],""action"":""play""}",https://y.qq.com/n/ryqq/songDetail/003pBaR64TsAoy
2021/9/9,1.63112E+12,003lKIWa2IBXwL,323176186,往事只能回味,陈小春/谢天华/张智霖/梁汉文/GAI周延/布瑞吉Bridge,002nYRYo2iGiIN,22028217,披荆斩棘的哥哥 第5期,270,"qqmusic://qq.com/media/playSonglist?p={""song"":[{""type"":""0"",""songmid"":""003lKIWa2IBXwL""}],""action"":""play""}",https://y.qq.com/n/ryqq/songDetail/003lKIWa2IBXwL
2021/9/23,1.63233E+12,004YQPX825SSor,326331698,摇滚怎么了！！,陈小春/谢天华/GAI周延/布瑞吉Bridge,0027Rh7Y44KwPM,22311337,披荆斩棘的哥哥 第7期,226,"qqmusic://qq.com/media/playSonglist?p={""song"":[{""type"":""0"",""songmid"":""004YQPX825SSor""}],""action"":""play""}",https://y.qq.com/n/ryqq/songDetail/004YQPX825SSor
2021/9/25,1.6325E+12,000ozuIu0nPQsb,326630928,山岚,GAI周延/等一下就回家,002TpMcT1NUZ58,22376913,少年说唱企划 第九期,194,"qqmusic://qq.com/media/playSonglist?p={""song"":[{""type"":""0"",""songmid"":""000ozuIu0nPQsb""}],""action"":""play""}",https://y.qq.com/n/ryqq/songDetail/000ozuIu0nPQsb
2021/9/30,1.63293E+12,001COoZ92l2Psh,337476165,这就是生活,GAI周延,002pwekd2B2Lru,24284955,我是唱作人,232,"qqmusic://qq.com/media/playSonglist?p={""song"":[{""type"":""0"",""songmid"":""001COoZ92l2Psh""}],""action"":""play""}",https://y.qq.com/n/ryqq/songDetail/001COoZ92l2Psh
2021/9/30,1.63293E+12,001Dk18j0uyVbT,337476166,莲花,GAI周延,002pwekd2B2Lru,24284955,我是唱作人,236,"qqmusic://qq.com/media/playSonglist?p={""song"":[{""type"":""0"",""songmid"":""001Dk18j0uyVbT""}],""action"":""play""}",https://y.qq.com/n/ryqq/songDetail/001Dk18j0uyVbT
2021/10/7,1.63354E+12,002cBuOO32saiV,328080420,当年情,陈小春/谢天华/梁汉文/张智霖/林晓峰/GAI周延/布瑞吉Bridge,001BUall2Tdj8H,22638418,披荆斩棘的哥哥 第9期,344,"qqmusic://qq.com/media/playSonglist?p={""song"":[{""type"":""0"",""songmid"":""002cBuOO32saiV""}],""action"":""play""}",https://y.qq.com/n/ryqq/songDetail/002cBuOO32saiV
2021/10/7,1.63354E+12,001OobXx1A0VGW,327997950,无名之辈,梁汉文/GAI周延,001BUall2Tdj8H,22638418,披荆斩棘的哥哥 第9期,256,"qqmusic://qq.com/media/playSonglist?p={""song"":[{""type"":""0"",""songmid"":""001OobXx1A0VGW""}],""action"":""play""}",https://y.qq.com/n/ryqq/songDetail/001OobXx1A0VGW
2021/10/16,1.63431E+12,003Iexyr3kUg5n,329070273,赤子心,GAI周延,003Q3bb51OzS4d,22847189,少年说唱企划 第十二期,146,"qqmusic://qq.com/media/playSonglist?p={""song"":[{""type"":""0"",""songmid"":""003Iexyr3kUg5n""}],""action"":""play""}",https://y.qq.com/n/ryqq/songDetail/003Iexyr3kUg5n
2021/10/21,1.63475E+12,0013Dxp54JWwjX,329678557,See you again,白举纲/GAI周延/林志炫/陈辉/MC HotDog 热狗,002ebSPY47MouQ,22933948,披荆斩棘的哥哥 第11期,317,"qqmusic://qq.com/media/playSonglist?p={""song"":[{""type"":""0"",""songmid"":""0013Dxp54JWwjX""}],""action"":""play""}",https://y.qq.com/n/ryqq/songDetail/0013Dxp54JWwjX
2021/10/29,1.63544E+12,001Xu7dV1RHnCl,331062960,海阔天空,陈小春/MC HotDog 热狗/GAI周延/林志炫/言承旭,002ofoC10diMsf,23109632,披荆斩棘的哥哥 第12期,287,"qqmusic://qq.com/media/playSonglist?p={""song"":[{""type"":""0"",""songmid"":""001Xu7dV1RHnCl""}],""action"":""play""}",https://y.qq.com/n/ryqq/songDetail/001Xu7dV1RHnCl
2021/10/29,1.63544E+12,00079dYu3EnN9x,331062963,敬酒曲,黄贯中/林志炫/陈小春/谢天华/林晓峰/张智霖/梁汉文/赵文卓/陈辉/黄征/张晋/胡海泉/言承旭/MC HotDog 热狗/张淇/欧阳靖/敖犬/李承铉/刘端端/尹正/GAI周延/张云龙/李铢衔James/KEY.L刘聪/Ricky/高瀚宇/麦亨利/刘迦/李响/白举纲/布瑞吉Bridge,002ofoC10diMsf,23109632,披荆斩棘的哥哥 第12期,323,"qqmusic://qq.com/media/playSonglist?p={""song"":[{""type"":""0"",""songmid"":""00079dYu3EnN9x""}],""action"":""play""}",https://y.qq.com/n/ryqq/songDetail/00079dYu3EnN9x
2021/10/29,1.63544E+12,001Mpu7r2gJzZK,331062959,存在,张晋/高瀚宇/白举纲/李响/尹正/张智霖/陈小春/胡海泉/MC HotDog 热狗/GAI周延/林志炫/言承旭,002ofoC10diMsf,23109632,披荆斩棘的哥哥 第12期,297,"qqmusic://qq.com/media/playSonglist?p={""song"":[{""type"":""0"",""songmid"":""001Mpu7r2gJzZK""}],""action"":""play""}",https://y.qq.com/n/ryqq/songDetail/001Mpu7r2gJzZK
2021/12/10,1.63907E+12,003xzED13g9eYj,336220064,投名状,GAI周延/凌西/石容山/薛天龙/THE SHINING/中国潮音,004bPi0U0nBtAB,24029761,中国潮音 第5期,239,"qqmusic://qq.com/media/playSonglist?p={""song"":[{""type"":""0"",""songmid"":""003xzED13g9eYj""}],""action"":""play""}",https://y.qq.com/n/ryqq/songDetail/003xzED13g9eYj
2021/12/10,1.63907E+12,001qZMXM2Ow1S0,336220066,投名状,GAI周延/凌西/石容山/薛天龙/THE SHINING/中国潮音,004bPi0U0nBtAB,24029761,中国潮音 第5期,239,"qqmusic://qq.com/media/playSonglist?p={""song"":[{""type"":""0"",""songmid"":""001qZMXM2Ow1S0""}],""action"":""play""}",https://y.qq.com/n/ryqq/songDetail/001qZMXM2Ow1S0
2021/12/17,1.63967E+12,0044lvkr0F46ur,337010695,兰花草,GAI周延/中国潮音,004ULXXA0bEKue,24180050,中国潮音 第6期,230,"qqmusic://qq.com/media/playSonglist?p={""song"":[{""type"":""0"",""songmid"":""0044lvkr0F46ur""}],""action"":""play""}",https://y.qq.com/n/ryqq/songDetail/0044lvkr0F46ur
2021/12/17,1.63967E+12,000bje2Z3AtTEt,337010690,兰花草,GAI周延/中国潮音,004ULXXA0bEKue,24180050,中国潮音 第6期,230,"qqmusic://qq.com/media/playSonglist?p={""song"":[{""type"":""0"",""songmid"":""000bje2Z3AtTEt""}],""action"":""play""}",https://y.qq.com/n/ryqq/songDetail/000bje2Z3AtTEt
2021/12/31,1.64088E+12,004aiptz1SUoBh,338006801,共同梦想,GAI周延/VaVa毛衍七/布瑞吉Bridge/艾热AIR/FOX胡天渝/威尔Will.T/昊昊HOHO/史宗伦Xyber/DYN/泽恩zen,004PDF9H2dr8pI,24398226,共同梦想,240,"qqmusic://qq.com/media/playSonglist?p={""song"":[{""type"":""0"",""songmid"":""004aiptz1SUoBh""}],""action"":""play""}",https://y.qq.com/n/ryqq/songDetail/004aiptz1SUoBh
2021/12/31,1.64088E+12,003ZS6r70RFHfM,338185485,华夏,GAI周延,002cgj6N0Jh3zF,25862728,梦圆东方·2022东方卫视跨年盛典,194,"qqmusic://qq.com/media/playSonglist?p={""song"":[{""type"":""0"",""songmid"":""003ZS6r70RFHfM""}],""action"":""play""}",https://y.qq.com/n/ryqq/songDetail/003ZS6r70RFHfM
2022/1/1,1.64097E+12,002R4yqQ40NGf5,337780068,恭喜恭喜·吉时行乐,GAI周延/VaVa毛衍七,002PIY5O3NGTyS,24355091,恭喜恭喜·吉时行乐,202,"qqmusic://qq.com/media/playSonglist?p={""song"":[{""type"":""0"",""songmid"":""002R4yqQ40NGf5""}],""action"":""play""}",https://y.qq.com/n/ryqq/songDetail/002R4yqQ40NGf5
2022/1/1,1.64097E+12,002kzwI73Do9eG,337780069,恭喜恭喜·吉时行乐,GAI周延/VaVa毛衍七,002PIY5O3NGTyS,24355091,恭喜恭喜·吉时行乐,202,"qqmusic://qq.com/media/playSonglist?p={""song"":[{""type"":""0"",""songmid"":""002kzwI73Do9eG""}],""action"":""play""}",https://y.qq.com/n/ryqq/songDetail/002kzwI73Do9eG
2022/1/10,1.64174E+12,000HHtcK3MxTtC,338702249,天明,GAI周延,003xBfQP1BOX9K,24574807,天明,184,"qqmusic://qq.com/media/playSonglist?p={""song"":[{""type"":""0"",""songmid"":""000HHtcK3MxTtC""}],""action"":""play""}",https://y.qq.com/n/ryqq/songDetail/000HHtcK3MxTtC
2022/1/27,1.64321E+12,001OVj6U48GISv,340670355,天涯,GAI周延,003zdyTl09VLLQ,25040027,我们的村晚2022,206,"qqmusic://qq.com/media/playSonglist?p={""song"":[{""type"":""0"",""songmid"":""001OVj6U48GISv""}],""action"":""play""}",https://y.qq.com/n/ryqq/songDetail/001OVj6U48GISv
2022/1/27,1.64321E+12,001nRnPY0An8eN,340670354,刀剑如梦,GAI周延,003zdyTl09VLLQ,25040027,我们的村晚2022,217,"qqmusic://qq.com/media/playSonglist?p={""song"":[{""type"":""0"",""songmid"":""001nRnPY0An8eN""}],""action"":""play""}",https://y.qq.com/n/ryqq/songDetail/001nRnPY0An8eN
2022/3/7,1.64658E+12,004RhCls4H7Gt7,345614034,篇章,胡彦斌/张韶涵/胡海泉/周深/GAI周延/吉克隽逸/康姆士乐团/苏见信 (信)/唐艺/陈意涵Estelle/王赫野,003801IL2SotNF,25879623,篇章,234,"qqmusic://qq.com/media/playSonglist?p={""song"":[{""type"":""0"",""songmid"":""004RhCls4H7Gt7""}],""action"":""play""}",https://y.qq.com/n/ryqq/songDetail/004RhCls4H7Gt7
2022/3/11,1.64693E+12,003WftUn1UBz7R,346130123,问风,GAI周延/吉克隽逸,004B3UNm36ZG5v,25983762,天赐的声音第三季 第1期,247,"qqmusic://qq.com/media/playSonglist?p={""song"":[{""type"":""0"",""songmid"":""003WftUn1UBz7R""}],""action"":""play""}",https://y.qq.com/n/ryqq/songDetail/003WftUn1UBz7R
2022/3/11,1.64693E+12,001t4ucQ3T12yD,346130122,问风,GAI周延/吉克隽逸,004B3UNm36ZG5v,25983762,天赐的声音第三季 第1期,248,"qqmusic://qq.com/media/playSonglist?p={""song"":[{""type"":""0"",""songmid"":""001t4ucQ3T12yD""}],""action"":""play""}",https://y.qq.com/n/ryqq/songDetail/001t4ucQ3T12yD
2022/3/19,1.64762E+12,004NpgyK2y4b4U,347409761,秘密,GAI周延/康姆士乐团,000HQ3Rm3aGYKb,26159544,天赐的声音第三季 第2期,299,"qqmusic://qq.com/media/playSonglist?p={""song"":[{""type"":""0"",""songmid"":""004NpgyK2y4b4U""}],""action"":""play""}",https://y.qq.com/n/ryqq/songDetail/004NpgyK2y4b4U
2022/3/19,1.64762E+12,001JJ9CQ2IfKmt,347409760,秘密,GAI周延/康姆士乐团,000HQ3Rm3aGYKb,26159544,天赐的声音第三季 第2期,299,"qqmusic://qq.com/media/playSonglist?p={""song"":[{""type"":""0"",""songmid"":""001JJ9CQ2IfKmt""}],""action"":""play""}",https://y.qq.com/n/ryqq/songDetail/001JJ9CQ2IfKmt
2022/4/1,1.64874E+12,000hBf9000XCGz,350503491,玫瑰少年,周深/GAI周延,001oX53W4dFtMR,26552798,天赐的声音第三季 第3期,241,"qqmusic://qq.com/media/playSonglist?p={""song"":[{""type"":""0"",""songmid"":""000hBf9000XCGz""}],""action"":""play""}",https://y.qq.com/n/ryqq/songDetail/000hBf9000XCGz
2022/4/1,1.64874E+12,004L9Y9h2Ns1r8,350503492,玫瑰少年,周深/GAI周延,001oX53W4dFtMR,26552798,天赐的声音第三季 第3期,241,"qqmusic://qq.com/media/playSonglist?p={""song"":[{""type"":""0"",""songmid"":""004L9Y9h2Ns1r8""}],""action"":""play""}",https://y.qq.com/n/ryqq/songDetail/004L9Y9h2Ns1r8
2022/5/6,1.65177E+12,000DOk491JABSS,342441433,威远故事,GAI周延,001y2s2E3Tb63d,27441540,杜康,269,"qqmusic://qq.com/media/playSonglist?p={""song"":[{""type"":""0"",""songmid"":""000DOk491JABSS""}],""action"":""play""}",https://y.qq.com/n/ryqq/songDetail/000DOk491JABSS
2022/5/6,1.65177E+12,0039AxbV3iNDET,326168590,山岚,GAI周延,001y2s2E3Tb63d,27441540,杜康,194,"qqmusic://qq.com/media/playSonglist?p={""song"":[{""type"":""0"",""songmid"":""0039AxbV3iNDET""}],""action"":""play""}",https://y.qq.com/n/ryqq/songDetail/0039AxbV3iNDET
2022/5/6,1.65177E+12,003Chn172mpFc9,354584487,Not Friendly,GAI周延,001y2s2E3Tb63d,27441540,杜康,198,"qqmusic://qq.com/media/playSonglist?p={""song"":[{""type"":""0"",""songmid"":""003Chn172mpFc9""}],""action"":""play""}",https://y.qq.com/n/ryqq/songDetail/003Chn172mpFc9
2022/5/6,1.65177E+12,001usKMJ4YJdqK,354584560,江湖中人,GAI周延,001y2s2E3Tb63d,27441540,杜康,182,"qqmusic://qq.com/media/playSonglist?p={""song"":[{""type"":""0"",""songmid"":""001usKMJ4YJdqK""}],""action"":""play""}",https://y.qq.com/n/ryqq/songDetail/001usKMJ4YJdqK
2022/5/6,1.65177E+12,002TZunu08M6H2,354584673,亢龙有悔,GAI周延,001y2s2E3Tb63d,27441540,杜康,279,"qqmusic://qq.com/media/playSonglist?p={""song"":[{""type"":""0"",""songmid"":""002TZunu08M6H2""}],""action"":""play""}",https://y.qq.com/n/ryqq/songDetail/002TZunu08M6H2
2022/5/6,1.65177E+12,003CsWFE0jYRRn,354584563,杜康,GAI周延,001y2s2E3Tb63d,27441540,杜康,212,"qqmusic://qq.com/media/playSonglist?p={""song"":[{""type"":""0"",""songmid"":""003CsWFE0jYRRn""}],""action"":""play""}",https://y.qq.com/n/ryqq/songDetail/003CsWFE0jYRRn
2022/5/6,1.65177E+12,002ljq9A1Mlrus,354584496,Outro如龙,GAI周延,001y2s2E3Tb63d,27441540,杜康,53,"qqmusic://qq.com/media/playSonglist?p={""song"":[{""type"":""0"",""songmid"":""002ljq9A1Mlrus""}],""action"":""play""}",https://y.qq.com/n/ryqq/songDetail/002ljq9A1Mlrus
2022/5/6,1.65177E+12,001bLOom4QPmHC,354584544,没败,GAI周延,001y2s2E3Tb63d,27441540,杜康,131,"qqmusic://qq.com/media/playSonglist?p={""song"":[{""type"":""0"",""songmid"":""001bLOom4QPmHC""}],""action"":""play""}",https://y.qq.com/n/ryqq/songDetail/001bLOom4QPmHC
2022/5/6,1.65177E+12,000cRwj63EUFde,354584543,Richard Mille Life,GAI周延/RANZER叶润泽,001y2s2E3Tb63d,27441540,杜康,123,"qqmusic://qq.com/media/playSonglist?p={""song"":[{""type"":""0"",""songmid"":""000cRwj63EUFde""}],""action"":""play""}",https://y.qq.com/n/ryqq/songDetail/000cRwj63EUFde
2022/5/6,1.65177E+12,00468Sx834T0n4,354584559,蓝色极光,GAI周延,001y2s2E3Tb63d,27441540,杜康,189,"qqmusic://qq.com/media/playSonglist?p={""song"":[{""type"":""0"",""songmid"":""00468Sx834T0n4""}],""action"":""play""}",https://y.qq.com/n/ryqq/songDetail/00468Sx834T0n4
2022/5/6,1.65177E+12,003ZTU682aKZdP,354584500,Intro归巢,GAI周延,001y2s2E3Tb63d,27441540,杜康,74,"qqmusic://qq.com/media/playSonglist?p={""song"":[{""type"":""0"",""songmid"":""003ZTU682aKZdP""}],""action"":""play""}",https://y.qq.com/n/ryqq/songDetail/003ZTU682aKZdP
2022/5/6,1.65177E+12,0028K7QZ37BCIj,354584498,Skit踏云,GAI周延,001y2s2E3Tb63d,27441540,杜康,66,"qqmusic://qq.com/media/playSonglist?p={""song"":[{""type"":""0"",""songmid"":""0028K7QZ37BCIj""}],""action"":""play""}",https://y.qq.com/n/ryqq/songDetail/0028K7QZ37BCIj
2022/5/6,1.65177E+12,003jm6Nx4IMdYL,354584486,传奇,GAI周延,001y2s2E3Tb63d,27441540,杜康,160,"qqmusic://qq.com/media/playSonglist?p={""song"":[{""type"":""0"",""songmid"":""003jm6Nx4IMdYL""}],""action"":""play""}",https://y.qq.com/n/ryqq/songDetail/003jm6Nx4IMdYL
2022/6/1,1.65401E+12,002ZISjc3vyiOy,358050954,剑拔弩张,谭维维/GAI周延,004DhadD3IXgtN,28035107,剑拔弩张,214,"qqmusic://qq.com/media/playSonglist?p={""song"":[{""type"":""0"",""songmid"":""002ZISjc3vyiOy""}],""action"":""play""}",https://y.qq.com/n/ryqq/songDetail/002ZISjc3vyiOy
2022/6/1,1.65401E+12,00496PyF3BJQfq,358050955,剑拔弩张,谭维维/GAI周延,004DhadD3IXgtN,28035107,剑拔弩张,214,"qqmusic://qq.com/media/playSonglist?p={""song"":[{""type"":""0"",""songmid"":""00496PyF3BJQfq""}],""action"":""play""}",https://y.qq.com/n/ryqq/songDetail/00496PyF3BJQfq
2022/6/25,1.65609E+12,001jhIw00tl0P8,361235037,Not Friendly,GAI周延,000XBco81V0igd,28657631,中国说唱巅峰对决 第1期,198,"qqmusic://qq.com/media/playSonglist?p={""song"":[{""type"":""0"",""songmid"":""001jhIw00tl0P8""}],""action"":""play""}",https://y.qq.com/n/ryqq/songDetail/001jhIw00tl0P8
2022/6/25,1.65609E+12,003JbKxD4SHEH6,361235024,蒙着眼睛走 + 虎山行,GAI周延,000XBco81V0igd,28657631,中国说唱巅峰对决 第1期,122,"qqmusic://qq.com/media/playSonglist?p={""song"":[{""type"":""0"",""songmid"":""003JbKxD4SHEH6""}],""action"":""play""}",https://y.qq.com/n/ryqq/songDetail/003JbKxD4SHEH6
2022/6/25,1.65609E+12,002oetO74OYTAc,361003745,别留,GAI周延/叶琼琳,001JSmxc1g4hRf,28608770,为歌而赞第二季 第11期,273,"qqmusic://qq.com/media/playSonglist?p={""song"":[{""type"":""0"",""songmid"":""002oetO74OYTAc""}],""action"":""play""}",https://y.qq.com/n/ryqq/songDetail/002oetO74OYTAc
2022/6/25,1.65609E+12,002WFTLr1B4kP1,361003752,别留,GAI周延/叶琼琳,001JSmxc1g4hRf,28608770,为歌而赞第二季 第11期,273,"qqmusic://qq.com/media/playSonglist?p={""song"":[{""type"":""0"",""songmid"":""002WFTLr1B4kP1""}],""action"":""play""}",https://y.qq.com/n/ryqq/songDetail/002WFTLr1B4kP1
2022/7/16,1.6579E+12,0019TA3n4g8rcq,365477274,凯旋,GAI周延/功夫胖KUNGFU-PEN,004QAnN80Kcz64,29119339,中国说唱巅峰对决 第4期,239,"qqmusic://qq.com/media/playSonglist?p={""song"":[{""type"":""0"",""songmid"":""0019TA3n4g8rcq""}],""action"":""play""}",https://y.qq.com/n/ryqq/songDetail/0019TA3n4g8rcq
2022/7/23,1.65851E+12,000Zw6GR3TPWR2,368439678,江湖儿女,GAI周延/功夫胖KUNGFU-PEN/布瑞吉Bridge,001g9njf2KRyHQ,29281511,中国说唱巅峰对决 第5期,232,"qqmusic://qq.com/media/playSonglist?p={""song"":[{""type"":""0"",""songmid"":""000Zw6GR3TPWR2""}],""action"":""play""}",https://y.qq.com/n/ryqq/songDetail/000Zw6GR3TPWR2
2022/7/23,1.65851E+12,0020rR9M1NY9Mh,368439680,untitled3.30,GAI周延,001g9njf2KRyHQ,29281511,中国说唱巅峰对决 第5期,170,"qqmusic://qq.com/media/playSonglist?p={""song"":[{""type"":""0"",""songmid"":""0020rR9M1NY9Mh""}],""action"":""play""}",https://y.qq.com/n/ryqq/songDetail/0020rR9M1NY9Mh
2022/7/30,1.65911E+12,001avlwm2MDdqM,369212243,啥子声音,GAI周延/功夫胖KUNGFU-PEN/布瑞吉Bridge,003ROOH43lNA64,29442432,中国说唱巅峰对决 第6期,234,"qqmusic://qq.com/media/playSonglist?p={""song"":[{""type"":""0"",""songmid"":""001avlwm2MDdqM""}],""action"":""play""}",https://y.qq.com/n/ryqq/songDetail/001avlwm2MDdqM
2022/8/20,1.66092E+12,000cCpR62IlM3A,372138530,飞跃经济舱,GAI周延/功夫胖KUNGFU-PEN/布瑞吉Bridge,002R64QC3sBHNG,29976537,中国说唱巅峰对决 第9期,213,"qqmusic://qq.com/media/playSonglist?p={""song"":[{""type"":""0"",""songmid"":""000cCpR62IlM3A""}],""action"":""play""}",https://y.qq.com/n/ryqq/songDetail/000cCpR62IlM3A
2022/8/20,1.66092E+12,003GAc1c3N5z1b,372138521,朝天门,GAI周延,002R64QC3sBHNG,29976537,中国说唱巅峰对决 第9期,232,"qqmusic://qq.com/media/playSonglist?p={""song"":[{""type"":""0"",""songmid"":""003GAc1c3N5z1b""}],""action"":""play""}",https://y.qq.com/n/ryqq/songDetail/003GAc1c3N5z1b
2022/8/27,1.66153E+12,0031wJRl23jKuW,372946244,威远故事,GAI周延,0029WdB02K14Xy,30135118,中国说唱巅峰对决 第10期,272,"qqmusic://qq.com/media/playSonglist?p={""song"":[{""type"":""0"",""songmid"":""0031wJRl23jKuW""}],""action"":""play""}",https://y.qq.com/n/ryqq/songDetail/0031wJRl23jKuW
2022/8/27,1.66153E+12,002Sm3tg1j8rpI,372962368,重庆得行,布瑞吉Bridge/GAI周延/王鹤棣/张颜齐,004G7NvF1wxziE,30137929,重庆得行,168,"qqmusic://qq.com/media/playSonglist?p={""song"":[{""type"":""0"",""songmid"":""002Sm3tg1j8rpI""}],""action"":""play""}",https://y.qq.com/n/ryqq/songDetail/002Sm3tg1j8rpI
2022/9/3,1.66213E+12,004CYrmr0qrMXr,373924625,江湖流,功夫胖KUNGFU-PEN/KEY.L刘聪/盛宇D-SHINE/GAI周延,001TnaBT23T7GK,30320685,中国说唱巅峰对决 第11期,354,"qqmusic://qq.com/media/playSonglist?p={""song"":[{""type"":""0"",""songmid"":""004CYrmr0qrMXr""}],""action"":""play""}",https://y.qq.com/n/ryqq/songDetail/004CYrmr0qrMXr
2022/9/10,1.66274E+12,003L42l60ya3t3,374801215,亢龙有悔,GAI周延/张艺兴,0039APC22srO2t,30490751,中国说唱巅峰对决 总决赛 (上集),280,"qqmusic://qq.com/media/playSonglist?p={""song"":[{""type"":""0"",""songmid"":""003L42l60ya3t3""}],""action"":""play""}",https://y.qq.com/n/ryqq/songDetail/003L42l60ya3t3
2022/9/10,1.66274E+12,004SchH4126HtH,374801214,山岚Flow杜康韵,GAI周延,0039APC22srO2t,30490751,中国说唱巅峰对决 总决赛 (上集),279,"qqmusic://qq.com/media/playSonglist?p={""song"":[{""type"":""0"",""songmid"":""004SchH4126HtH""}],""action"":""play""}",https://y.qq.com/n/ryqq/songDetail/004SchH4126HtH
2022/9/11,1.66283E+12,000bT9Vz287MZg,374907829,三滴血,GAI周延/功夫胖KUNGFU-PEN/布瑞吉Bridge,002grXcV2WHMsT,30509775,中国说唱巅峰对决 总决赛 (下集),274,"qqmusic://qq.com/media/playSonglist?p={""song"":[{""type"":""0"",""songmid"":""000bT9Vz287MZg""}],""action"":""play""}",https://y.qq.com/n/ryqq/songDetail/000bT9Vz287MZg
2022/11/14,1.66836E+12,001NETBO2iMs3j,383603966,嘿 做个人吧,胡海泉/GAI周延,001Om6Zu2VBWC6,32402554,嘿 做个人吧,178,"qqmusic://qq.com/media/playSonglist?p={""song"":[{""type"":""0"",""songmid"":""001NETBO2iMs3j""}],""action"":""play""}",https://y.qq.com/n/ryqq/songDetail/001NETBO2iMs3j
2022/11/14,1.66836E+12,001jYmR049EOrb,383603974,嘿 做个人吧,胡海泉/GAI周延,001Om6Zu2VBWC6,32402554,嘿 做个人吧,178,"qqmusic://qq.com/media/playSonglist?p={""song"":[{""type"":""0"",""songmid"":""001jYmR049EOrb""}],""action"":""play""}",https://y.qq.com/n/ryqq/songDetail/001jYmR049EOrb
2022/11/14,1.66836E+12,003YovyL348gFc,383603969,嘿 做个人吧,胡海泉/GAI周延,001Om6Zu2VBWC6,32402554,嘿 做个人吧,178,"qqmusic://qq.com/media/playSonglist?p={""song"":[{""type"":""0"",""songmid"":""003YovyL348gFc""}],""action"":""play""}",https://y.qq.com/n/ryqq/songDetail/003YovyL348gFc
2023/1/22,1.67432E+12,004U6HZp1eTQuI,392087377,心愿清单,GAI周延,000udp6R1aW8gH,34474745,心愿清单,244,"qqmusic://qq.com/media/playSonglist?p={""song"":[{""type"":""0"",""songmid"":""004U6HZp1eTQuI""}],""action"":""play""}",https://y.qq.com/n/ryqq/songDetail/004U6HZp1eTQuI
2023/1/23,1.6744E+12,000C7fp50DnK1U,392717890,中国梦·我的梦,廖昌永/谭维维/阿云嘎/单依纯/毛晓彤/娜扎/乔欣/张淇/刘惜君/王霏霏/李响/李斯丹妮/高瀚宇/周柏豪/张艺兴/周笔畅/吴克群/张远/陆虎/王栎鑫/王心凌/周深/陈小春/林峯/赵丽颖/龚俊/张云龙/白宇/李光洁/宋轶/Ghost (王琳凯)/INTO1/汪苏泷/希林娜依高/GAI周延/Jeffrey董又霖/艾热AIR/宝石Gem/金志文/梦然/屠洪刚/易言/郑闯/袁娅维TIA RAY/王鹤棣/凤凰传奇/虞书欣/华晨宇/吴磊/杜德伟/许靖韵/汪东城/陈妍希/赵今麦/叶麒圣/蒋倩如/赵超凡/任贤齐/杨丞琳,004FPNCa1VVGdN,34631345,中国梦·我的梦,362,"qqmusic://qq.com/media/playSonglist?p={""song"":[{""type"":""0"",""songmid"":""000C7fp50DnK1U""}],""action"":""play""}",https://y.qq.com/n/ryqq/songDetail/000C7fp50DnK1U
2023/2/6,1.67561E+12,0042n7zi0n3p0z,394060996,朝天门,GAI周延,001hnup93For2i,34948811,朝天门,232,"qqmusic://qq.com/media/playSonglist?p={""song"":[{""type"":""0"",""songmid"":""0042n7zi0n3p0z""}],""action"":""play""}",https://y.qq.com/n/ryqq/songDetail/0042n7zi0n3p0z
2023/4/14,1.6814E+12,003jiB8a2aikCr,404179163,猎手,GAI周延,001mZIpb3gtdnD,37166675,尘封十三载 影视原声带,195,"qqmusic://qq.com/media/playSonglist?p={""song"":[{""type"":""0"",""songmid"":""003jiB8a2aikCr""}],""action"":""play""}",https://y.qq.com/n/ryqq/songDetail/003jiB8a2aikCr
2023/4/14,1.6814E+12,002AWzWn0A8AhT,404179162,猎手,GAI周延,001mZIpb3gtdnD,37166675,尘封十三载 影视原声带,195,"qqmusic://qq.com/media/playSonglist?p={""song"":[{""type"":""0"",""songmid"":""002AWzWn0A8AhT""}],""action"":""play""}",https://y.qq.com/n/ryqq/songDetail/002AWzWn0A8AhT
2023/4/28,1.68261E+12,000aCE6p1APAeD,408462452,冲动的惩罚2023,GAI周延/功夫胖KUNGFU-PEN/RANZER叶润泽,002TtpsW2rbtrb,37576874,如意,149,"qqmusic://qq.com/media/playSonglist?p={""song"":[{""type"":""0"",""songmid"":""000aCE6p1APAeD""}],""action"":""play""}",https://y.qq.com/n/ryqq/songDetail/000aCE6p1APAeD
2023/4/28,1.68261E+12,002LWF8p2QkWyE,408626984,想太多,张靓颖/GAI周延,002KWowB2rGXEg,37605471,天赐的声音第四季 第1期,264,"qqmusic://qq.com/media/playSonglist?p={""song"":[{""type"":""0"",""songmid"":""002LWF8p2QkWyE""}],""action"":""play""}",https://y.qq.com/n/ryqq/songDetail/002LWF8p2QkWyE
2023/4/28,1.68261E+12,000rudBQ0Nso7m,408462454,如意,GAI周延,002TtpsW2rbtrb,37576874,如意,224,"qqmusic://qq.com/media/playSonglist?p={""song"":[{""type"":""0"",""songmid"":""000rudBQ0Nso7m""}],""action"":""play""}",https://y.qq.com/n/ryqq/songDetail/000rudBQ0Nso7m
2023/4/28,1.68261E+12,000tOKz81IGUk9,408693873,想太多,张靓颖/GAI周延,002KWowB2rGXEg,37605471,天赐的声音第四季 第1期,264,"qqmusic://qq.com/media/playSonglist?p={""song"":[{""type"":""0"",""songmid"":""000tOKz81IGUk9""}],""action"":""play""}",https://y.qq.com/n/ryqq/songDetail/000tOKz81IGUk9
2023/4/28,1.68261E+12,001u0vKa3T2lfS,408462453,钢铁丛林,GAI周延,002TtpsW2rbtrb,37576874,如意,108,"qqmusic://qq.com/media/playSonglist?p={""song"":[{""type"":""0"",""songmid"":""001u0vKa3T2lfS""}],""action"":""play""}",https://y.qq.com/n/ryqq/songDetail/001u0vKa3T2lfS
2023/4/28,1.68261E+12,0018wZ4U0dEUXA,408462456,三滴血,GAI周延/功夫胖KUNGFU-PEN/布瑞吉Bridge,002TtpsW2rbtrb,37576874,如意,275,"qqmusic://qq.com/media/playSonglist?p={""song"":[{""type"":""0"",""songmid"":""0018wZ4U0dEUXA""}],""action"":""play""}",https://y.qq.com/n/ryqq/songDetail/0018wZ4U0dEUXA
2023/5/5,1.68322E+12,004HphNO3BbdiZ,410673901,人生何处不相逢,GAI周延/伯远,004SOksw3318mJ,37825778,天赐的声音第四季 第2期,225,"qqmusic://qq.com/media/playSonglist?p={""song"":[{""type"":""0"",""songmid"":""004HphNO3BbdiZ""}],""action"":""play""}",https://y.qq.com/n/ryqq/songDetail/004HphNO3BbdiZ
2023/5/5,1.68322E+12,000kbILA2lsRH9,410673902,人生何处不相逢,GAI周延/伯远,004SOksw3318mJ,37825778,天赐的声音第四季 第2期,225,"qqmusic://qq.com/media/playSonglist?p={""song"":[{""type"":""0"",""songmid"":""000kbILA2lsRH9""}],""action"":""play""}",https://y.qq.com/n/ryqq/songDetail/000kbILA2lsRH9
2023/5/6,1.6833E+12,002LAjeI2IchWy,410721507,如意,GAI周延,0015xTNB2eiWpC,37833541,中国说唱巅峰对决2023 第1期,227,"qqmusic://qq.com/media/playSonglist?p={""song"":[{""type"":""0"",""songmid"":""002LAjeI2IchWy""}],""action"":""play""}",https://y.qq.com/n/ryqq/songDetail/002LAjeI2IchWy
2023/5/12,1.68382E+12,0027T7QY0g1YHC,411641459,爱江山更爱美人,汪苏泷/GAI周延,000MnAzZ42tag9,38028406,天赐的声音第四季 第3期,257,"qqmusic://qq.com/media/playSonglist?p={""song"":[{""type"":""0"",""songmid"":""0027T7QY0g1YHC""}],""action"":""play""}",https://y.qq.com/n/ryqq/songDetail/0027T7QY0g1YHC
2023/5/12,1.68382E+12,001bY3Hx2e1Bth,411641457,爱江山更爱美人,汪苏泷/GAI周延,000MnAzZ42tag9,38028406,天赐的声音第四季 第3期,257,"qqmusic://qq.com/media/playSonglist?p={""song"":[{""type"":""0"",""songmid"":""001bY3Hx2e1Bth""}],""action"":""play""}",https://y.qq.com/n/ryqq/songDetail/001bY3Hx2e1Bth
2023/5/19,1.68443E+12,004OZ7gQ1BtREL,412541649,三国恋,GAI周延/刘柏辛Lexie,003Wf10j3U2hEG,38238406,天赐的声音第四季 第4期,237,"qqmusic://qq.com/media/playSonglist?p={""song"":[{""type"":""0"",""songmid"":""004OZ7gQ1BtREL""}],""action"":""play""}",https://y.qq.com/n/ryqq/songDetail/004OZ7gQ1BtREL
2023/5/19,1.68443E+12,000hUT4L29ILLm,412541655,三国恋,GAI周延/刘柏辛Lexie,003Wf10j3U2hEG,38238406,天赐的声音第四季 第4期,237,"qqmusic://qq.com/media/playSonglist?p={""song"":[{""type"":""0"",""songmid"":""000hUT4L29ILLm""}],""action"":""play""}",https://y.qq.com/n/ryqq/songDetail/000hUT4L29ILLm
2023/5/26,1.68503E+12,001HO1AP3daba6,413400158,来自世界的晚安,张碧晨/GAI周延,0042SB942aKEX2,38442131,天赐的声音第四季 第5期,305,"qqmusic://qq.com/media/playSonglist?p={""song"":[{""type"":""0"",""songmid"":""001HO1AP3daba6""}],""action"":""play""}",https://y.qq.com/n/ryqq/songDetail/001HO1AP3daba6
2023/5/26,1.68503E+12,003O2MD52ee78r,413400166,来自世界的晚安,张碧晨/GAI周延,0042SB942aKEX2,38442131,天赐的声音第四季 第5期,305,"qqmusic://qq.com/media/playSonglist?p={""song"":[{""type"":""0"",""songmid"":""003O2MD52ee78r""}],""action"":""play""}",https://y.qq.com/n/ryqq/songDetail/003O2MD52ee78r
2023/5/31,1.68546E+12,000Ju9Mm3UhXjX,413706025,比肩而战,GAI周延,002q8u6s0wuug3,38510824,比肩而战,186,"qqmusic://qq.com/media/playSonglist?p={""song"":[{""type"":""0"",""songmid"":""000Ju9Mm3UhXjX""}],""action"":""play""}",https://y.qq.com/n/ryqq/songDetail/000Ju9Mm3UhXjX
2023/5/31,1.68546E+12,001qjp3D4NpSnb,413706037,比肩而战,GAI周延,002q8u6s0wuug3,38510824,比肩而战,186,"qqmusic://qq.com/media/playSonglist?p={""song"":[{""type"":""0"",""songmid"":""001qjp3D4NpSnb""}],""action"":""play""}",https://y.qq.com/n/ryqq/songDetail/001qjp3D4NpSnb
2023/5/31,1.68546E+12,001bA6cQ1vjnpC,413706035,比肩而战,GAI周延,002q8u6s0wuug3,38510824,比肩而战,186,"qqmusic://qq.com/media/playSonglist?p={""song"":[{""type"":""0"",""songmid"":""001bA6cQ1vjnpC""}],""action"":""play""}",https://y.qq.com/n/ryqq/songDetail/001bA6cQ1vjnpC
2023/6/2,1.68564E+12,001wWmav3WYt3y,414382029,Sorry,吉克隽逸/GAI周延,0005xQBT193bPz,38648013,天赐的声音第四季 第6期,276,"qqmusic://qq.com/media/playSonglist?p={""song"":[{""type"":""0"",""songmid"":""001wWmav3WYt3y""}],""action"":""play""}",https://y.qq.com/n/ryqq/songDetail/001wWmav3WYt3y
2023/6/2,1.68564E+12,0048GxH91O3aUY,414382028,Sorry,吉克隽逸/GAI周延,0005xQBT193bPz,38648013,天赐的声音第四季 第6期,276,"qqmusic://qq.com/media/playSonglist?p={""song"":[{""type"":""0"",""songmid"":""0048GxH91O3aUY""}],""action"":""play""}",https://y.qq.com/n/ryqq/songDetail/0048GxH91O3aUY
2023/6/9,1.68624E+12,003Z0Tti31EyNg,415251136,一念之间,GAI周延/王赫野,003PDDFI0QGlg8,38842905,天赐的声音第四季 第7期,254,"qqmusic://qq.com/media/playSonglist?p={""song"":[{""type"":""0"",""songmid"":""003Z0Tti31EyNg""}],""action"":""play""}",https://y.qq.com/n/ryqq/songDetail/003Z0Tti31EyNg
2023/6/9,1.68624E+12,000ZuUlK3PoBg6,415251148,一念之间,GAI周延/王赫野,003PDDFI0QGlg8,38842905,天赐的声音第四季 第7期,254,"qqmusic://qq.com/media/playSonglist?p={""song"":[{""type"":""0"",""songmid"":""000ZuUlK3PoBg6""}],""action"":""play""}",https://y.qq.com/n/ryqq/songDetail/000ZuUlK3PoBg6
2023/6/10,1.68633E+12,001DJqQj1iL66y,415378175,钢铁丛林,GAI周延/杨和苏KeyNG,001nPCXm39TPu2,38873587,中国说唱巅峰对决2023 第6期,245,"qqmusic://qq.com/media/playSonglist?p={""song"":[{""type"":""0"",""songmid"":""001DJqQj1iL66y""}],""action"":""play""}",https://y.qq.com/n/ryqq/songDetail/001DJqQj1iL66y
2023/6/16,1.68684E+12,003soaJ10Dimxy,416388982,狼,GAI周延/希林娜依高,000owNkJ0aaSxQ,39063945,天赐的声音第四季 第8期,302,"qqmusic://qq.com/media/playSonglist?p={""song"":[{""type"":""0"",""songmid"":""003soaJ10Dimxy""}],""action"":""play""}",https://y.qq.com/n/ryqq/songDetail/003soaJ10Dimxy
2023/6/16,1.68684E+12,003irdav1uifUX,416388991,狼,GAI周延/希林娜依高,000owNkJ0aaSxQ,39063945,天赐的声音第四季 第8期,302,"qqmusic://qq.com/media/playSonglist?p={""song"":[{""type"":""0"",""songmid"":""003irdav1uifUX""}],""action"":""play""}",https://y.qq.com/n/ryqq/songDetail/003irdav1uifUX
2023/6/23,1.68745E+12,0019G5yh3DxnGW,417567138,麒麟 x 沧海一声笑,GAI周延/早安,000y8saS1mffBo,39261516,天赐的声音第四季 第9期,236,"qqmusic://qq.com/media/playSonglist?p={""song"":[{""type"":""0"",""songmid"":""0019G5yh3DxnGW""}],""action"":""play""}",https://y.qq.com/n/ryqq/songDetail/0019G5yh3DxnGW
2023/6/23,1.68745E+12,000LdQ5O0mvg0o,417567148,麒麟 x 沧海一声笑,GAI周延/早安,000y8saS1mffBo,39261516,天赐的声音第四季 第9期,236,"qqmusic://qq.com/media/playSonglist?p={""song"":[{""type"":""0"",""songmid"":""000LdQ5O0mvg0o""}],""action"":""play""}",https://y.qq.com/n/ryqq/songDetail/000LdQ5O0mvg0o
2023/6/30,1.68805E+12,004Snu4C29W4BZ,419079095,法兰西多士,GAI周延/告五人,000TM7XG3QhdyL,39473209,天赐的声音第四季 第10期,286,"qqmusic://qq.com/media/playSonglist?p={""song"":[{""type"":""0"",""songmid"":""004Snu4C29W4BZ""}],""action"":""play""}",https://y.qq.com/n/ryqq/songDetail/004Snu4C29W4BZ
2023/6/30,1.68805E+12,003faCQO2azEKq,419079102,法兰西多士,GAI周延/告五人,000TM7XG3QhdyL,39473209,天赐的声音第四季 第10期,286,"qqmusic://qq.com/media/playSonglist?p={""song"":[{""type"":""0"",""songmid"":""003faCQO2azEKq""}],""action"":""play""}",https://y.qq.com/n/ryqq/songDetail/003faCQO2azEKq
2023/7/7,1.68866E+12,003x5VGI4TsH7j,420553301,用情,GAI周延/戴佩妮,0010cqEK2Ebn2R,39665243,天赐的声音第四季 第11期,315,"qqmusic://qq.com/media/playSonglist?p={""song"":[{""type"":""0"",""songmid"":""003x5VGI4TsH7j""}],""action"":""play""}",https://y.qq.com/n/ryqq/songDetail/003x5VGI4TsH7j
2023/7/7,1.68866E+12,0029VfC62nDyzR,420553316,用情,GAI周延/戴佩妮,0010cqEK2Ebn2R,39665243,天赐的声音第四季 第11期,315,"qqmusic://qq.com/media/playSonglist?p={""song"":[{""type"":""0"",""songmid"":""0029VfC62nDyzR""}],""action"":""play""}",https://y.qq.com/n/ryqq/songDetail/0029VfC62nDyzR
2023/7/8,1.68875E+12,002MGADM0risMy,420607642,生如野草,GAI周延,000mdKTv4LaWPv,39671013,生如野草,232,"qqmusic://qq.com/media/playSonglist?p={""song"":[{""type"":""0"",""songmid"":""002MGADM0risMy""}],""action"":""play""}",https://y.qq.com/n/ryqq/songDetail/002MGADM0risMy
2023/7/14,1.68926E+12,003SzMWJ497y0n,422014879,牧马城市,胡彦斌/GAI周延,004ADYFG0SQj3f,39881664,天赐的声音第四季 第12期,375,"qqmusic://qq.com/media/playSonglist?p={""song"":[{""type"":""0"",""songmid"":""003SzMWJ497y0n""}],""action"":""play""}",https://y.qq.com/n/ryqq/songDetail/003SzMWJ497y0n
2023/7/14,1.68926E+12,004PfwuW0gI9pq,422014875,牧马城市,胡彦斌/GAI周延,004ADYFG0SQj3f,39881664,天赐的声音第四季 第12期,375,"qqmusic://qq.com/media/playSonglist?p={""song"":[{""type"":""0"",""songmid"":""004PfwuW0gI9pq""}],""action"":""play""}",https://y.qq.com/n/ryqq/songDetail/004PfwuW0gI9pq
2023/8/18,1.69229E+12,0042xZRO4X4mTA,428704114,敬自己不为谁,胡彦斌/GAI周延,000NE9uD1qoE5f,40854027,是一场烟火,237,"qqmusic://qq.com/media/playSonglist?p={""song"":[{""type"":""0"",""songmid"":""0042xZRO4X4mTA""}],""action"":""play""}",https://y.qq.com/n/ryqq/songDetail/0042xZRO4X4mTA
2023/11/4,1.69903E+12,003TGzzR3jvgRX,447509153,至高使命,GAI周延,002jJjEt0sqbiq,43486351,至高使命,190,"qqmusic://qq.com/media/playSonglist?p={""song"":[{""type"":""0"",""songmid"":""003TGzzR3jvgRX""}],""action"":""play""}",https://y.qq.com/n/ryqq/songDetail/003TGzzR3jvgRX
2023/11/15,1.69998E+12,001Qzp4n4WMYoL,449963768,Boss Of Boss (feat. GAI周延 / 谢帝),KnowKnow/GAI周延/谢帝,000MUxfG105TKk,43849288,街头贝多芬,232,"qqmusic://qq.com/media/playSonglist?p={""song"":[{""type"":""0"",""songmid"":""001Qzp4n4WMYoL""}],""action"":""play""}",https://y.qq.com/n/ryqq/songDetail/001Qzp4n4WMYoL
2023/12/9,1.70205E+12,0028eOI40d1qZ5,456685484,于斯为盛,盛宇D-SHINE/GAI周延/梁笑生AIRBUS130,003fW9OV4DrLCj,44723182,于斯为盛 (Explicit),226,"qqmusic://qq.com/media/playSonglist?p={""song"":[{""type"":""0"",""songmid"":""0028eOI40d1qZ5""}],""action"":""play""}",https://y.qq.com/n/ryqq/songDetail/0028eOI40d1qZ5
2024/2/26,1.70888E+12,003BgJwB4Zuwi3,437765737,逆魂,GAI周延,0028awRn2jXAHS,47134848,仙逆 动画原声带,219,"qqmusic://qq.com/media/playSonglist?p={""song"":[{""type"":""0"",""songmid"":""003BgJwB4Zuwi3""}],""action"":""play""}",https://y.qq.com/n/ryqq/songDetail/003BgJwB4Zuwi3
2024/2/26,1.70888E+12,004XKqGi2bqMdb,437765760,逆魂,GAI周延,0028awRn2jXAHS,47134848,仙逆 动画原声带,219,"qqmusic://qq.com/media/playSonglist?p={""song"":[{""type"":""0"",""songmid"":""004XKqGi2bqMdb""}],""action"":""play""}",https://y.qq.com/n/ryqq/songDetail/004XKqGi2bqMdb
2024/2/28,1.70905E+12,004dqt6v3pOiJ1,473129793,PHUKET FREESTYLE,布瑞吉Bridge/GAI周延/早安/VaVa毛衍七/艾热AIR,001YKqrf40OiHT,47280396,PHUKET FREESTYLE,271,"qqmusic://qq.com/media/playSonglist?p={""song"":[{""type"":""0"",""songmid"":""004dqt6v3pOiJ1""}],""action"":""play""}",https://y.qq.com/n/ryqq/songDetail/004dqt6v3pOiJ1
2024/4/18,1.71337E+12,001lWvdo2CfToJ,484287201,温酒斩华雄,GAI周延/功夫胖KUNGFU-PEN,004BapRx0lFUmF,49415818,底层逻辑,188,"qqmusic://qq.com/media/playSonglist?p={""song"":[{""type"":""0"",""songmid"":""001lWvdo2CfToJ""}],""action"":""play""}",https://y.qq.com/n/ryqq/songDetail/001lWvdo2CfToJ
2024/4/18,1.71337E+12,004Px3E13dLzBc,478494412,街上的,GAI周延/布瑞吉Bridge,004BapRx0lFUmF,49415818,底层逻辑,204,"qqmusic://qq.com/media/playSonglist?p={""song"":[{""type"":""0"",""songmid"":""004Px3E13dLzBc""}],""action"":""play""}",https://y.qq.com/n/ryqq/songDetail/004Px3E13dLzBc
2024/4/18,1.71337E+12,002j35Ul0GOEoZ,484287138,Outro混蛋,GAI周延,004BapRx0lFUmF,49415818,底层逻辑,130,"qqmusic://qq.com/media/playSonglist?p={""song"":[{""type"":""0"",""songmid"":""002j35Ul0GOEoZ""}],""action"":""play""}",https://y.qq.com/n/ryqq/songDetail/002j35Ul0GOEoZ
2024/4/18,1.71337E+12,00165ZML0mWTKC,469006877,招财进宝,GAI周延,004BapRx0lFUmF,49415818,底层逻辑,209,"qqmusic://qq.com/media/playSonglist?p={""song"":[{""type"":""0"",""songmid"":""00165ZML0mWTKC""}],""action"":""play""}",https://y.qq.com/n/ryqq/songDetail/00165ZML0mWTKC
2024/4/18,1.71337E+12,003xiEtQ0qJlp7,484287241,茉莉,GAI周延,004BapRx0lFUmF,49415818,底层逻辑,216,"qqmusic://qq.com/media/playSonglist?p={""song"":[{""type"":""0"",""songmid"":""003xiEtQ0qJlp7""}],""action"":""play""}",https://y.qq.com/n/ryqq/songDetail/003xiEtQ0qJlp7
2024/4/18,1.71337E+12,000NiTou3GIkuO,484287313,盖哥调,GAI周延,004BapRx0lFUmF,49415818,底层逻辑,244,"qqmusic://qq.com/media/playSonglist?p={""song"":[{""type"":""0"",""songmid"":""000NiTou3GIkuO""}],""action"":""play""}",https://y.qq.com/n/ryqq/songDetail/000NiTou3GIkuO
2024/4/18,1.71337E+12,0020cH0014s1lG,484287251,街坊邻居,GAI周延,004BapRx0lFUmF,49415818,底层逻辑,205,"qqmusic://qq.com/media/playSonglist?p={""song"":[{""type"":""0"",""songmid"":""0020cH0014s1lG""}],""action"":""play""}",https://y.qq.com/n/ryqq/songDetail/0020cH0014s1lG
2024/4/18,1.71337E+12,003GI6nP3BDRCS,468773528,龍,GAI周延/雾都L4WUDU,004BapRx0lFUmF,49415818,底层逻辑,185,"qqmusic://qq.com/media/playSonglist?p={""song"":[{""type"":""0"",""songmid"":""003GI6nP3BDRCS""}],""action"":""play""}",https://y.qq.com/n/ryqq/songDetail/003GI6nP3BDRCS
2024/4/18,1.71337E+12,001Nvt3X0pW4sS,480469432,Rich的安静,GAI周延,004BapRx0lFUmF,49415818,底层逻辑,174,"qqmusic://qq.com/media/playSonglist?p={""song"":[{""type"":""0"",""songmid"":""001Nvt3X0pW4sS""}],""action"":""play""}",https://y.qq.com/n/ryqq/songDetail/001Nvt3X0pW4sS
2024/4/18,1.71337E+12,001cpOqA15U5x9,484287015,Intro,GAI周延,004BapRx0lFUmF,49415818,底层逻辑,39,"qqmusic://qq.com/media/playSonglist?p={""song"":[{""type"":""0"",""songmid"":""001cpOqA15U5x9""}],""action"":""play""}",https://y.qq.com/n/ryqq/songDetail/001cpOqA15U5x9
2024/4/18,1.71337E+12,000fdfrn3Ywp7E,482296052,丰碑,GAI周延/威尔Will.T,004BapRx0lFUmF,49415818,底层逻辑,222,"qqmusic://qq.com/media/playSonglist?p={""song"":[{""type"":""0"",""songmid"":""000fdfrn3Ywp7E""}],""action"":""play""}",https://y.qq.com/n/ryqq/songDetail/000fdfrn3Ywp7E
2024/4/19,1.71346E+12,003gReZf1myAGu,484555362,ONE,GAI周延,0002GJO74dSPHF,49476750,ONE,181,"qqmusic://qq.com/media/playSonglist?p={""song"":[{""type"":""0"",""songmid"":""003gReZf1myAGu""}],""action"":""play""}",https://y.qq.com/n/ryqq/songDetail/003gReZf1myAGu
2024/4/28,1.71423E+12,003A4k1G100Mjp,485344519,MVP,DP龙猪/GAI周延,003E929f4TP6pU,49651367,李龙飞,178,"qqmusic://qq.com/media/playSonglist?p={""song"":[{""type"":""0"",""songmid"":""003A4k1G100Mjp""}],""action"":""play""}",https://y.qq.com/n/ryqq/songDetail/003A4k1G100Mjp
2024/5/4,1.71475E+12,001MQtr12nWmzb,486772258,成名作CYPHER,GAI周延/龟一/小咪Misir/skyslimsKyoA/Cloud9/王勇Gaver/Young7rouble/will逊/火人,003mrSiY36mDT3,49917875,成名作CYPHER,361,"qqmusic://qq.com/media/playSonglist?p={""song"":[{""type"":""0"",""songmid"":""001MQtr12nWmzb""}],""action"":""play""}",https://y.qq.com/n/ryqq/songDetail/001MQtr12nWmzb
2024/5/4,1.71475E+12,003vDY2g1OP95d,486772271,成名作CYPHER,GAI周延/龟一/小咪Misir/skyslimsKyoA/Cloud9/王勇Gaver/Young7rouble/will逊/火人,003mrSiY36mDT3,49917875,成名作CYPHER,361,"qqmusic://qq.com/media/playSonglist?p={""song"":[{""type"":""0"",""songmid"":""003vDY2g1OP95d""}],""action"":""play""}",https://y.qq.com/n/ryqq/songDetail/003vDY2g1OP95d
2024/5/15,1.7157E+12,0011MSRk0TD0KA,489882582,将进酒,功夫胖KungFuPen/GAI周延/FAC-D12,004PS5ZV1WuCi9,50577948,将进酒,204,"qqmusic://qq.com/media/playSonglist?p={""song"":[{""type"":""0"",""songmid"":""0011MSRk0TD0KA""}],""action"":""play""}",https://y.qq.com/n/ryqq/songDetail/0011MSRk0TD0KA
2024/5/23,1.71639E+12,0037peld0qXB6D,491117071,街上的,GAI周延/布瑞吉Bridge,001SpQMO3gj7ez,50838824,说唱梦工厂 先导片,214,"qqmusic://qq.com/media/playSonglist?p={""song"":[{""type"":""0"",""songmid"":""0037peld0qXB6D""}],""action"":""play""}",https://y.qq.com/n/ryqq/songDetail/0037peld0qXB6D
2024/6/13,1.71821E+12,003HLww51XAIBT,494980964,龙Loong,GAI周延/布瑞吉Bridge/VaVa毛衍七/盛宇D-SHINE/欧阳靖/Ghost (王琳凯)/早安/艾热AIR,00237nSG1Jafw8,51805286,说唱梦工厂 第4期,343,"qqmusic://qq.com/media/playSonglist?p={""song"":[{""type"":""0"",""songmid"":""003HLww51XAIBT""}],""action"":""play""}",https://y.qq.com/n/ryqq/songDetail/003HLww51XAIBT
2024/6/14,1.71829E+12,004XUpeV4YMm1v,495253785,老板,布瑞吉Bridge/GAI周延/早安,001p5VmN2YGq83,51886597,老板,237,"qqmusic://qq.com/media/playSonglist?p={""song"":[{""type"":""0"",""songmid"":""004XUpeV4YMm1v""}],""action"":""play""}",https://y.qq.com/n/ryqq/songDetail/004XUpeV4YMm1v
2024/6/18,1.71864E+12,0022293L4IufDq,496002698,将进酒,功夫胖KUNGFU-PEN/GAI周延/FAC-D12,000cly632GCCF0,52131106,林童,204,"qqmusic://qq.com/media/playSonglist?p={""song"":[{""type"":""0"",""songmid"":""0022293L4IufDq""}],""action"":""play""}",https://y.qq.com/n/ryqq/songDetail/0022293L4IufDq
2024/6/21,1.7189E+12,000IbRpF1VQRgn,496359255,诺言,GAI周延/陈冰,004WdV1C4gFkBO,52185824,天赐的声音第五季 第9期,297,"qqmusic://qq.com/media/playSonglist?p={""song"":[{""type"":""0"",""songmid"":""000IbRpF1VQRgn""}],""action"":""play""}",https://y.qq.com/n/ryqq/songDetail/000IbRpF1VQRgn
2024/6/21,1.7189E+12,002jOJKR0uXcHk,496359257,诺言,GAI周延/陈冰,004WdV1C4gFkBO,52185824,天赐的声音第五季 第9期,297,"qqmusic://qq.com/media/playSonglist?p={""song"":[{""type"":""0"",""songmid"":""002jOJKR0uXcHk""}],""action"":""play""}",https://y.qq.com/n/ryqq/songDetail/002jOJKR0uXcHk
2024/6/29,1.71959E+12,002Y5b8Z48emGl,497748982,说唱故事,布瑞吉Bridge/GAI周延,002QVf6v2Oql4R,52560782,23%,236,"qqmusic://qq.com/media/playSonglist?p={""song"":[{""type"":""0"",""songmid"":""002Y5b8Z48emGl""}],""action"":""play""}",https://y.qq.com/n/ryqq/songDetail/002Y5b8Z48emGl
2024/7/11,1.72063E+12,001FEB6I3rNDd8,499428994,飘絮 (美丽的神话),GAI周延/加木,002OOVeC1dpERd,52956226,说唱梦工厂 第8期,234,"qqmusic://qq.com/media/playSonglist?p={""song"":[{""type"":""0"",""songmid"":""001FEB6I3rNDd8""}],""action"":""play""}",https://y.qq.com/n/ryqq/songDetail/001FEB6I3rNDd8
2024/8/2,1.72253E+12,00187Iv23uCXsT,505893723,莱,GAI周延,002T9Owm1sHTeE,53892367,莱,207,"qqmusic://qq.com/media/playSonglist?p={""song"":[{""type"":""0"",""songmid"":""00187Iv23uCXsT""}],""action"":""play""}",https://y.qq.com/n/ryqq/songDetail/00187Iv23uCXsT
2024/9/3,1.72529E+12,001JbC3R2VBMgt,512476224,一半一半,GAI周延,001Ygx6A1UA7Hw,55136627,一半一半,232,"qqmusic://qq.com/media/playSonglist?p={""song"":[{""type"":""0"",""songmid"":""001JbC3R2VBMgt""}],""action"":""play""}",https://y.qq.com/n/ryqq/songDetail/001JbC3R2VBMgt
2024/9/22,1.72693E+12,002sqxiP2VoIwp,517175926,我的兄弟,GAI周延/王齐铭WatchMe,004ca2lL1SkkPZ,55987821,我的兄弟,214,"qqmusic://qq.com/media/playSonglist?p={""song"":[{""type"":""0"",""songmid"":""002sqxiP2VoIwp""}],""action"":""play""}",https://y.qq.com/n/ryqq/songDetail/002sqxiP2VoIwp
2024/9/22,1.72693E+12,003UajSB1pAx3E,517175928,我的兄弟,GAI周延/王齐铭WatchMe,004ca2lL1SkkPZ,55987821,我的兄弟,214,"qqmusic://qq.com/media/playSonglist?p={""song"":[{""type"":""0"",""songmid"":""003UajSB1pAx3E""}],""action"":""play""}",https://y.qq.com/n/ryqq/songDetail/003UajSB1pAx3E
2024/10/25,1.72979E+12,002v2C6H0OBmem,533737830,回首,GAI周延/隔壁老樊_樊凯杰,000wlSEF4L9jXu,57514305,有歌2024 第3期,239,"qqmusic://qq.com/media/playSonglist?p={""song"":[{""type"":""0"",""songmid"":""002v2C6H0OBmem""}],""action"":""play""}",https://y.qq.com/n/ryqq/songDetail/002v2C6H0OBmem
2024/10/25,1.72979E+12,002OxDRy457eVb,533737832,回首,GAI周延/隔壁老樊_樊凯杰,000wlSEF4L9jXu,57514305,有歌2024 第3期,239,"qqmusic://qq.com/media/playSonglist?p={""song"":[{""type"":""0"",""songmid"":""002OxDRy457eVb""}],""action"":""play""}",https://y.qq.com/n/ryqq/songDetail/002OxDRy457eVb
2024/12/26,1.73514E+12,0012BOtC1NcbOy,552371362,我本俗人,GAI周延,001zlV8W0yMwTM,60192798,我本俗人,220,"qqmusic://qq.com/media/playSonglist?p={""song"":[{""type"":""0"",""songmid"":""0012BOtC1NcbOy""}],""action"":""play""}",https://y.qq.com/n/ryqq/songDetail/0012BOtC1NcbOy
2025/1/24,1.73765E+12,002fA9YL3yUbO2,557790469,戏曲说唱秀《龙》,艾热AIR/布瑞吉Bridge/GAI周延/盛宇D-SHINE/VaVa毛衍七/Ghost (王琳凯)/早安/俞陈悦,003OJiPr40nI1u,62020854,2025中国网络视听盛典,311,"qqmusic://qq.com/media/playSonglist?p={""song"":[{""type"":""0"",""songmid"":""002fA9YL3yUbO2""}],""action"":""play""}",https://y.qq.com/n/ryqq/songDetail/002fA9YL3yUbO2
2025/4/21,1.74516E+12,004Oi6rW1513A2,559352222,故湘，风,RANZER叶润泽/功夫胖KUNGFU-PEN/盛宇D-SHINE/GAI周延,0048EgfK3oGOMx,66207830,湖湘浪子,281,"qqmusic://qq.com/media/playSonglist?p={""song"":[{""type"":""0"",""songmid"":""004Oi6rW1513A2""}],""action"":""play""}",https://y.qq.com/n/ryqq/songDetail/004Oi6rW1513A2
2025/4/21,1.74516E+12,003pX2QB1YuOXp,574497393,酒歌,RANZER叶润泽/GAI周延,0048EgfK3oGOMx,66207830,湖湘浪子,191,"qqmusic://qq.com/media/playSonglist?p={""song"":[{""type"":""0"",""songmid"":""003pX2QB1YuOXp""}],""action"":""play""}",https://y.qq.com/n/ryqq/songDetail/003pX2QB1YuOXp
2025/5/8,1.74663E+12,000jtyiG0n2OY5,572124032,第一现场,布瑞吉Bridge/GAI周延,0012SpJS4c2E9n,67193998,一脉相承Hood&Family,208,"qqmusic://qq.com/media/playSonglist?p={""song"":[{""type"":""0"",""songmid"":""000jtyiG0n2OY5""}],""action"":""play""}",https://y.qq.com/n/ryqq/songDetail/000jtyiG0n2OY5
2025/5/17,1.74741E+12,003Xr40Q04qOUI,579124166,炁,GAI周延,0026g0mv4YpXXS,67637817,歌手2025 第1期,219,"qqmusic://qq.com/media/playSonglist?p={""song"":[{""type"":""0"",""songmid"":""003Xr40Q04qOUI""}],""action"":""play""}",https://y.qq.com/n/ryqq/songDetail/003Xr40Q04qOUI
2025/5/17,1.74741E+12,004BgupG2zs7iu,579286919,炁,GAI周延,002HuVWa29fAIq,67683028,炁,216,"qqmusic://qq.com/media/playSonglist?p={""song"":[{""type"":""0"",""songmid"":""004BgupG2zs7iu""}],""action"":""play""}",https://y.qq.com/n/ryqq/songDetail/004BgupG2zs7iu
2025/5/17,1.74741E+12,001KmjK43ONBi3,579130495,炁,GAI周延,0026g0mv4YpXXS,67637817,歌手2025 第1期,211,"qqmusic://qq.com/media/playSonglist?p={""song"":[{""type"":""0"",""songmid"":""001KmjK43ONBi3""}],""action"":""play""}",https://y.qq.com/n/ryqq/songDetail/001KmjK43ONBi3
2025/5/31,1.74862E+12,000qyiJu3q95WK,581536834,北京北京,GAI周延,002nKT7y3hmcea,68349794,歌手2025 第3期,344,"qqmusic://qq.com/media/playSonglist?p={""song"":[{""type"":""0"",""songmid"":""000qyiJu3q95WK""}],""action"":""play""}",https://y.qq.com/n/ryqq/songDetail/000qyiJu3q95WK
2025/6/7,1.74923E+12,003XEQRd0uKTLZ,583589237,西湖,GAI周延,004MSkyd0ZUPac,68686279,歌手2025 第4期,274,"qqmusic://qq.com/media/playSonglist?p={""song"":[{""type"":""0"",""songmid"":""003XEQRd0uKTLZ""}],""action"":""play""}",https://y.qq.com/n/ryqq/songDetail/003XEQRd0uKTLZ
2025/6/7,1.74923E+12,000PtjQ6336YbI,582713194,西湖,GAI周延,004MSkyd0ZUPac,68686279,歌手2025 第4期,273,"qqmusic://qq.com/media/playSonglist?p={""song"":[{""type"":""0"",""songmid"":""000PtjQ6336YbI""}],""action"":""play""}",https://y.qq.com/n/ryqq/songDetail/000PtjQ6336YbI
2025/6/8,1.74931E+12,001nWXq21kvoge,582719651,仁义茶楼,GAI周延/功夫胖KUNGFU-PEN/盛宇D-SHINE/KEY.L刘聪,001qocFr1gpWDC,68688449,G-BLOCK Mixtape,229,"qqmusic://qq.com/media/playSonglist?p={""song"":[{""type"":""0"",""songmid"":""001nWXq21kvoge""}],""action"":""play""}",https://y.qq.com/n/ryqq/songDetail/001nWXq21kvoge
2025/6/8,1.74931E+12,001m6JGl0B6ZyR,582719693,无期,GAI周延/功夫胖KUNGFU-PEN/KEY.L刘聪/盛宇D-SHINE,001qocFr1gpWDC,68688449,G-BLOCK Mixtape,308,"qqmusic://qq.com/media/playSonglist?p={""song"":[{""type"":""0"",""songmid"":""001m6JGl0B6ZyR""}],""action"":""play""}",https://y.qq.com/n/ryqq/songDetail/001m6JGl0B6ZyR
2025/6/8,1.74931E+12,003cbMZc34hPzF,582719679,愚人码头,KEY.L刘聪/功夫胖KUNGFU-PEN/GAI周延/盛宇D-SHINE,001qocFr1gpWDC,68688449,G-BLOCK Mixtape,296,"qqmusic://qq.com/media/playSonglist?p={""song"":[{""type"":""0"",""songmid"":""003cbMZc34hPzF""}],""action"":""play""}",https://y.qq.com/n/ryqq/songDetail/003cbMZc34hPzF
2025/6/8,1.74931E+12,001uX8kj3RA7t9,579545322,G-BLOCK CYPHER,GAI周延/功夫胖KUNGFU-PEN/KEY.L刘聪/盛宇D-SHINE,001qocFr1gpWDC,68688449,G-BLOCK Mixtape,236,"qqmusic://qq.com/media/playSonglist?p={""song"":[{""type"":""0"",""songmid"":""001uX8kj3RA7t9""}],""action"":""play""}",https://y.qq.com/n/ryqq/songDetail/001uX8kj3RA7t9
2025/6/8,1.74931E+12,003Yzqzq0eXnKz,582719799,我们的歌,功夫胖KUNGFU-PEN/GAI周延/KEY.L刘聪/盛宇D-SHINE,001qocFr1gpWDC,68688449,G-BLOCK Mixtape,306,"qqmusic://qq.com/media/playSonglist?p={""song"":[{""type"":""0"",""songmid"":""003Yzqzq0eXnKz""}],""action"":""play""}",https://y.qq.com/n/ryqq/songDetail/003Yzqzq0eXnKz
2025/6/8,1.74931E+12,003vRyVW4ZCyvv,581070613,人海,KEY.L刘聪/GAI周延/功夫胖KUNGFU-PEN/盛宇D-SHINE,001qocFr1gpWDC,68688449,G-BLOCK Mixtape,278,"qqmusic://qq.com/media/playSonglist?p={""song"":[{""type"":""0"",""songmid"":""003vRyVW4ZCyvv""}],""action"":""play""}",https://y.qq.com/n/ryqq/songDetail/003vRyVW4ZCyvv
2025/6/8,1.74931E+12,00063mmh1ZAHZY,582719625,神仙,GAI周延/KEY.L刘聪,001qocFr1gpWDC,68688449,G-BLOCK Mixtape,205,"qqmusic://qq.com/media/playSonglist?p={""song"":[{""type"":""0"",""songmid"":""00063mmh1ZAHZY""}],""action"":""play""}",https://y.qq.com/n/ryqq/songDetail/00063mmh1ZAHZY
2025/6/8,1.74931E+12,000dT9KJ1KfSvF,582719570,三个字,功夫胖KUNGFU-PEN/盛宇D-SHINE/GAI周延,001qocFr1gpWDC,68688449,G-BLOCK Mixtape,168,"qqmusic://qq.com/media/playSonglist?p={""song"":[{""type"":""0"",""songmid"":""000dT9KJ1KfSvF""}],""action"":""play""}",https://y.qq.com/n/ryqq/songDetail/000dT9KJ1KfSvF
2025/6/8,1.74931E+12,003M70nV0N8Bjs,582719403,浮萍,GAI周延/功夫胖KUNGFU-PEN/盛宇D-SHINE,001qocFr1gpWDC,68688449,G-BLOCK Mixtape,256,"qqmusic://qq.com/media/playSonglist?p={""song"":[{""type"":""0"",""songmid"":""003M70nV0N8Bjs""}],""action"":""play""}",https://y.qq.com/n/ryqq/songDetail/003M70nV0N8Bjs
2025/6/8,1.74931E+12,000yIJzh3mL3GU,582719678,站台,GAI周延/功夫胖KUNGFU-PEN/KEY.L刘聪,001qocFr1gpWDC,68688449,G-BLOCK Mixtape,226,"qqmusic://qq.com/media/playSonglist?p={""song"":[{""type"":""0"",""songmid"":""000yIJzh3mL3GU""}],""action"":""play""}",https://y.qq.com/n/ryqq/songDetail/000yIJzh3mL3GU
2025/6/8,1.74931E+12,004RHpW32ed1ZJ,582719645,G-BLOCK INTRO,功夫胖KUNGFU-PEN/GAI周延/KEY.L刘聪,001qocFr1gpWDC,68688449,G-BLOCK Mixtape,195,"qqmusic://qq.com/media/playSonglist?p={""song"":[{""type"":""0"",""songmid"":""004RHpW32ed1ZJ""}],""action"":""play""}",https://y.qq.com/n/ryqq/songDetail/004RHpW32ed1ZJ
2025/6/8,1.74931E+12,000qPqOW1lCG2q,582719656,如剑,KEY.L刘聪/GAI周延/功夫胖KUNGFU-PEN/盛宇D-SHINE,001qocFr1gpWDC,68688449,G-BLOCK Mixtape,249,"qqmusic://qq.com/media/playSonglist?p={""song"":[{""type"":""0"",""songmid"":""000qPqOW1lCG2q""}],""action"":""play""}",https://y.qq.com/n/ryqq/songDetail/000qPqOW1lCG2q
2025/6/8,1.74931E+12,004DzWnG3Paq5c,582719640,吊二两,功夫胖KUNGFU-PEN/GAI周延/KEY.L刘聪,001qocFr1gpWDC,68688449,G-BLOCK Mixtape,235,"qqmusic://qq.com/media/playSonglist?p={""song"":[{""type"":""0"",""songmid"":""004DzWnG3Paq5c""}],""action"":""play""}",https://y.qq.com/n/ryqq/songDetail/004DzWnG3Paq5c
2025/6/8,1.74931E+12,003BU7YS3mW3tA,582719578,一夜,KEY.L刘聪/GAI周延,001qocFr1gpWDC,68688449,G-BLOCK Mixtape,204,"qqmusic://qq.com/media/playSonglist?p={""song"":[{""type"":""0"",""songmid"":""003BU7YS3mW3tA""}],""action"":""play""}",https://y.qq.com/n/ryqq/songDetail/003BU7YS3mW3tA
2025/6/14,1.74983E+12,000aMCRI4aBQ78,583765879,白鸽,GAI周延,001nqTLH4CU5xs,69011339,歌手2025 第5期,348,"qqmusic://qq.com/media/playSonglist?p={""song"":[{""type"":""0"",""songmid"":""000aMCRI4aBQ78""}],""action"":""play""}",https://y.qq.com/n/ryqq/songDetail/000aMCRI4aBQ78
2025/6/14,1.74983E+12,0020ViHp4Gnnr4,584815249,白鸽,GAI周延,001nqTLH4CU5xs,69011339,歌手2025 第5期,347,"qqmusic://qq.com/media/playSonglist?p={""song"":[{""type"":""0"",""songmid"":""0020ViHp4Gnnr4""}],""action"":""play""}",https://y.qq.com/n/ryqq/songDetail/0020ViHp4Gnnr4
2025/6/20,1.75035E+12,000wzQBa2GPUVA,585020518,唐装,GAI周延,000rMsxH4UyuRR,69371814,唐装,216,"qqmusic://qq.com/media/playSonglist?p={""song"":[{""type"":""0"",""songmid"":""000wzQBa2GPUVA""}],""action"":""play""}",https://y.qq.com/n/ryqq/songDetail/000wzQBa2GPUVA
2025/6/28,1.75104E+12,000ZJpXZ1g7zHz,587262375,兰花草,GAI周延,00422hv24P7WGk,69783599,歌手2025 第7期,256,"qqmusic://qq.com/media/playSonglist?p={""song"":[{""type"":""0"",""songmid"":""000ZJpXZ1g7zHz""}],""action"":""play""}",https://y.qq.com/n/ryqq/songDetail/000ZJpXZ1g7zHz
2025/7/5,1.75164E+12,002Hu6pi2ZsgRr,587512508,长路漫漫任我闯,GAI周延,003PzxXu28sOfz,70236949,歌手2025 第8期,377,"qqmusic://qq.com/media/playSonglist?p={""song"":[{""type"":""0"",""songmid"":""002Hu6pi2ZsgRr""}],""action"":""play""}",https://y.qq.com/n/ryqq/songDetail/002Hu6pi2ZsgRr
2025/7/5,1.75164E+12,002gK02606S3lt,588469186,长路漫漫任我闯,GAI周延,003PzxXu28sOfz,70236949,歌手2025 第8期,379,"qqmusic://qq.com/media/playSonglist?p={""song"":[{""type"":""0"",""songmid"":""002gK02606S3lt""}],""action"":""play""}",https://y.qq.com/n/ryqq/songDetail/002gK02606S3lt
2025/7/12,1.75225E+12,004gY98h4WQxJU,588728920,山城棒棒军,GAI周延,000OsLHN0r9g70,70623133,歌手2025 第9期,261,"qqmusic://qq.com/media/playSonglist?p={""song"":[{""type"":""0"",""songmid"":""004gY98h4WQxJU""}],""action"":""play""}",https://y.qq.com/n/ryqq/songDetail/004gY98h4WQxJU
2025/7/12,1.75225E+12,002FhlCJ2796d3,590119173,山城棒棒军,GAI周延,000OsLHN0r9g70,70623133,歌手2025 第9期,263,"qqmusic://qq.com/media/playSonglist?p={""song"":[{""type"":""0"",""songmid"":""002FhlCJ2796d3""}],""action"":""play""}",https://y.qq.com/n/ryqq/songDetail/002FhlCJ2796d3
2025/7/19,1.75285E+12,002UMqX304sBBQ,590376113,故湘，风,GAI周延,003xWWHI0aq8ZI,70998051,歌手2025 第10期,323,"qqmusic://qq.com/media/playSonglist?p={""song"":[{""type"":""0"",""songmid"":""002UMqX304sBBQ""}],""action"":""play""}",https://y.qq.com/n/ryqq/songDetail/002UMqX304sBBQ
2025/7/19,1.75285E+12,002i1ULq1HGPrl,591778652,故湘，风,GAI周延,003xWWHI0aq8ZI,70998051,歌手2025 第10期,323,"qqmusic://qq.com/media/playSonglist?p={""song"":[{""type"":""0"",""songmid"":""002i1ULq1HGPrl""}],""action"":""play""}",https://y.qq.com/n/ryqq/songDetail/002i1ULq1HGPrl
2025/8/16,1.75527E+12,0020HEmL3RNpfe,596994258,故湘，风,GAI周延,003UE4th4GWpZB,72509473,故湘，风,325,"qqmusic://qq.com/media/playSonglist?p={""song"":[{""type"":""0"",""songmid"":""0020HEmL3RNpfe""}],""action"":""play""}",https://y.qq.com/n/ryqq/songDetail/0020HEmL3RNpfe
2025/8/21,1.75571E+12,001KWaUm3NGFUR,598372300,钟楼 (Feat.GAI周延),谢帝/GAI周延,003naOa20m3T3H,72807530,钟楼 (Feat.GAI周延),239,"qqmusic://qq.com/media/playSonglist?p={""song"":[{""type"":""0"",""songmid"":""001KWaUm3NGFUR""}],""action"":""play""}",https://y.qq.com/n/ryqq/songDetail/001KWaUm3NGFUR
2025/8/23,1.75588E+12,001RIXgy2GNLbX,598577467,钟楼,谢帝/GAI周延,004Kowql2LG2vM,72221569,Couple Hunnid All Star Mixtape Vol.1,240,"qqmusic://qq.com/media/playSonglist?p={""song"":[{""type"":""0"",""songmid"":""001RIXgy2GNLbX""}],""action"":""play""}",https://y.qq.com/n/ryqq/songDetail/001RIXgy2GNLbX
2025/12/22,1.76633E+12,001xBbLO3ohTfQ,627209449,明知山,戴佩妮/GAI周延,001t93VY2Kp7tg,81078272,明知山,251,"qqmusic://qq.com/media/playSonglist?p={""song"":[{""type"":""0"",""songmid"":""001xBbLO3ohTfQ""}],""action"":""play""}",https://y.qq.com/n/ryqq/songDetail/001xBbLO3ohTfQ
2026/1/16,1.76849E+12,003q9YtV1xcS7B,634211434,铺天盖棣,GAI周延/王鹤棣,001ibPvB0xL0gT,83114173,铺天盖棣,214,"qqmusic://qq.com/media/playSonglist?p={""song"":[{""type"":""0"",""songmid"":""003q9YtV1xcS7B""}],""action"":""play""}",https://y.qq.com/n/ryqq/songDetail/003q9YtV1xcS7B
2026/2/10,1.77065E+12,000Kr0CQ08z4Vp,640023128,重庆忠勇,GAI周延/布瑞吉Bridge,003V8xJK1eCwx2,84704406,重庆忠勇,230,"qqmusic://qq.com/media/playSonglist?p={""song"":[{""type"":""0"",""songmid"":""000Kr0CQ08z4Vp""}],""action"":""play""}",https://y.qq.com/n/ryqq/songDetail/000Kr0CQ08z4Vp
2026/2/10,1.77065E+12,000nnDz44PUMyo,638048693,罪,GAI周延,0014eLwj1aPhbc,84537399,唐宫奇案之青雾风鸣 影视原声带,214,"qqmusic://qq.com/media/playSonglist?p={""song"":[{""type"":""0"",""songmid"":""000nnDz44PUMyo""}],""action"":""play""}",https://y.qq.com/n/ryqq/songDetail/000nnDz44PUMyo
2026/2/10,1.77065E+12,000rAMEC4871JW,638048695,罪,GAI周延,0014eLwj1aPhbc,84537399,唐宫奇案之青雾风鸣 影视原声带,214,"qqmusic://qq.com/media/playSonglist?p={""song"":[{""type"":""0"",""songmid"":""000rAMEC4871JW""}],""action"":""play""}",https://y.qq.com/n/ryqq/songDetail/000rAMEC4871JW
2026/2/10,1.77065E+12,001zT5KP42rxyJ,638048694,罪,GAI周延,0014eLwj1aPhbc,84537399,唐宫奇案之青雾风鸣 影视原声带,214,"qqmusic://qq.com/media/playSonglist?p={""song"":[{""type"":""0"",""songmid"":""001zT5KP42rxyJ""}],""action"":""play""}",https://y.qq.com/n/ryqq/songDetail/001zT5KP42rxyJ
2026/2/26,1.77204E+12,000k7nXt0VKQ8C,642129500,山歌王,功夫胖KUNGFU-PEN/GAI周延,003JoIEF090g2u,84980349,全家福,198,"qqmusic://qq.com/media/playSonglist?p={""song"":[{""type"":""0"",""songmid"":""000k7nXt0VKQ8C""}],""action"":""play""}",https://y.qq.com/n/ryqq/songDetail/000k7nXt0VKQ8C
2026/2/26,1.77204E+12,000alEV94cjZut,641952544,玉兰,功夫胖KUNGFU-PEN/GAI周延,003JoIEF090g2u,84980349,全家福,252,"qqmusic://qq.com/media/playSonglist?p={""song"":[{""type"":""0"",""songmid"":""000alEV94cjZut""}],""action"":""play""}",https://y.qq.com/n/ryqq/songDetail/000alEV94cjZut
2026/5/15,1.77877E+12,000OuMC947ow10,661454451,星梦-XingMeng,GAI周延,004OEuto2OvymU,91949576,REAL G,305,"qqmusic://qq.com/media/playSonglist?p={""song"":[{""type"":""0"",""songmid"":""000OuMC947ow10""}],""action"":""play""}",https://y.qq.com/n/ryqq/songDetail/000OuMC947ow10
2026/5/15,1.77877E+12,001uDuzI321pOR,664581360,安安-Good Trip,GAI周延,004OEuto2OvymU,91949576,REAL G,292,"qqmusic://qq.com/media/playSonglist?p={""song"":[{""type"":""0"",""songmid"":""001uDuzI321pOR""}],""action"":""play""}",https://y.qq.com/n/ryqq/songDetail/001uDuzI321pOR
2026/5/15,1.77877E+12,004QDSMF0izGAq,664581323,梦话-Murmur,GAI周延,004OEuto2OvymU,91949576,REAL G,242,"qqmusic://qq.com/media/playSonglist?p={""song"":[{""type"":""0"",""songmid"":""004QDSMF0izGAq""}],""action"":""play""}",https://y.qq.com/n/ryqq/songDetail/004QDSMF0izGAq
2026/5/15,1.77877E+12,001CA1Hf0zxPsY,664581284,赢-I always win,GAI周延,004OEuto2OvymU,91949576,REAL G,215,"qqmusic://qq.com/media/playSonglist?p={""song"":[{""type"":""0"",""songmid"":""001CA1Hf0zxPsY""}],""action"":""play""}",https://y.qq.com/n/ryqq/songDetail/001CA1Hf0zxPsY
2026/5/15,1.77877E+12,001WJBKi1SRtHx,664581236,我的哥-Bro Being Bro,GAI周延,004OEuto2OvymU,91949576,REAL G,196,"qqmusic://qq.com/media/playSonglist?p={""song"":[{""type"":""0"",""songmid"":""001WJBKi1SRtHx""}],""action"":""play""}",https://y.qq.com/n/ryqq/songDetail/001WJBKi1SRtHx
2026/5/15,1.77877E+12,001perWz4dymsS,664581264,冰红茶-Ice Tea,GAI周延,004OEuto2OvymU,91949576,REAL G,214,"qqmusic://qq.com/media/playSonglist?p={""song"":[{""type"":""0"",""songmid"":""001perWz4dymsS""}],""action"":""play""}",https://y.qq.com/n/ryqq/songDetail/001perWz4dymsS
2026/5/15,1.77877E+12,000Vf5Gk4auBD7,664581281,宾士-Benz,GAI周延,004OEuto2OvymU,91949576,REAL G,199,"qqmusic://qq.com/media/playSonglist?p={""song"":[{""type"":""0"",""songmid"":""000Vf5Gk4auBD7""}],""action"":""play""}",https://y.qq.com/n/ryqq/songDetail/000Vf5Gk4auBD7
2026/5/15,1.77877E+12,000oZIId4QH4eF,664581274,华佗-Hua Tuo,GAI周延,004OEuto2OvymU,91949576,REAL G,215,"qqmusic://qq.com/media/playSonglist?p={""song"":[{""type"":""0"",""songmid"":""000oZIId4QH4eF""}],""action"":""play""}",https://y.qq.com/n/ryqq/songDetail/000oZIId4QH4eF
2026/5/15,1.77877E+12,0038RhRb1Mr2q9,664581287,不换-Stay,GAI周延,004OEuto2OvymU,91949576,REAL G,243,"qqmusic://qq.com/media/playSonglist?p={""song"":[{""type"":""0"",""songmid"":""0038RhRb1Mr2q9""}],""action"":""play""}",https://y.qq.com/n/ryqq/songDetail/0038RhRb1Mr2q9
2026/5/15,1.77877E+12,001C9EVo2Oatw3,664581237,牌子货-Luxury,GAI周延,004OEuto2OvymU,91949576,REAL G,185,"qqmusic://qq.com/media/playSonglist?p={""song"":[{""type"":""0"",""songmid"":""001C9EVo2Oatw3""}],""action"":""play""}",https://y.qq.com/n/ryqq/songDetail/001C9EVo2Oatw3
2026/5/15,1.77877E+12,001nPszB2eium0,664581234,"家和万事兴-Happy wife,Happy life",GAI周延/布瑞吉Bridge,004OEuto2OvymU,91949576,REAL G,165,"qqmusic://qq.com/media/playSonglist?p={""song"":[{""type"":""0"",""songmid"":""001nPszB2eium0""}],""action"":""play""}",https://y.qq.com/n/ryqq/songDetail/001nPszB2eium0
2026/5/15,1.77877E+12,0039bl1Q1Gco0O,664581235,钱-Power,GAI周延,004OEuto2OvymU,91949576,REAL G,183,"qqmusic://qq.com/media/playSonglist?p={""song"":[{""type"":""0"",""songmid"":""0039bl1Q1Gco0O""}],""action"":""play""}",https://y.qq.com/n/ryqq/songDetail/0039bl1Q1Gco0O
2026/5/15,1.77877E+12,001WykL31OImwY,664581285,我的小芳- Sarah,GAI周延,004OEuto2OvymU,91949576,REAL G,220,"qqmusic://qq.com/media/playSonglist?p={""song"":[{""type"":""0"",""songmid"":""001WykL31OImwY""}],""action"":""play""}",https://y.qq.com/n/ryqq/songDetail/001WykL31OImwY
2026/5/15,1.77877E+12,003zrVri16fMEP,664581128,Prelude,GAI周延,004OEuto2OvymU,91949576,REAL G,46,"qqmusic://qq.com/media/playSonglist?p={""song"":[{""type"":""0"",""songmid"":""003zrVri16fMEP""}],""action"":""play""}",https://y.qq.com/n/ryqq/songDetail/003zrVri16fMEP
2026/5/15,1.77877E+12,004PajhB1SDkpD,664581127,Interlude,GAI周延,004OEuto2OvymU,91949576,REAL G,46,"qqmusic://qq.com/media/playSonglist?p={""song"":[{""type"":""0"",""songmid"":""004PajhB1SDkpD""}],""action"":""play""}",https://y.qq.com/n/ryqq/songDetail/004PajhB1SDkpD
2026/5/15,1.77877E+12,001jg6ZD3Gr7a8,664581125,Break,GAI周延,004OEuto2OvymU,91949576,REAL G,21,"qqmusic://qq.com/media/playSonglist?p={""song"":[{""type"":""0"",""songmid"":""001jg6ZD3Gr7a8""}],""action"":""play""}",https://y.qq.com/n/ryqq/songDetail/001jg6ZD3Gr7a8
,,000QZcx84KedNR,127595375,爱就一个字,GAI周延/张信哲,,,,264,"qqmusic://qq.com/media/playSonglist?p={""song"":[{""type"":""0"",""songmid"":""000QZcx84KedNR""}],""action"":""play""}",https://y.qq.com/n/ryqq/songDetail/000QZcx84KedNR
,,000qeQxS1rfK6L,127554307,几个你,薛之谦/GAI周延,,,,44,"qqmusic://qq.com/media/playSonglist?p={""song"":[{""type"":""0"",""songmid"":""000qeQxS1rfK6L""}],""action"":""play""}",https://y.qq.com/n/ryqq/songDetail/000qeQxS1rfK6L
,,003tWOr921j6CK,127606496,安和桥,GAI周延,,,,241,"qqmusic://qq.com/media/playSonglist?p={""song"":[{""type"":""0"",""songmid"":""003tWOr921j6CK""}],""action"":""play""}",https://y.qq.com/n/ryqq/songDetail/003tWOr921j6CK
,,000CDIGR1m35o5,511153783,朝天门,GAI周延,,,,235,"qqmusic://qq.com/media/playSonglist?p={""song"":[{""type"":""0"",""songmid"":""000CDIGR1m35o5""}],""action"":""play""}",https://y.qq.com/n/ryqq/songDetail/000CDIGR1m35o5
,,002LM2kH0ln4uY,325802167,沧海一声笑,GAI周延,,,,198,"qqmusic://qq.com/media/playSonglist?p={""song"":[{""type"":""0"",""songmid"":""002LM2kH0ln4uY""}],""action"":""play""}",https://y.qq.com/n/ryqq/songDetail/002LM2kH0ln4uY
,,002gLGuK23yKL7,127537189,烈火战马,GAI周延/乃万NINEONE,,,,182,"qqmusic://qq.com/media/playSonglist?p={""song"":[{""type"":""0"",""songmid"":""002gLGuK23yKL7""}],""action"":""play""}",https://y.qq.com/n/ryqq/songDetail/002gLGuK23yKL7
,,004Sd5Kt0xbsZA,292153662,凡人歌 + 算你狠,陈小春/GAI周延,,,,278,"qqmusic://qq.com/media/playSonglist?p={""song"":[{""type"":""0"",""songmid"":""004Sd5Kt0xbsZA""}],""action"":""play""}",https://y.qq.com/n/ryqq/songDetail/004Sd5Kt0xbsZA
,,001xSfdn1LAnpG,585047565,黄种人,GAI周延,,,,290,"qqmusic://qq.com/media/playSonglist?p={""song"":[{""type"":""0"",""songmid"":""001xSfdn1LAnpG""}],""action"":""play""}",https://y.qq.com/n/ryqq/songDetail/001xSfdn1LAnpG
,,000mldiJ3KhqzG,461260815,朝天门,GAI周延,,,,249,"qqmusic://qq.com/media/playSonglist?p={""song"":[{""type"":""0"",""songmid"":""000mldiJ3KhqzG""}],""action"":""play""}",https://y.qq.com/n/ryqq/songDetail/000mldiJ3KhqzG
,,003ggxAK3wh5tp,575073449,用情,GAI周延/戴佩妮,,,,272,"qqmusic://qq.com/media/playSonglist?p={""song"":[{""type"":""0"",""songmid"":""003ggxAK3wh5tp""}],""action"":""play""}",https://y.qq.com/n/ryqq/songDetail/003ggxAK3wh5tp
,,001RMUkb317iaf,584529345,爱江山更爱美人,叶童/GAI周延,,,,247,"qqmusic://qq.com/media/playSonglist?p={""song"":[{""type"":""0"",""songmid"":""001RMUkb317iaf""}],""action"":""play""}",https://y.qq.com/n/ryqq/songDetail/001RMUkb317iaf
,,002miyEo1jBRUu,292153653,爱江山更爱美人,GAI周延/VaVa毛衍七/威尔Will.T,,,,289,"qqmusic://qq.com/media/playSonglist?p={""song"":[{""type"":""0"",""songmid"":""002miyEo1jBRUu""}],""action"":""play""}",https://y.qq.com/n/ryqq/songDetail/002miyEo1jBRUu
,,001pycat2FDEaL,347569804,烈火战马,GAI周延/肖若腾,,,,68,"qqmusic://qq.com/media/playSonglist?p={""song"":[{""type"":""0"",""songmid"":""001pycat2FDEaL""}],""action"":""play""}",https://y.qq.com/n/ryqq/songDetail/001pycat2FDEaL
,,004DNWEl0CkFvt,127624336,山岚,GAI周延,,,,50,"qqmusic://qq.com/media/playSonglist?p={""song"":[{""type"":""0"",""songmid"":""004DNWEl0CkFvt""}],""action"":""play""}",https://y.qq.com/n/ryqq/songDetail/004DNWEl0CkFvt
,,0005zlJm4eGFAI,127433699,万里长城（CBA全明星开幕式）,GAI周延,,,,193,"qqmusic://qq.com/media/playSonglist?p={""song"":[{""type"":""0"",""songmid"":""0005zlJm4eGFAI""}],""action"":""play""}",https://y.qq.com/n/ryqq/songDetail/0005zlJm4eGFAI
,,001bcfVT4awMyS,350110487,Rainbow,GAI周延/布瑞吉Bridge,,,,160,"qqmusic://qq.com/media/playSonglist?p={""song"":[{""type"":""0"",""songmid"":""001bcfVT4awMyS""}],""action"":""play""}",https://y.qq.com/n/ryqq/songDetail/001bcfVT4awMyS
,,001OwcSk0zq9C9,324046966,华夏,GAI周延,,,,179,"qqmusic://qq.com/media/playSonglist?p={""song"":[{""type"":""0"",""songmid"":""001OwcSk0zq9C9""}],""action"":""play""}",https://y.qq.com/n/ryqq/songDetail/001OwcSk0zq9C9
,,0037yggU3d6U0k,324465547,谪仙 + 沧海一声笑,任嘉伦/GAI周延,,,,495,"qqmusic://qq.com/media/playSonglist?p={""song"":[{""type"":""0"",""songmid"":""0037yggU3d6U0k""}],""action"":""play""}",https://y.qq.com/n/ryqq/songDetail/0037yggU3d6U0k
,,001CvfR30gFujE,374763841,爱江山更爱美人,GAI周延,,,,115,"qqmusic://qq.com/media/playSonglist?p={""song"":[{""type"":""0"",""songmid"":""001CvfR30gFujE""}],""action"":""play""}",https://y.qq.com/n/ryqq/songDetail/001CvfR30gFujE
,,001kRrAU1vLXSF,340959717,共同梦想,GAI周延/VaVa毛衍七/艾热AIR/FOX胡天渝/威尔Will.T,,,,224,"qqmusic://qq.com/media/playSonglist?p={""song"":[{""type"":""0"",""songmid"":""001kRrAU1vLXSF""}],""action"":""play""}",https://y.qq.com/n/ryqq/songDetail/001kRrAU1vLXSF
,,0044KqQ51Y9sL3,127516553,一起摇摆,GAI周延,,,,197,"qqmusic://qq.com/media/playSonglist?p={""song"":[{""type"":""0"",""songmid"":""0044KqQ51Y9sL3""}],""action"":""play""}",https://y.qq.com/n/ryqq/songDetail/0044KqQ51Y9sL3
,,001SHKK14GL2CM,203706692,不要浪费我的节,李玉刚/GAI周延,,,,136,"qqmusic://qq.com/media/playSonglist?p={""song"":[{""type"":""0"",""songmid"":""001SHKK14GL2CM""}],""action"":""play""}",https://y.qq.com/n/ryqq/songDetail/001SHKK14GL2CM
,,000fOchH0p6ibc,612859487,炁,GAI周延,,,,212,"qqmusic://qq.com/media/playSonglist?p={""song"":[{""type"":""0"",""songmid"":""000fOchH0p6ibc""}],""action"":""play""}",https://y.qq.com/n/ryqq/songDetail/000fOchH0p6ibc
,,001pHFkd4IscyK,558774270,兰花草,GAI周延,,,,224,"qqmusic://qq.com/media/playSonglist?p={""song"":[{""type"":""0"",""songmid"":""001pHFkd4IscyK""}],""action"":""play""}",https://y.qq.com/n/ryqq/songDetail/001pHFkd4IscyK
,,004AaltP4Xkvqd,507762844,别留,GAI周延/王源,,,,235,"qqmusic://qq.com/media/playSonglist?p={""song"":[{""type"":""0"",""songmid"":""004AaltP4Xkvqd""}],""action"":""play""}",https://y.qq.com/n/ryqq/songDetail/004AaltP4Xkvqd
,,001OjKFa3qwfSd,472527100,生如野草,GAI周延,,,,226,"qqmusic://qq.com/media/playSonglist?p={""song"":[{""type"":""0"",""songmid"":""001OjKFa3qwfSd""}],""action"":""play""}",https://y.qq.com/n/ryqq/songDetail/001OjKFa3qwfSd
,,0040d9Wa2WXZp7,468318121,龙拳,GAI周延/梁浩川/搬砖小伟/一条龙龙,,,,270,"qqmusic://qq.com/media/playSonglist?p={""song"":[{""type"":""0"",""songmid"":""0040d9Wa2WXZp7""}],""action"":""play""}",https://y.qq.com/n/ryqq/songDetail/0040d9Wa2WXZp7
,,001P5buw4XwYGb,394460309,互动说唱：愿望,GAI周延,,,,235,"qqmusic://qq.com/media/playSonglist?p={""song"":[{""type"":""0"",""songmid"":""001P5buw4XwYGb""}],""action"":""play""}",https://y.qq.com/n/ryqq/songDetail/001P5buw4XwYGb
,,004ZWFf60i6M8k,392535552,共同梦想,GAI周延/VaVa毛衍七/布瑞吉Bridge/威尔Will.T,,,,211,"qqmusic://qq.com/media/playSonglist?p={""song"":[{""type"":""0"",""songmid"":""004ZWFf60i6M8k""}],""action"":""play""}",https://y.qq.com/n/ryqq/songDetail/004ZWFf60i6M8k
,,001K0l8y12zv0z,383904453,一次性demo,GAI周延,,,,120,"qqmusic://qq.com/media/playSonglist?p={""song"":[{""type"":""0"",""songmid"":""001K0l8y12zv0z""}],""action"":""play""}",https://y.qq.com/n/ryqq/songDetail/001K0l8y12zv0z
,,0022zldB34WqYu,334668399,差不多先生 + Brother Man + 爱就爱了 + 沧海一声笑 + 哥哥在哪？,HOTDOG/欧阳靖/GAI周延/布瑞吉Bridge,,,,373,"qqmusic://qq.com/media/playSonglist?p={""song"":[{""type"":""0"",""songmid"":""0022zldB34WqYu""}],""action"":""play""}",https://y.qq.com/n/ryqq/songDetail/0022zldB34WqYu
,,001YblXc1D86lc,334668355,沧海一声笑,任嘉伦/GAI周延,,,,303,"qqmusic://qq.com/media/playSonglist?p={""song"":[{""type"":""0"",""songmid"":""001YblXc1D86lc""}],""action"":""play""}",https://y.qq.com/n/ryqq/songDetail/001YblXc1D86lc
,,001GyFZa0kD9R4,324452718,没那种命,陈小春/GAI周延,,,,58,"qqmusic://qq.com/media/playSonglist?p={""song"":[{""type"":""0"",""songmid"":""001GyFZa0kD9R4""}],""action"":""play""}",https://y.qq.com/n/ryqq/songDetail/001GyFZa0kD9R4
,,00132Vn52lOXVC,125849002,不要说话,GAI周延/雪村,,,,225,"qqmusic://qq.com/media/playSonglist?p={""song"":[{""type"":""0"",""songmid"":""00132Vn52lOXVC""}],""action"":""play""}",https://y.qq.com/n/ryqq/songDetail/00132Vn52lOXVC
,,000vWfme4MD0Kd,125848026,找自己,陈梓童/GAI周延,,,,224,"qqmusic://qq.com/media/playSonglist?p={""song"":[{""type"":""0"",""songmid"":""000vWfme4MD0Kd""}],""action"":""play""}",https://y.qq.com/n/ryqq/songDetail/000vWfme4MD0Kd
,,0029ehev2Dygzk,583391331,小宇,GAI周延,,,,221,"qqmusic://qq.com/media/playSonglist?p={""song"":[{""type"":""0"",""songmid"":""0029ehev2Dygzk""}],""action"":""play""}",https://y.qq.com/n/ryqq/songDetail/0029ehev2Dygzk
,,003qsFmY0CUa83,612859603,沧海一声笑,GAI周延,,,,248,"qqmusic://qq.com/media/playSonglist?p={""song"":[{""type"":""0"",""songmid"":""003qsFmY0CUa83""}],""action"":""play""}",https://y.qq.com/n/ryqq/songDetail/003qsFmY0CUa83
,,001D0dMU2PEFqf,580444727,万里长城,GAI周延,,,,220,"qqmusic://qq.com/media/playSonglist?p={""song"":[{""type"":""0"",""songmid"":""001D0dMU2PEFqf""}],""action"":""play""}",https://y.qq.com/n/ryqq/songDetail/001D0dMU2PEFqf
,,0021pHfD1DogJT,282714468,沧海一声笑,任嘉伦/GAI周延,,,,297,"qqmusic://qq.com/media/playSonglist?p={""song"":[{""type"":""0"",""songmid"":""0021pHfD1DogJT""}],""action"":""play""}",https://y.qq.com/n/ryqq/songDetail/0021pHfD1DogJT
,,004Z4W4Z1ZSAW9,490806790,还是要狂,GAI周延,,,,154,"qqmusic://qq.com/media/playSonglist?p={""song"":[{""type"":""0"",""songmid"":""004Z4W4Z1ZSAW9""}],""action"":""play""}",https://y.qq.com/n/ryqq/songDetail/004Z4W4Z1ZSAW9
,,002NfGxN03v77q,723358249,回到过去,GAI周延,,,,237,"qqmusic://qq.com/media/playSonglist?p={""song"":[{""type"":""0"",""songmid"":""002NfGxN03v77q""}],""action"":""play""}",https://y.qq.com/n/ryqq/songDetail/002NfGxN03v77q
,,004IecS22D6QtH,584537125,小宇,GAI周延,,,,220,"qqmusic://qq.com/media/playSonglist?p={""song"":[{""type"":""0"",""songmid"":""004IecS22D6QtH""}],""action"":""play""}",https://y.qq.com/n/ryqq/songDetail/004IecS22D6QtH
,,003J32tg4WhHED,127615014,你的答案,GAI周延/万茜,,,,195,"qqmusic://qq.com/media/playSonglist?p={""song"":[{""type"":""0"",""songmid"":""003J32tg4WhHED""}],""action"":""play""}",https://y.qq.com/n/ryqq/songDetail/003J32tg4WhHED
,,002PGpNA4RBBEz,125849181,爱如潮水,GAI周延,,,,226,"qqmusic://qq.com/media/playSonglist?p={""song"":[{""type"":""0"",""songmid"":""002PGpNA4RBBEz""}],""action"":""play""}",https://y.qq.com/n/ryqq/songDetail/002PGpNA4RBBEz
,,004To86d0cB0b8,211746904,大师,GAI周延,,,,201,"qqmusic://qq.com/media/playSonglist?p={""song"":[{""type"":""0"",""songmid"":""004To86d0cB0b8""}],""action"":""play""}",https://y.qq.com/n/ryqq/songDetail/004To86d0cB0b8
,,000CKv3t0uKGqK,717113312,炁,GAI周延/TME live,,,,213,"qqmusic://qq.com/media/playSonglist?p={""song"":[{""type"":""0"",""songmid"":""000CKv3t0uKGqK""}],""action"":""play""}",https://y.qq.com/n/ryqq/songDetail/000CKv3t0uKGqK
,,002xE5U44PT3I9,324543423,萤火虫,GAI周延,,,,166,"qqmusic://qq.com/media/playSonglist?p={""song"":[{""type"":""0"",""songmid"":""002xE5U44PT3I9""}],""action"":""play""}",https://y.qq.com/n/ryqq/songDetail/002xE5U44PT3I9
,,0031jvlr2p8MoQ,127555942,青花瓷,GAI周延,,,,230,"qqmusic://qq.com/media/playSonglist?p={""song"":[{""type"":""0"",""songmid"":""0031jvlr2p8MoQ""}],""action"":""play""}",https://y.qq.com/n/ryqq/songDetail/0031jvlr2p8MoQ
