"publishDate","publishMs","songId","title","artists","albumId","album","durationSec","fee","orpheus","webUrl"
"2018-07-14","1531497600000","865861347","王冠 (Live)","Swang多雷","71724250","中国新说唱 第1期","68","1","orpheus://song/865861347/?autoplay=1","https://music.163.com/song?id=865861347"
"2018-07-14","1531497600000","865861348","兔八哥 (Live)","杨和苏KeyNG","71724250","中国新说唱 第1期","66","1","orpheus://song/865861348/?autoplay=1","https://music.163.com/song?id=865861348"
"2018-07-14","1531497600000","866018154","儿子娃娃 (Live)","那吾克热-NW","71724250","中国新说唱 第1期","62","1","orpheus://song/866018154/?autoplay=1","https://music.163.com/song?id=866018154"
"2018-07-14","1531497600000","865861349","听歌补营养 (Live)","于嘉萌","71724250","中国新说唱 第1期","74","1","orpheus://song/865861349/?autoplay=1","https://music.163.com/song?id=865861349"
"2018-07-14","1531497600000","865861350","当我成了你 (Live)","呆宝静","71724250","中国新说唱 第1期","70","1","orpheus://song/865861350/?autoplay=1","https://music.163.com/song?id=865861350"
"2018-07-14","1531497600000","865998092","搭讪指南 (Live)","3Bangz","71724250","中国新说唱 第1期","63","1","orpheus://song/865998092/?autoplay=1","https://music.163.com/song?id=865998092"
"2018-07-14","1531497600000","865998093","HUSTLE (Live)","陈梓童","71724250","中国新说唱 第1期","65","1","orpheus://song/865998093/?autoplay=1","https://music.163.com/song?id=865998093"
"2018-07-14","1531497600000","865998094","Bossin’ (Live)","刘柏辛Lexie","71724250","中国新说唱 第1期","66","1","orpheus://song/865998094/?autoplay=1","https://music.163.com/song?id=865998094"
"2018-07-14","1531497600000","865861351","其实我们都一样 (Live)","徐圣恩","71724250","中国新说唱 第1期","64","1","orpheus://song/865861351/?autoplay=1","https://music.163.com/song?id=865861351"
"2018-07-14","1531497600000","865861352","Bars (Live)","周汤豪","71724250","中国新说唱 第1期","65","1","orpheus://song/865861352/?autoplay=1","https://music.163.com/song?id=865861352"
"2018-07-14","1531497600000","866018155","Watch Me (Live)","王齐铭WatchMe","71724250","中国新说唱 第1期","71","1","orpheus://song/866018155/?autoplay=1","https://music.163.com/song?id=866018155"
"2018-07-14","1531497600000","865998095","I’m Back (Live)","小青龙","71724250","中国新说唱 第1期","64","1","orpheus://song/865998095/?autoplay=1","https://music.163.com/song?id=865998095"
"2018-07-14","1531497600000","865861353","黄种人 (Live)","SIMBA辛巴","71724250","中国新说唱 第1期","41","1","orpheus://song/865861353/?autoplay=1","https://music.163.com/song?id=865861353"
"2018-07-14","1531497600000","865907186","烟雾弹 (Live)","JD","71724250","中国新说唱 第1期","72","1","orpheus://song/865907186/?autoplay=1","https://music.163.com/song?id=865907186"
"2018-07-14","1531497600000","865907187","中国新说唱EP01 RAP01 (Live)","周汤豪","71724250","中国新说唱 第1期","97","1","orpheus://song/865907187/?autoplay=1","https://music.163.com/song?id=865907187"
"2018-07-14","1531497600000","1293951260","I’m Back (Live)","Keyso寿君超","71724250","中国新说唱 第1期","50","1","orpheus://song/1293951260/?autoplay=1","https://music.163.com/song?id=1293951260"
"2018-07-21","1532102400000","1294910217","Differences (Live)","Al Rocco/FADER ONE/RED8红八","71852934","中国新说唱 第2期","65","1","orpheus://song/1294910217/?autoplay=1","https://music.163.com/song?id=1294910217"
"2018-07-21","1532102400000","1294910218","Keep My Mind (Live)","满舒克","71852934","中国新说唱 第2期","72","1","orpheus://song/1294910218/?autoplay=1","https://music.163.com/song?id=1294910218"
"2018-07-21","1532102400000","1294899229","Baby Goodnight (Live)","DonotZetah","71852934","中国新说唱 第2期","66","1","orpheus://song/1294899229/?autoplay=1","https://music.163.com/song?id=1294899229"
"2018-07-21","1532102400000","1294899230","场上称霸 (Live)","万妮达Vinida Weng","71852934","中国新说唱 第2期","74","1","orpheus://song/1294899230/?autoplay=1","https://music.163.com/song?id=1294899230"
"2018-07-21","1532102400000","1294899231","ICE (Live)","ICE杨长青","71852934","中国新说唱 第2期","74","1","orpheus://song/1294899231/?autoplay=1","https://music.163.com/song?id=1294899231"
"2018-07-21","1532102400000","1294910219","Love Or Hate (Live)","Yee","71852934","中国新说唱 第2期","56","1","orpheus://song/1294910219/?autoplay=1","https://music.163.com/song?id=1294910219"
"2018-07-21","1532102400000","1294899232","打个总结 (Live)","王以太","71852934","中国新说唱 第2期","60","1","orpheus://song/1294899232/?autoplay=1","https://music.163.com/song?id=1294899232"
"2018-07-21","1532102400000","1294889226","Parrot or Not (Live)","Cee","71852934","中国新说唱 第2期","63","1","orpheus://song/1294889226/?autoplay=1","https://music.163.com/song?id=1294889226"
"2018-07-21","1532102400000","1294899233","一见你我就笑 (Live)","Toy王奕","71852934","中国新说唱 第2期","36","1","orpheus://song/1294899233/?autoplay=1","https://music.163.com/song?id=1294899233"
"2018-07-21","1532102400000","1294924174","退潮 (Live)","JZN","71852934","中国新说唱 第2期","38","1","orpheus://song/1294924174/?autoplay=1","https://music.163.com/song?id=1294924174"
"2018-07-21","1532102400000","1294899234","Max (Live)","Max马俊","71852934","中国新说唱 第2期","69","1","orpheus://song/1294899234/?autoplay=1","https://music.163.com/song?id=1294899234"
"2018-07-21","1532102400000","1294924175","AIR (Live)","艾热 AIR","71852934","中国新说唱 第2期","70","1","orpheus://song/1294924175/?autoplay=1","https://music.163.com/song?id=1294924175"
"2018-07-21","1532102400000","1294889227","离骚 (Live)","功夫胖KUNGFU-PEN","71852934","中国新说唱 第2期","78","1","orpheus://song/1294889227/?autoplay=1","https://music.163.com/song?id=1294889227"
"2018-07-21","1532102400000","1294889228","月儿圆 (Live)","李佳隆","71852934","中国新说唱 第2期","62","1","orpheus://song/1294889228/?autoplay=1","https://music.163.com/song?id=1294889228"
"2018-07-21","1532102400000","1294889229","Bring it Back (Live)","孔令奇","71852934","中国新说唱 第2期","67","1","orpheus://song/1294889229/?autoplay=1","https://music.163.com/song?id=1294889229"
"2018-07-21","1532102400000","1294924176","Three Pass (Live)","那吾克热-NW/ICE杨长青","71852934","中国新说唱 第2期","142","1","orpheus://song/1294924176/?autoplay=1","https://music.163.com/song?id=1294924176"
"2018-07-21","1532102400000","1294910220","中国新说唱EP02-RAP02 (Live)","满舒克","71852934","中国新说唱 第2期","101","1","orpheus://song/1294910220/?autoplay=1","https://music.163.com/song?id=1294910220"
"2018-07-28","1532707200007","1296548178","Yellow Soul (Live)","满舒克/郭浩","71852210","中国新说唱 第3期","143","1","orpheus://song/1296548178/?autoplay=1","https://music.163.com/song?id=1296548178"
"2018-07-28","1532707200007","1296583186","功夫 (Live)","杨晓川/邓云峰Mr.Krystal","71852210","中国新说唱 第3期","150","1","orpheus://song/1296583186/?autoplay=1","https://music.163.com/song?id=1296583186"
"2018-07-28","1532707200007","1296539257","No Day Off (Live)","万妮达Vinida Weng/BLOWFEVER/RED8红八","71852210","中国新说唱 第3期","138","1","orpheus://song/1296539257/?autoplay=1","https://music.163.com/song?id=1296539257"
"2018-07-28","1532707200007","1296583187","东成西就 (Live)","Max马俊/本帮PQ","71852210","中国新说唱 第3期","153","1","orpheus://song/1296583187/?autoplay=1","https://music.163.com/song?id=1296583187"
"2018-07-28","1532707200007","1296583188","星球坠落 (Live)","艾热 AIR/李佳隆","71852210","中国新说唱 第3期","169","1","orpheus://song/1296583188/?autoplay=1","https://music.163.com/song?id=1296583188"
"2018-07-28","1532707200007","1296583189","悬崖华尔兹 (Live)","法老/王以太","71852210","中国新说唱 第3期","139","1","orpheus://song/1296583189/?autoplay=1","https://music.163.com/song?id=1296583189"
"2018-07-28","1532707200007","1296583190","冠军 (Live)","功夫胖KUNGFU-PEN/派克特（PACT）","71852210","中国新说唱 第3期","152","1","orpheus://song/1296583190/?autoplay=1","https://music.163.com/song?id=1296583190"
"2018-07-28","1532707200007","1296539258","Fun个假 (Live)","黄礼格/徐圣恩","71852210","中国新说唱 第3期","163","1","orpheus://song/1296539258/?autoplay=1","https://music.163.com/song?id=1296539258"
"2018-07-28","1532707200007","1296548179","DO NUH RUSH (Live)","小青龙/刘柏辛Lexie","71852210","中国新说唱 第3期","152","1","orpheus://song/1296548179/?autoplay=1","https://music.163.com/song?id=1296548179"
"2018-07-28","1532707200007","1296558171","9295 (Live)","Yee/JD","71852210","中国新说唱 第3期","155","1","orpheus://song/1296558171/?autoplay=1","https://music.163.com/song?id=1296558171"
"2018-07-28","1532707200007","1296539346","起范儿 (Live)","于嘉萌/陈梓童","71852210","中国新说唱 第3期","152","1","orpheus://song/1296539346/?autoplay=1","https://music.163.com/song?id=1296539346"
"2018-07-28","1532707200007","1296548286","平凡世界 (Live)","JZN/Swang多雷","71852210","中国新说唱 第3期","140","1","orpheus://song/1296548286/?autoplay=1","https://music.163.com/song?id=1296548286"
"2018-07-28","1532707200007","1296558270","未•来者不惧 (Live)","龙井说唱 孙旭/BT 李澎谣","71852210","中国新说唱 第3期","123","1","orpheus://song/1296558270/?autoplay=1","https://music.163.com/song?id=1296558270"
"2018-07-28","1532707200007","1296548287","Turn it up (Live)","周汤豪/俞天时","71852210","中国新说唱 第3期","148","1","orpheus://song/1296548287/?autoplay=1","https://music.163.com/song?id=1296548287"
"2018-07-28","1532707200007","1296558272","黑马 (Live)","杨和苏KeyNG/陈泽希","71852210","中国新说唱 第3期","154","1","orpheus://song/1296558272/?autoplay=1","https://music.163.com/song?id=1296558272"
"2018-07-28","1532707200007","1296583270","We Next (Live)","孔令奇/Philo 阿哲","71852210","中国新说唱 第3期","154","1","orpheus://song/1296583270/?autoplay=1","https://music.163.com/song?id=1296583270"
"2018-07-28","1532707200007","1296539348","We the best (Live)","GALI/未来星B3Rich","71852210","中国新说唱 第3期","146","1","orpheus://song/1296539348/?autoplay=1","https://music.163.com/song?id=1296539348"
"2018-07-28","1532707200007","1296548288","炮灰选手 (Live)","Desweet怼甜/Xigga","71852210","中国新说唱 第3期","129","1","orpheus://song/1296548288/?autoplay=1","https://music.163.com/song?id=1296548288"
"2018-07-28","1532707200007","1296583271","China Wave (Live)","Al Rocco/小安迪LilAndyKillThemAll","71852210","中国新说唱 第3期","134","1","orpheus://song/1296583271/?autoplay=1","https://music.163.com/song?id=1296583271"
"2018-07-28","1532707200007","1296548289","玩世不恭 (Live)","王齐铭WatchMe","71852210","中国新说唱 第3期","149","1","orpheus://song/1296548289/?autoplay=1","https://music.163.com/song?id=1296548289"
"2018-07-28","1532707200007","1296583272","Yellow Zodak (Live)","秃子2z/TONY REY 凯睿","71852210","中国新说唱 第3期","160","1","orpheus://song/1296583272/?autoplay=1","https://music.163.com/song?id=1296583272"
"2018-07-28","1532707200007","1296539349","穷光蛋 (Live)","DonotZetah/屁孩 Ryan","71852210","中国新说唱 第3期","142","1","orpheus://song/1296539349/?autoplay=1","https://music.163.com/song?id=1296539349"
"2018-07-28","1532707200007","1296539259","中国新说唱EP03 RAP03 (Live)","那吾克热-NW","71852210","中国新说唱 第3期","87","1","orpheus://song/1296539259/?autoplay=1","https://music.163.com/song?id=1296539259"
"2018-08-04","1533312000007","1297742801","离开 (Live)","MC HotDog 热狗/张震岳","72071868","中国新说唱 第4期","218","1","orpheus://song/1297742801/?autoplay=1","https://music.163.com/song?id=1297742801"
"2018-08-04","1533312000007","1297743782","死了都要爱 (Live)","G.E.M.邓紫棋/潘玮柏","72071868","中国新说唱 第4期","193","1","orpheus://song/1297743782/?autoplay=1","https://music.163.com/song?id=1297743782"
"2018-08-04","1533312000007","1297743784","中国新说唱EP04 Rap01","BLOWFEVER","72071868","中国新说唱 第4期","109","1","orpheus://song/1297743784/?autoplay=1","https://music.163.com/song?id=1297743784"
"2018-08-11","1533916800007","1300594121","追梦 (Live)","满舒克/王以太/BLOWFEVER/RED8红八","72070306","中国新说唱 第5期","197","1","orpheus://song/1300594121/?autoplay=1","https://music.163.com/song?id=1300594121"
"2018-08-11","1533916800007","1300595128","Rep That Culture (Live)","Al Rocco/那吾克热-NW","72070306","中国新说唱 第5期","156","1","orpheus://song/1300595128/?autoplay=1","https://music.163.com/song?id=1300595128"
"2018-08-11","1533916800007","1300452157","Get It Out (Live)","ICE杨长青/王齐铭WatchMe/周汤豪","72070306","中国新说唱 第5期","160","1","orpheus://song/1300452157/?autoplay=1","https://music.163.com/song?id=1300452157"
"2018-08-11","1533916800007","1300423168","安静的稻草人 (Live)","艾热 AIR/杨和苏KeyNG","72070306","中国新说唱 第5期","197","1","orpheus://song/1300423168/?autoplay=1","https://music.163.com/song?id=1300423168"
"2018-08-11","1533916800007","1300594119","动脑金 (Live)","派克特（PACT）/刘柏辛Lexie/JZN","72070306","中国新说唱 第5期","198","1","orpheus://song/1300594119/?autoplay=1","https://music.163.com/song?id=1300594119"
"2018-08-11","1533916800007","1300594120","我的梦 (Live)","功夫胖KUNGFU-PEN/Max马俊","72070306","中国新说唱 第5期","204","1","orpheus://song/1300594120/?autoplay=1","https://music.163.com/song?id=1300594120"
"2018-08-11","1533916800007","1300595127","中国新说唱EP05-RAP05","王以太","72070306","中国新说唱 第5期","115","1","orpheus://song/1300595127/?autoplay=1","https://music.163.com/song?id=1300595127"
"2018-08-18","1534521600007","1302091338","Champ(Live)","王以太/BLOWFEVER/那吾克热-NW/Al Rocco/RED8红八","72302926","中国新说唱 第6期","230","1","orpheus://song/1302091338/?autoplay=1","https://music.163.com/song?id=1302091338"
"2018-08-18","1534521600007","1302091339","24小时(Live)","派克特（PACT）/刘柏辛Lexie/功夫胖KUNGFU-PEN/Max马俊","72302926","中国新说唱 第6期","229","1","orpheus://song/1302091339/?autoplay=1","https://music.163.com/song?id=1302091339"
"2018-08-18","1534521600007","1302066405","顶天立地 (Live)","艾热 AIR/周汤豪/王齐铭WatchMe/ICE杨长青","72302926","中国新说唱 第6期","221","1","orpheus://song/1302066405/?autoplay=1","https://music.163.com/song?id=1302066405"
"2018-08-18","1534521600007","1302084362","中国新说唱EP06 RAP01 (Live)","陈梓童","72302926","中国新说唱 第6期","78","1","orpheus://song/1302084362/?autoplay=1","https://music.163.com/song?id=1302084362"
"2018-08-25","1535126400000","1305111058","吴亦凡战队Cypher (Live)","王以太/BLOWFEVER/那吾克热-NW","72603642","中国新说唱 第7期","132","1","orpheus://song/1305111058/?autoplay=1","https://music.163.com/song?id=1305111058"
"2018-08-25","1535126400000","1304922137","张震岳热狗战队Cypher (Live)","派克特（PACT）/功夫胖KUNGFU-PEN/刘柏辛Lexie","72603642","中国新说唱 第7期","184","1","orpheus://song/1304922137/?autoplay=1","https://music.163.com/song?id=1304922137"
"2018-08-25","1535126400000","1304922136","潘玮柏邓紫棋战队Cypher (Live)","艾热 AIR/周汤豪/ICE杨长青","72603642","中国新说唱 第7期","159","1","orpheus://song/1304922136/?autoplay=1","https://music.163.com/song?id=1304922136"
"2018-08-25","1535126400000","1304920093","I am the man (Live)","周汤豪","72603642","中国新说唱 第7期","160","1","orpheus://song/1304920093/?autoplay=1","https://music.163.com/song?id=1304920093"
"2018-08-25","1535126400000","1304929088","Coco Made Me Do It (Live)","刘柏辛Lexie","72603642","中国新说唱 第7期","179","1","orpheus://song/1304929088/?autoplay=1","https://music.163.com/song?id=1304929088"
"2018-08-25","1535126400000","1304920094","目不转睛 (Live)","王以太","72603642","中国新说唱 第7期","163","1","orpheus://song/1304920094/?autoplay=1","https://music.163.com/song?id=1304920094"
"2018-08-25","1535126400000","1305111035","中国新说唱EP07 RAP07 (Live)","艾热 AIR/李佳隆","72603642","中国新说唱 第7期","194","1","orpheus://song/1305111035/?autoplay=1","https://music.163.com/song?id=1305111035"
"2018-09-01","1535731200007","1306507052","蜕变 (Live)","潘玮柏/G.E.M.邓紫棋/艾热 AIR/ICE杨长青","72797621","中国新说唱 第8期","208","1","orpheus://song/1306507052/?autoplay=1","https://music.163.com/song?id=1306507052"
"2018-09-01","1535731200007","1306497050","飞太远 (Live)","张震岳/MC HotDog 热狗/派克特（PACT）/功夫胖KUNGFU-PEN/刘柏辛Lexie","72797621","中国新说唱 第8期","260","1","orpheus://song/1306497050/?autoplay=1","https://music.163.com/song?id=1306497050"
"2018-09-01","1535731200007","1306498048","漂 Part II (Live)","那吾克热-NW","72797621","中国新说唱 第8期","161","1","orpheus://song/1306498048/?autoplay=1","https://music.163.com/song?id=1306498048"
"2018-09-01","1535731200007","1306497048","旋转椅 (Live)","BLOWFEVER/RED8红八","72797621","中国新说唱 第8期","178","1","orpheus://song/1306497048/?autoplay=1","https://music.163.com/song?id=1306497048"
"2018-09-01","1535731200007","1306498049","巨人 (Live)","艾热 AIR","72797621","中国新说唱 第8期","238","1","orpheus://song/1306498049/?autoplay=1","https://music.163.com/song?id=1306498049"
"2018-09-01","1535731200007","1306497049","Trust My Gut (Live)","ICE杨长青","72797621","中国新说唱 第8期","198","1","orpheus://song/1306497049/?autoplay=1","https://music.163.com/song?id=1306497049"
"2018-09-01","1535731200007","1306496053","Y (Live)","派克特（PACT）","72797621","中国新说唱 第8期","207","1","orpheus://song/1306496053/?autoplay=1","https://music.163.com/song?id=1306496053"
"2018-09-01","1535731200007","1306498047","蹦极 (Live)","功夫胖KUNGFU-PEN","72797621","中国新说唱 第8期","178","1","orpheus://song/1306498047/?autoplay=1","https://music.163.com/song?id=1306498047"
"2018-09-01","1535731200007","1306497051","中国新说唱EP08 RAP01 (Live)","Swang多雷","72797621","中国新说唱 第8期","97","1","orpheus://song/1306497051/?autoplay=1","https://music.163.com/song?id=1306497051"
"2018-09-08","1536336000007","1306498829","时间是金 (Live)","王以太","72794867","中国新说唱 第9期","212","1","orpheus://song/1306498829/?autoplay=1","https://music.163.com/song?id=1306498829"
"2018-09-08","1536336000007","1306507875","AYA (Live)","ICE杨长青","72794867","中国新说唱 第9期","173","1","orpheus://song/1306507875/?autoplay=1","https://music.163.com/song?id=1306507875"
"2018-09-08","1536336000007","1306496848","小人物 (Live)","艾热 AIR","72794867","中国新说唱 第9期","216","1","orpheus://song/1306496848/?autoplay=1","https://music.163.com/song?id=1306496848"
"2018-09-08","1536336000007","1306496849","木兰 (Live)","刘柏辛Lexie","72794867","中国新说唱 第9期","183","1","orpheus://song/1306496849/?autoplay=1","https://music.163.com/song?id=1306496849"
"2018-09-08","1536336000007","1306507876","What you gon do (Live)","周汤豪","72794867","中国新说唱 第9期","185","1","orpheus://song/1306507876/?autoplay=1","https://music.163.com/song?id=1306507876"
"2018-09-08","1536336000007","1306498830","四季 (Live)","那吾克热-NW","72794867","中国新说唱 第9期","220","1","orpheus://song/1306498830/?autoplay=1","https://music.163.com/song?id=1306498830"
"2018-09-08","1536336000007","1306498831","童言无忌 (Live)","王以太","72794867","中国新说唱 第9期","246","1","orpheus://song/1306498831/?autoplay=1","https://music.163.com/song?id=1306498831"
"2018-09-08","1536336000007","1306498832","乌云中 (Live)","艾热 AIR","72794867","中国新说唱 第9期","238","1","orpheus://song/1306498832/?autoplay=1","https://music.163.com/song?id=1306498832"
"2018-09-08","1536336000007","1306497870","做你自己 (Live)","周汤豪","72794867","中国新说唱 第9期","177","1","orpheus://song/1306497870/?autoplay=1","https://music.163.com/song?id=1306497870"
"2018-09-08","1536336000007","1306507877","中国新说唱EP09 RAP01 (Live)","刘柏辛Lexie","72794867","中国新说唱 第9期","154","1","orpheus://song/1306507877/?autoplay=1","https://music.163.com/song?id=1306507877"
"2018-09-15","1536940800000","1309901075","Dear John (伴奏完整版)","吉克隽逸/周汤豪","73326637","中国新说唱 第10期","252","1","orpheus://song/1309901075/?autoplay=1","https://music.163.com/song?id=1309901075"
"2018-09-15","1536940800000","1308818968","Dear John (补唱版)","吉克隽逸/周汤豪","73326637","中国新说唱 第10期","249","1","orpheus://song/1308818968/?autoplay=1","https://music.163.com/song?id=1308818968"
"2018-09-15","1536940800000","1308818966","王牌冤家 (Live)","李荣浩/ICE杨长青","73326637","中国新说唱 第10期","211","1","orpheus://song/1308818966/?autoplay=1","https://music.163.com/song?id=1308818966"
"2018-09-15","1536940800000","1308818967","飘向北方 (Live)","那吾克热-NW/尤长靖","73326637","中国新说唱 第10期","258","1","orpheus://song/1308818967/?autoplay=1","https://music.163.com/song?id=1308818967"
"2018-09-15","1536940800000","1309903082","City Lights (Live)","刘柏辛Lexie","73326637","中国新说唱 第10期","182","1","orpheus://song/1309903082/?autoplay=1","https://music.163.com/song?id=1309903082"
"2018-09-15","1536940800000","1308782999","Time To Shine (Live)","周汤豪","73326637","中国新说唱 第10期","226","1","orpheus://song/1308782999/?autoplay=1","https://music.163.com/song?id=1308782999"
"2018-09-15","1536940800000","1308783004","中国新说唱EP10 RAP01","ICE杨长青","73326637","中国新说唱 第10期","78","1","orpheus://song/1308783004/?autoplay=1","https://music.163.com/song?id=1308783004"
"2018-09-22","1537545600000","1311347342","每一天 (live)","满舒克","73471726","中国新说唱 第11期","135","1","orpheus://song/1311347342/?autoplay=1","https://music.163.com/song?id=1311347342"
"2018-09-22","1537545600000","1311319387","West Side (Live)","艾热 AIR","73471726","中国新说唱 第11期","127","1","orpheus://song/1311319387/?autoplay=1","https://music.163.com/song?id=1311319387"
"2018-09-22","1537545600000","1311347344","梦魇 (Live)","王以太","73471726","中国新说唱 第11期","114","1","orpheus://song/1311347344/?autoplay=1","https://music.163.com/song?id=1311347344"
"2018-09-22","1537545600000","1311346362","都是小事儿 (live)","艾热 AIR","73471726","中国新说唱 第11期","134","1","orpheus://song/1311346362/?autoplay=1","https://music.163.com/song?id=1311346362"
"2018-09-22","1537545600000","1311347345","Sun (live)","小青龙","73471726","中国新说唱 第11期","133","1","orpheus://song/1311347345/?autoplay=1","https://music.163.com/song?id=1311347345"
"2018-09-22","1537545600000","1311346363","往昔 (live)","艾热 AIR","73471726","中国新说唱 第11期","142","1","orpheus://song/1311346363/?autoplay=1","https://music.163.com/song?id=1311346363"
"2018-09-22","1537545600000","1311345341","情深深雨濛濛 (live)","周汤豪","73471726","中国新说唱 第11期","141","1","orpheus://song/1311345341/?autoplay=1","https://music.163.com/song?id=1311345341"
"2018-09-22","1537545600000","1311345342","受够了 (live)","艾热 AIR","73471726","中国新说唱 第11期","122","1","orpheus://song/1311345342/?autoplay=1","https://music.163.com/song?id=1311345342"
"2018-09-22","1537545600000","1311345343","特别 (live)","李佳隆","73471726","中国新说唱 第11期","119","1","orpheus://song/1311345343/?autoplay=1","https://music.163.com/song?id=1311345343"
"2018-09-22","1537545600000","1311346364","家走 (live)","艾热 AIR","73471726","中国新说唱 第11期","152","1","orpheus://song/1311346364/?autoplay=1","https://music.163.com/song?id=1311346364"
"2018-09-22","1537545600000","1311345344","中国新说唱EP11 Rap01","小青龙","73471726","中国新说唱 第11期","106","1","orpheus://song/1311345344/?autoplay=1","https://music.163.com/song?id=1311345344"
"2018-09-22","1537545600000","1311347372","纸飞机 (Live)","那吾克热-NW","73471726","中国新说唱 第11期","237","1","orpheus://song/1311347372/?autoplay=1","https://music.163.com/song?id=1311347372"
"2018-09-22","1537545600000","1311319409","U DON’T KNOW (live)","ICE杨长青","73471726","中国新说唱 第11期","153","1","orpheus://song/1311319409/?autoplay=1","https://music.163.com/song?id=1311319409"
"2018-09-22","1537545600000","1311345365","Dripping Sauce (live)","刘柏辛Lexie","73471726","中国新说唱 第11期","193","1","orpheus://song/1311345365/?autoplay=1","https://music.163.com/song?id=1311345365"
"2018-09-22","1537545600000","1311346391","乌云中 (Live)","艾热 AIR","73471726","中国新说唱 第11期","240","1","orpheus://song/1311346391/?autoplay=1","https://music.163.com/song?id=1311346391"
"2018-09-29","1538150400000","1313107659","金曲Cypher (Live)","那吾克热-NW/周汤豪/王齐铭WatchMe/ICE杨长青/艾热 AIR","73471009","中国新说唱 第12期","421","1","orpheus://song/1313107659/?autoplay=1","https://music.163.com/song?id=1313107659"
"2018-09-29","1538150400000","1313558234","星球坠落 (Live)","艾热 AIR/李佳隆","73471009","中国新说唱 第12期","180","1","orpheus://song/1313558234/?autoplay=1","https://music.163.com/song?id=1313558234"
"2018-09-29","1538150400000","1313107589","目不转睛 (Live)","王以太","73471009","中国新说唱 第12期","169","1","orpheus://song/1313107589/?autoplay=1","https://music.163.com/song?id=1313107589"
"2018-09-29","1538150400000","1313107591","嗨嗨人生 (Live)","张震岳/MC HotDog 热狗","73471009","中国新说唱 第12期","217","1","orpheus://song/1313107591/?autoplay=1","https://music.163.com/song?id=1313107591"
"2018-09-29","1538150400000","1313107593","Moonlight (Live)","潘玮柏/袁娅维TIA RAY","73471009","中国新说唱 第12期","195","1","orpheus://song/1313107593/?autoplay=1","https://music.163.com/song?id=1313107593"
"2018-09-29","1538150400000","1313107594","倒数 (Live)","G.E.M.邓紫棋","73471009","中国新说唱 第12期","228","1","orpheus://song/1313107594/?autoplay=1","https://music.163.com/song?id=1313107594"
"2018-09-29","1538150400000","1313558310","中国新说唱EP12 RAP01 (Live)","Max马俊","73471009","中国新说唱 第12期","84","1","orpheus://song/1313558310/?autoplay=1","https://music.163.com/song?id=1313558310"
"2018-10-06","1538755200007","1313107926","攀登 (Live)","潘玮柏/G.E.M.邓紫棋/艾热 AIR","73681733","中国新说唱 第13期","251","1","orpheus://song/1313107926/?autoplay=1","https://music.163.com/song?id=1313107926"
"2018-10-06","1538755200007","1313107927","孤独求败 (Live)","张震岳/MC HotDog 热狗/刘柏辛Lexie","73681733","中国新说唱 第13期","226","1","orpheus://song/1313107927/?autoplay=1","https://music.163.com/song?id=1313107927"
"2018-10-06","1538755200007","1313107929","华夏power (Live)","ICE杨长青","73681733","中国新说唱 第13期","192","1","orpheus://song/1313107929/?autoplay=1","https://music.163.com/song?id=1313107929"
"2018-10-06","1538755200007","1313558596","Real Man (Live)","那吾克热-NW","73681733","中国新说唱 第13期","200","1","orpheus://song/1313558596/?autoplay=1","https://music.163.com/song?id=1313558596"
"2018-10-06","1538755200007","1313052974","新三部曲 (Live)","艾热 AIR","73681733","中国新说唱 第13期","282","1","orpheus://song/1313052974/?autoplay=1","https://music.163.com/song?id=1313052974"
"2018-10-06","1538755200007","1313102808","水滴石穿 (Live)","那吾克热-NW","73681733","中国新说唱 第13期","204","1","orpheus://song/1313102808/?autoplay=1","https://music.163.com/song?id=1313102808"
"2019-06-14","1560441600000","1371757226","杨和苏 阿卡贝拉/freestyle (live)","杨和苏KeyNG","79790662","中国新说唱2019 第一期","43","1","orpheus://song/1371757226/?autoplay=1","https://music.163.com/song?id=1371757226"
"2019-06-14","1560441600000","1371757212","新秀 阿卡贝拉 (Live)","新秀","79790662","中国新说唱2019 第一期","30","1","orpheus://song/1371757212/?autoplay=1","https://music.163.com/song?id=1371757212"
"2019-06-14","1560441600000","1371750005","新秀 Freestyle (Live)","新秀","79790662","中国新说唱2019 第一期","22","1","orpheus://song/1371750005/?autoplay=1","https://music.163.com/song?id=1371750005"
"2019-06-14","1560441600000","1371757211","小酷Coola 阿卡贝拉 (Live)","小酷Coola","79790662","中国新说唱2019 第一期","24","1","orpheus://song/1371757211/?autoplay=1","https://music.163.com/song?id=1371757211"
"2019-06-14","1560441600000","1371757209","小酷Coola Freestyle (Live)","小酷Coola","79790662","中国新说唱2019 第一期","10","1","orpheus://song/1371757209/?autoplay=1","https://music.163.com/song?id=1371757209"
"2019-06-14","1560441600000","1371757253","西奥Sio 阿卡贝拉 (Live)","西奥Sio","79790662","中国新说唱2019 第一期","36","1","orpheus://song/1371757253/?autoplay=1","https://music.163.com/song?id=1371757253"
"2019-06-14","1560441600000","1371750019","西奥Sio Freestyle (Live)","西奥Sio","79790662","中国新说唱2019 第一期","36","1","orpheus://song/1371750019/?autoplay=1","https://music.163.com/song?id=1371750019"
"2019-06-14","1560441600000","1371750017","孙旭 阿卡贝拉 (live)","龙井说唱 孙旭","79790662","中国新说唱2019 第一期","31","1","orpheus://song/1371750017/?autoplay=1","https://music.163.com/song?id=1371750017"
"2019-06-14","1560441600000","1371757216","孙旭 freestyle (live)","龙井说唱 孙旭","79790662","中国新说唱2019 第一期","14","1","orpheus://song/1371757216/?autoplay=1","https://music.163.com/song?id=1371757216"
"2019-06-14","1560441600000","1371750016","孙骁 阿卡贝拉 (live)","龙井说唱 孙骁","79790662","中国新说唱2019 第一期","24","1","orpheus://song/1371750016/?autoplay=1","https://music.163.com/song?id=1371750016"
"2019-06-14","1560441600000","1371757225","孙骁 freestyle (live)","龙井说唱 孙骁","79790662","中国新说唱2019 第一期","14","1","orpheus://song/1371757225/?autoplay=1","https://music.163.com/song?id=1371757225"
"2019-06-14","1560441600000","1371757223","慕斯塔法 Freestyle (Live)","慕斯塔法","79790662","中国新说唱2019 第一期","19","1","orpheus://song/1371757223/?autoplay=1","https://music.163.com/song?id=1371757223"
"2019-06-14","1560441600000","1371750006","何美延 阿卡贝拉 (live)","何美延HAMY","79790662","中国新说唱2019 第一期","18","1","orpheus://song/1371750006/?autoplay=1","https://music.163.com/song?id=1371750006"
"2019-06-14","1560441600000","1371757214","何美延 freestyle (live)","何美延HAMY","79790662","中国新说唱2019 第一期","22","1","orpheus://song/1371757214/?autoplay=1","https://music.163.com/song?id=1371757214"
"2019-06-14","1560441600000","1371757229","爆音 阿卡贝拉 (live)","爆音BOOM","79790662","中国新说唱2019 第一期","37","1","orpheus://song/1371757229/?autoplay=1","https://music.163.com/song?id=1371757229"
"2019-06-14","1560441600000","1371757230","爆音 freestyle (live)","爆音BOOM","79790662","中国新说唱2019 第一期","42","1","orpheus://song/1371757230/?autoplay=1","https://music.163.com/song?id=1371757230"
"2019-06-14","1560441600000","1371757215","L4WUDU 阿卡贝拉 (Live)","雾都L4WUDU","79790662","中国新说唱2019 第一期","23","1","orpheus://song/1371757215/?autoplay=1","https://music.163.com/song?id=1371757215"
"2019-06-14","1560441600000","1371757210","L4WUDU Freestyle (Live)","雾都L4WUDU","79790662","中国新说唱2019 第一期","18","1","orpheus://song/1371757210/?autoplay=1","https://music.163.com/song?id=1371757210"
"2019-06-14","1560441600000","1371757213","JN 阿卡贝拉 (Live)","JN","79790662","中国新说唱2019 第一期","17","1","orpheus://song/1371757213/?autoplay=1","https://music.163.com/song?id=1371757213"
"2019-06-14","1560441600000","1371757227","DOOOBOI 阿卡贝拉 (live)","Doooboi","79790662","中国新说唱2019 第一期","49","1","orpheus://song/1371757227/?autoplay=1","https://music.163.com/song?id=1371757227"
"2019-06-14","1560441600000","2742529132","KAFE.HU 阿卡贝拉 (Live)","KAFE.HU胡懿","79790662","中国新说唱2019 第一期","64","1","orpheus://song/2742529132/?autoplay=1","https://music.163.com/song?id=2742529132"
"2019-06-14","1560441600000","2742435917","黄旭 阿卡贝拉 (Live)","黄旭BooM","79790662","中国新说唱2019 第一期","46","1","orpheus://song/2742435917/?autoplay=1","https://music.163.com/song?id=2742435917"
"2019-06-14","1560441600000","2742533168","王骞Boc 阿卡贝拉 (Live)","王骞Boc","79790662","中国新说唱2019 第一期","32","1","orpheus://song/2742533168/?autoplay=1","https://music.163.com/song?id=2742533168"
"2019-06-14","1560441600000","2742533178","王骞Boc freestyle (Live)","王骞Boc","79790662","中国新说唱2019 第一期","19","1","orpheus://song/2742533178/?autoplay=1","https://music.163.com/song?id=2742533178"
"2019-06-21","1561046400000","1373172344","嘿人李逵 阿卡贝拉 (live)","Kui Kui","79919480","中国新说唱2019 第二期","25","1","orpheus://song/1373172344/?autoplay=1","https://music.163.com/song?id=1373172344"
"2019-06-21","1561046400000","1373168678","艾乐瑞 阿卡贝拉 (live)","LRAYLRAY029","79919480","中国新说唱2019 第二期","13","1","orpheus://song/1373168678/?autoplay=1","https://music.163.com/song?id=1373168678"
"2019-06-21","1561046400000","1373168687","福克斯 阿卡贝拉 (live)","FOX胡天渝","79919480","中国新说唱2019 第二期","31","1","orpheus://song/1373168687/?autoplay=1","https://music.163.com/song?id=1373168687"
"2019-06-21","1561046400000","1373168799","NINEONE 阿卡贝拉 (live)","NINEONE#乃万","79919480","中国新说唱2019 第二期","39","1","orpheus://song/1373168799/?autoplay=1","https://music.163.com/song?id=1373168799"
"2019-06-21","1561046400000","1373168822","KEY.L 阿卡贝拉 (live)","KEY.L刘聪","79919480","中国新说唱2019 第二期","51","1","orpheus://song/1373168822/?autoplay=1","https://music.163.com/song?id=1373168822"
"2019-06-21","1561046400000","1373168847","功夫胖 阿卡贝拉 (live)","功夫胖KUNGFU-PEN","79919480","中国新说唱2019 第二期","36","1","orpheus://song/1373168847/?autoplay=1","https://music.163.com/song?id=1373168847"
"2019-06-21","1561046400000","1373168870","大傻 阿卡贝拉 (live)","盛宇D-SHINE","79919480","中国新说唱2019 第二期","39","1","orpheus://song/1373168870/?autoplay=1","https://music.163.com/song?id=1373168870"
"2019-06-21","1561046400000","1373172658","熊猫 阿卡贝拉 第一轮 (live)","熊猫涂杰","79919480","中国新说唱2019 第二期","35","1","orpheus://song/1373172658/?autoplay=1","https://music.163.com/song?id=1373172658"
"2019-06-21","1561046400000","1373197150","熊猫 阿卡贝拉 第二轮 (live)","熊猫涂杰","79919480","中国新说唱2019 第二期","10","1","orpheus://song/1373197150/?autoplay=1","https://music.163.com/song?id=1373197150"
"2019-06-21","1561046400000","1373186912","陈令韬 阿卡贝拉 第一轮 (live)","陈令韬","79919480","中国新说唱2019 第二期","22","1","orpheus://song/1373186912/?autoplay=1","https://music.163.com/song?id=1373186912"
"2019-06-21","1561046400000","1373197125","陈令韬 阿卡贝拉 第二轮 (live)","陈令韬","79919480","中国新说唱2019 第二期","9","1","orpheus://song/1373197125/?autoplay=1","https://music.163.com/song?id=1373197125"
"2019-06-21","1561046400000","1373184869","Cati2 阿卡贝拉 (live)","CATI2","79919480","中国新说唱2019 第二期","22","1","orpheus://song/1373184869/?autoplay=1","https://music.163.com/song?id=1373184869"
"2019-06-21","1561046400000","1373184962","ZT 阿卡贝拉 (live)","ZT","79919480","中国新说唱2019 第二期","8","1","orpheus://song/1373184962/?autoplay=1","https://music.163.com/song?id=1373184962"
"2019-06-21","1561046400000","1373193361","闻西 阿卡贝拉 (live)","GAS闻西","79919480","中国新说唱2019 第二期","8","1","orpheus://song/1373193361/?autoplay=1","https://music.163.com/song?id=1373193361"
"2019-06-21","1561046400000","1373194206","昊昊 阿卡贝拉 (live)","昊昊HOHO","79919480","中国新说唱2019 第二期","8","1","orpheus://song/1373194206/?autoplay=1","https://music.163.com/song?id=1373194206"
"2019-06-21","1561046400000","1373194375","张道正 阿卡贝拉 (live)","AKA道长","79919480","中国新说唱2019 第二期","39","1","orpheus://song/1373194375/?autoplay=1","https://music.163.com/song?id=1373194375"
"2019-06-21","1561046400000","1373194665","VOB 阿卡贝拉 (live)","V.O.B","79919480","中国新说唱2019 第二期","21","1","orpheus://song/1373194665/?autoplay=1","https://music.163.com/song?id=1373194665"
"2019-06-21","1561046400000","1373194768","Orenda 阿卡贝拉 (live)","舒灏Orenda","79919480","中国新说唱2019 第二期","30","1","orpheus://song/1373194768/?autoplay=1","https://music.163.com/song?id=1373194768"
"2019-06-21","1561046400000","1373195668","宝石gem 阿卡贝拉 (live)","宝石Gem","79919480","中国新说唱2019 第二期","32","1","orpheus://song/1373195668/?autoplay=1","https://music.163.com/song?id=1373195668"
"2019-06-21","1561046400000","1373197466","CREAM D 阿卡贝拉 (live)","CREAM D","79919480","中国新说唱2019 第二期","25","1","orpheus://song/1373197466/?autoplay=1","https://music.163.com/song?id=1373197466"
"2019-06-21","1561046400000","1373197540","Kpl 阿卡贝拉 第一轮 (live)","Kpl龙别","79919480","中国新说唱2019 第二期","21","1","orpheus://song/1373197540/?autoplay=1","https://music.163.com/song?id=1373197540"
"2019-06-21","1561046400000","1373198819","kpl freestyle 第二轮 (live)","Kpl龙别","79919480","中国新说唱2019 第二期","8","8","orpheus://song/1373198819/?autoplay=1","https://music.163.com/song?id=1373198819"
"2019-06-21","1561046400000","1373199154","爱丽儿 阿卡贝拉 (live)","Peachyri","79919480","中国新说唱2019 第二期","23","1","orpheus://song/1373199154/?autoplay=1","https://music.163.com/song?id=1373199154"
"2019-06-21","1561046400000","1373199303","FreeC  阿卡贝拉 (live)","FreeC","79919480","中国新说唱2019 第二期","21","1","orpheus://song/1373199303/?autoplay=1","https://music.163.com/song?id=1373199303"
"2019-06-21","1561046400000","1373197992","冲天小火箭 freestyle (live)","小火箭BABYROCKY","79919480","中国新说唱2019 第二期","23","1","orpheus://song/1373197992/?autoplay=1","https://music.163.com/song?id=1373197992"
"2019-06-21","1561046400000","1373201061","咪小咪 阿卡贝拉 (live)","咪小咪MxM","79919480","中国新说唱2019 第二期","29","1","orpheus://song/1373201061/?autoplay=1","https://music.163.com/song?id=1373201061"
"2019-06-21","1561046400000","1373201216","PM小丑 freestyle (live)","JOKERAKAPM","79919480","中国新说唱2019 第二期","40","1","orpheus://song/1373201216/?autoplay=1","https://music.163.com/song?id=1373201216"
"2019-06-21","1561046400000","1373201286","功夫胖 跳跳蛙 (live)","功夫胖KUNGFU-PEN","79919480","中国新说唱2019 第二期","73","1","orpheus://song/1373201286/?autoplay=1","https://music.163.com/song?id=1373201286"
"2019-06-21","1561046400000","1373199957","杨和苏 加冕 (live)","杨和苏KeyNG","79919480","中国新说唱2019 第二期","71","1","orpheus://song/1373199957/?autoplay=1","https://music.163.com/song?id=1373199957"
"2019-06-28","1561651200000","1374646567","我要rap (Live)","Kui Kui","80067973","中国新说唱2019 第三期","63","1","orpheus://song/1374646567/?autoplay=1","https://music.163.com/song?id=1374646567"
"2019-06-28","1561651200000","1374647402","巴适 (Live)","王翰鹏YAC","80067973","中国新说唱2019 第三期","70","1","orpheus://song/1374647402/?autoplay=1","https://music.163.com/song?id=1374647402"
"2019-06-28","1561651200000","1374646706","Runaway (Live)","SeanT肖恩恩","80067973","中国新说唱2019 第三期","65","1","orpheus://song/1374646706/?autoplay=1","https://music.163.com/song?id=1374646706"
"2019-06-28","1561651200000","1374646713","哇唔 (Live)","小蓝Blue","80067973","中国新说唱2019 第三期","63","1","orpheus://song/1374646713/?autoplay=1","https://music.163.com/song?id=1374646713"
"2019-06-28","1561651200000","1374646715","0771 (Live)","TACE","80067973","中国新说唱2019 第三期","72","1","orpheus://song/1374646715/?autoplay=1","https://music.163.com/song?id=1374646715"
"2019-06-28","1561651200000","1374646729","名人堂 (Live)","盛宇D-SHINE","80067973","中国新说唱2019 第三期","72","1","orpheus://song/1374646729/?autoplay=1","https://music.163.com/song?id=1374646729"
"2019-06-28","1561651200000","1374647512","江湖流 (Live)","KEY.L刘聪","80067973","中国新说唱2019 第三期","73","1","orpheus://song/1374647512/?autoplay=1","https://music.163.com/song?id=1374647512"
"2019-06-28","1561651200000","1374647517","无处躲藏 (Live)","海日","80067973","中国新说唱2019 第三期","61","1","orpheus://song/1374647517/?autoplay=1","https://music.163.com/song?id=1374647517"
"2019-06-28","1561651200000","1374647555","勇敢者游戏 (Live)","俞天时","80067973","中国新说唱2019 第三期","70","1","orpheus://song/1374647555/?autoplay=1","https://music.163.com/song?id=1374647555"
"2019-06-28","1561651200000","1374646821","庆功酒 (Live)","FOX胡天渝","80067973","中国新说唱2019 第三期","63","1","orpheus://song/1374646821/?autoplay=1","https://music.163.com/song?id=1374646821"
"2019-06-28","1561651200000","1374647558","怕 (Live)","西米","80067973","中国新说唱2019 第三期","59","1","orpheus://song/1374647558/?autoplay=1","https://music.163.com/song?id=1374647558"
"2019-06-28","1561651200000","1374646835","拜拜 (Live)","Yee","80067973","中国新说唱2019 第三期","71","1","orpheus://song/1374646835/?autoplay=1","https://music.163.com/song?id=1374646835"
"2019-06-28","1561651200000","1374646859","无名之辈刘炫廷 (Live)","刘炫廷","80067973","中国新说唱2019 第三期","72","1","orpheus://song/1374646859/?autoplay=1","https://music.163.com/song?id=1374646859"
"2019-06-28","1561651200000","1374647577","彩虹宝宝 (Live)","Doooboi","80067973","中国新说唱2019 第三期","64","1","orpheus://song/1374647577/?autoplay=1","https://music.163.com/song?id=1374647577"
"2019-06-28","1561651200000","1374647579","燃烧 (Live)","YOUNGLEGO","80067973","中国新说唱2019 第三期","67","1","orpheus://song/1374647579/?autoplay=1","https://music.163.com/song?id=1374647579"
"2019-06-28","1561651200000","1374647581","春丽 (Live)","FreeC","80067973","中国新说唱2019 第三期","70","1","orpheus://song/1374647581/?autoplay=1","https://music.163.com/song?id=1374647581"
"2019-06-28","1561651200000","1374646872","翠 (Live)","许凌畅","80067973","中国新说唱2019 第三期","65","1","orpheus://song/1374646872/?autoplay=1","https://music.163.com/song?id=1374646872"
"2019-06-28","1561651200000","1374646875","STND (Live)","BigOrange/TDD","80067973","中国新说唱2019 第三期","71","1","orpheus://song/1374646875/?autoplay=1","https://music.163.com/song?id=1374646875"
"2019-06-28","1561651200000","1374646895","Battle MC (Live)","爆音BOOM","80067973","中国新说唱2019 第三期","65","1","orpheus://song/1374646895/?autoplay=1","https://music.163.com/song?id=1374646895"
"2019-06-28","1561651200000","1374647894","爆音freestyle (Live)","爆音BOOM","80067973","中国新说唱2019 第三期","85","1","orpheus://song/1374647894/?autoplay=1","https://music.163.com/song?id=1374647894"
"2019-06-28","1561651200000","1374647604","请多关照 (Live)","龙井说唱 孙旭","80067973","中国新说唱2019 第三期","66","1","orpheus://song/1374647604/?autoplay=1","https://music.163.com/song?id=1374647604"
"2019-06-28","1561651200000","1374647627","U.M.F (Live)","CATI2","80067973","中国新说唱2019 第三期","74","1","orpheus://song/1374647627/?autoplay=1","https://music.163.com/song?id=1374647627"
"2019-06-28","1561651200000","1374646990","Everybody (Live)","龙井说唱 孙骁","80067973","中国新说唱2019 第三期","64","1","orpheus://song/1374646990/?autoplay=1","https://music.163.com/song?id=1374646990"
"2019-06-28","1561651200000","2742530385","ROUND2 (Live)","KAFE.HU胡懿","80067973","中国新说唱2019 第三期","70","1","orpheus://song/2742530385/?autoplay=1","https://music.163.com/song?id=2742530385"
"2019-06-28","1561651200000","2742438278","大力水手 (Live)","黄旭BooM","80067973","中国新说唱2019 第三期","72","1","orpheus://song/2742438278/?autoplay=1","https://music.163.com/song?id=2742438278"
"2019-06-28","1561651200000","2742530412","燃烧 (Live)","YOUNGLEGO","80067973","中国新说唱2019 第三期","67","1","orpheus://song/2742530412/?autoplay=1","https://music.163.com/song?id=2742530412"
"2019-07-05","1562256000000","1376117441","Modern Freestyle (Live)","Lee A","80235556","中国新说唱2019 第四期","37","1","orpheus://song/1376117441/?autoplay=1","https://music.163.com/song?id=1376117441"
"2019-07-05","1562256000000","1376117451","深渊列车 (Live)","Devil.Wu","80235556","中国新说唱2019 第四期","68","1","orpheus://song/1376117451/?autoplay=1","https://music.163.com/song?id=1376117451"
"2019-07-05","1562256000000","1376121107","Kung Fu (Live)","JOKERAKAPM","80235556","中国新说唱2019 第四期","63","1","orpheus://song/1376121107/?autoplay=1","https://music.163.com/song?id=1376121107"
"2019-07-05","1562256000000","1376121132","PM小丑 freestyle (Live)","JOKERAKAPM","80235556","中国新说唱2019 第四期","63","1","orpheus://song/1376121132/?autoplay=1","https://music.163.com/song?id=1376121132"
"2019-07-05","1562256000000","1376121145","Legend (Live)","宝石Gem","80235556","中国新说唱2019 第四期","63","1","orpheus://song/1376121145/?autoplay=1","https://music.163.com/song?id=1376121145"
"2019-07-05","1562256000000","1376121167","Wild Style (Live)","斯威特MCSWEET","80235556","中国新说唱2019 第四期","63","1","orpheus://song/1376121167/?autoplay=1","https://music.163.com/song?id=1376121167"
"2019-07-05","1562256000000","1376117578","太啰嗦 (Live)","舒灏Orenda","80235556","中国新说唱2019 第四期","72","1","orpheus://song/1376117578/?autoplay=1","https://music.163.com/song?id=1376117578"
"2019-07-05","1562256000000","1376117657","火力全开 (Live)","V.O.B","80235556","中国新说唱2019 第四期","68","1","orpheus://song/1376117657/?autoplay=1","https://music.163.com/song?id=1376117657"
"2019-07-05","1562256000000","2742519634","Monster (Live)","KAFE.HU胡懿/王骞Boc","80235556","中国新说唱2019 第四期","131","1","orpheus://song/2742519634/?autoplay=1","https://music.163.com/song?id=2742519634"
"2019-07-05","1562256000000","1376121316","游乐场 (Live)","雾都L4WUDU/谟西Mercy","80235556","中国新说唱2019 第四期","164","1","orpheus://song/1376121316/?autoplay=1","https://music.163.com/song?id=1376121316"
"2019-07-05","1562256000000","1376121323","Black & Yellow (Live)","Kui Kui/刘炫廷","80235556","中国新说唱2019 第四期","154","1","orpheus://song/1376121323/?autoplay=1","https://music.163.com/song?id=1376121323"
"2019-07-05","1562256000000","1376121066","潜力股 (Live)","何美延HAMY","80235556","中国新说唱2019 第四期","69","1","orpheus://song/1376121066/?autoplay=1","https://music.163.com/song?id=1376121066"
"2019-07-05","1562256000000","1376117641","NO CAP (Live)","Capper","80235556","中国新说唱2019 第四期","71","1","orpheus://song/1376117641/?autoplay=1","https://music.163.com/song?id=1376117641"
"2019-07-05","1562256000000","1376117449","雾都夜话 (Live)","雾都L4WUDU","80235556","中国新说唱2019 第四期","71","1","orpheus://song/1376117449/?autoplay=1","https://music.163.com/song?id=1376117449"
"2019-07-05","1562256000000","1376117573","22 (Live)","NINEONE#乃万","80235556","中国新说唱2019 第四期","54","1","orpheus://song/1376117573/?autoplay=1","https://music.163.com/song?id=1376117573"
"2019-07-05","1562256000000","1376121337","新庐山 (Live)","盛宇D-SHINE/Capper","80235556","中国新说唱2019 第四期","163","1","orpheus://song/1376121337/?autoplay=1","https://music.163.com/song?id=1376121337"
"2019-07-05","1562256000000","2742519138","Kung Fu (Live|伴奏)","JOKERAKAPM","80235556","中国新说唱2019 第四期","63","1","orpheus://song/2742519138/?autoplay=1","https://music.163.com/song?id=2742519138"
"2019-07-05","1562256000000","2742519637","Wild Style (Live|伴奏)","斯威特MCSWEET","80235556","中国新说唱2019 第四期","63","1","orpheus://song/2742519637/?autoplay=1","https://music.163.com/song?id=2742519637"
"2019-07-05","1562256000000","2742519638","火力全开 (Live|伴奏)","V.O.B","80235556","中国新说唱2019 第四期","68","1","orpheus://song/2742519638/?autoplay=1","https://music.163.com/song?id=2742519638"
"2019-07-05","1562256000000","2742519139","NO CAP (Live|伴奏)","Capper","80235556","中国新说唱2019 第四期","71","1","orpheus://song/2742519139/?autoplay=1","https://music.163.com/song?id=2742519139"
"2019-07-05","1562256000000","2742519140","新庐山 (Live|伴奏)","盛宇D-SHINE/Capper","80235556","中国新说唱2019 第四期","163","1","orpheus://song/2742519140/?autoplay=1","https://music.163.com/song?id=2742519140"
"2019-07-12","1562860800000","1377519496","What's up G (Live)","龙井说唱 孙骁/拉音","80361454","中国新说唱2019 第五期","143","1","orpheus://song/1377519496/?autoplay=1","https://music.163.com/song?id=1377519496"
"2019-07-12","1562860800000","2742519554","彩虹弟弟 (Live)","OBi林胜也/Doooboi","80361454","中国新说唱2019 第五期","138","1","orpheus://song/2742519554/?autoplay=1","https://music.163.com/song?id=2742519554"
"2019-07-12","1562860800000","1377519510","从此以后 (Live)","CREAM D/黄旭BooM","80361454","中国新说唱2019 第五期","166","1","orpheus://song/1377519510/?autoplay=1","https://music.163.com/song?id=1377519510"
"2019-07-12","1562860800000","1377519537","叮叮梆梆 (Live)","李方丁/李棒棒Muti","80361454","中国新说唱2019 第五期","132","1","orpheus://song/1377519537/?autoplay=1","https://music.163.com/song?id=1377519537"
"2019-07-12","1562860800000","2742519556","多久 (Live)","FreeC/王大痣","80361454","中国新说唱2019 第五期","158","1","orpheus://song/2742519556/?autoplay=1","https://music.163.com/song?id=2742519556"
"2019-07-12","1562860800000","1377519538","JND (Live)","JN/JD","80361454","中国新说唱2019 第五期","151","1","orpheus://song/1377519538/?autoplay=1","https://music.163.com/song?id=1377519538"
"2019-07-12","1562860800000","1377519540","旧时光 (Live)","福来/Drunkmonster","80361454","中国新说唱2019 第五期","158","1","orpheus://song/1377519540/?autoplay=1","https://music.163.com/song?id=1377519540"
"2019-07-12","1562860800000","1377519494","逆流 (Live)","杨和苏KeyNG/Lil Boo","80361454","中国新说唱2019 第五期","192","1","orpheus://song/1377519494/?autoplay=1","https://music.163.com/song?id=1377519494"
"2019-07-12","1562860800000","1377519495","Follow Me (Live)","FOX胡天渝/Golden Flow","80361454","中国新说唱2019 第五期","129","1","orpheus://song/1377519495/?autoplay=1","https://music.163.com/song?id=1377519495"
"2019-07-12","1562860800000","1377521065","长歌行 (Live)","西奥Sio/新秀","80361454","中国新说唱2019 第五期","170","1","orpheus://song/1377521065/?autoplay=1","https://music.163.com/song?id=1377521065"
"2019-07-12","1562860800000","2742519063","What's up G (Live|伴奏)","龙井说唱 孙骁/拉音","80361454","中国新说唱2019 第五期","143","1","orpheus://song/2742519063/?autoplay=1","https://music.163.com/song?id=2742519063"
"2019-07-12","1562860800000","2742519064","彩虹弟弟 (Live|伴奏)","OBi林胜也/Doooboi","80361454","中国新说唱2019 第五期","138","0","orpheus://song/2742519064/?autoplay=1","https://music.163.com/song?id=2742519064"
"2019-07-12","1562860800000","2742519560","从此以后 (Live|伴奏)","黄旭BooM/CREAM D","80361454","中国新说唱2019 第五期","164","0","orpheus://song/2742519560/?autoplay=1","https://music.163.com/song?id=2742519560"
"2019-07-12","1562860800000","2742519561","叮叮梆梆 (Live|伴奏)","李方丁/李棒棒Muti","80361454","中国新说唱2019 第五期","132","1","orpheus://song/2742519561/?autoplay=1","https://music.163.com/song?id=2742519561"
"2019-07-12","1562860800000","2742519562","JND (Live|伴奏)","JN/JD","80361454","中国新说唱2019 第五期","152","1","orpheus://song/2742519562/?autoplay=1","https://music.163.com/song?id=2742519562"
"2019-07-12","1562860800000","2742519563","旧时光 (Live|伴奏)","福来/Drunkmonster","80361454","中国新说唱2019 第五期","158","1","orpheus://song/2742519563/?autoplay=1","https://music.163.com/song?id=2742519563"
"2019-07-12","1562860800000","2742519065","逆流 (Live|伴奏)","杨和苏KeyNG/Lil Boo","80361454","中国新说唱2019 第五期","192","1","orpheus://song/2742519065/?autoplay=1","https://music.163.com/song?id=2742519065"
"2019-07-12","1562860800000","2742519066","Follow Me (Live|伴奏)","FOX胡天渝/Golden Flow","80361454","中国新说唱2019 第五期","129","1","orpheus://song/2742519066/?autoplay=1","https://music.163.com/song?id=2742519066"
"2019-07-19","1563465600000","2742496725","Do You Remember (Live)","张震岳/MC HotDog 热狗","80497115","中国新说唱2019 第六期","253","1","orpheus://song/2742496725/?autoplay=1","https://music.163.com/song?id=2742496725"
"2019-07-19","1563465600000","1378898229","谁是MVP (Live)","潘玮柏","80497115","中国新说唱2019 第六期","208","1","orpheus://song/1378898229/?autoplay=1","https://music.163.com/song?id=1378898229"
"2019-07-19","1563465600000","1378898254","差不多姑娘 (Live)","G.E.M.邓紫棋","80497115","中国新说唱2019 第六期","241","1","orpheus://song/1378898254/?autoplay=1","https://music.163.com/song?id=1378898254"
"2019-07-26","1564070400000","1380312729","兄弟们上！ (Live)","盛宇D-SHINE/FOX胡天渝/Doooboi/雾都L4WUDU/Kui Kui","80623898","中国新说唱2019 第七期","325","1","orpheus://song/1380312729/?autoplay=1","https://music.163.com/song?id=1380312729"
"2019-07-26","1564070400000","1380312732","岳来岳狗 (Live)","西奥Sio/新秀/蜜妞miko/CREAM D/Capper","80623898","中国新说唱2019 第七期","296","1","orpheus://song/1380312732/?autoplay=1","https://music.163.com/song?id=1380312732"
"2019-07-26","1564070400000","1380312735","MVP (Live)","王嗣尧TURBO/SeanT肖恩恩/OB03/黄旭BooM/杨和苏KeyNG","80623898","中国新说唱2019 第七期","300","1","orpheus://song/1380312735/?autoplay=1","https://music.163.com/song?id=1380312735"
"2019-07-26","1564070400000","1380312742","Hadoken (Live)","王大痣/Vex/Lil Boo/刘炫廷/KEY.L刘聪","80623898","中国新说唱2019 第七期","315","1","orpheus://song/1380312742/?autoplay=1","https://music.163.com/song?id=1380312742"
"2019-07-26","1564070400000","1380316494","吹又生 (Live)","杨和苏KeyNG","80623898","中国新说唱2019 第七期","146","1","orpheus://song/1380316494/?autoplay=1","https://music.163.com/song?id=1380316494"
"2019-07-26","1564070400000","1380312762","My Time Is Now (Live)","Lil Boo","80623898","中国新说唱2019 第七期","126","1","orpheus://song/1380312762/?autoplay=1","https://music.163.com/song?id=1380312762"
"2019-07-26","1564070400000","2742494138","她不说 (Live)","王大痣/刘炫廷","80623898","中国新说唱2019 第七期","179","1","orpheus://song/2742494138/?autoplay=1","https://music.163.com/song?id=2742494138"
"2019-07-26","1564070400000","1380316534","Moving on (Live)","王嗣尧TURBO/OB03/SeanT肖恩恩","80623898","中国新说唱2019 第七期","154","1","orpheus://song/1380316534/?autoplay=1","https://music.163.com/song?id=1380316534"
"2019-07-26","1564070400000","2742438291","红色label (Live)","黄旭BooM","80623898","中国新说唱2019 第七期","186","1","orpheus://song/2742438291/?autoplay=1","https://music.163.com/song?id=2742438291"
"2019-07-26","1564070400000","2742494141","黑珍珠 (Live)","蜜妞miko/新秀","80623898","中国新说唱2019 第七期","147","1","orpheus://song/2742494141/?autoplay=1","https://music.163.com/song?id=2742494141"
"2019-07-26","1564070400000","1380316562","三明治 (Live)","CREAM D","80623898","中国新说唱2019 第七期","138","1","orpheus://song/1380316562/?autoplay=1","https://music.163.com/song?id=1380316562"
"2019-07-26","1564070400000","1380312801","牛肉咖喱 (Live)","Capper/CREAM D/新秀","80623898","中国新说唱2019 第七期","193","1","orpheus://song/1380312801/?autoplay=1","https://music.163.com/song?id=1380312801"
"2019-07-26","1564070400000","1380312787","长沙HOOD (Live)","KEY.L刘聪","80623898","中国新说唱2019 第七期","210","1","orpheus://song/1380312787/?autoplay=1","https://music.163.com/song?id=1380312787"
"2019-07-26","1564070400000","1380316547","Love song (Live)","雾都L4WUDU","80623898","中国新说唱2019 第七期","144","1","orpheus://song/1380316547/?autoplay=1","https://music.163.com/song?id=1380316547"
"2019-07-26","1564070400000","1380316521","没在做梦 (Live)","Vex/Lil Boo/刘炫廷","80623898","中国新说唱2019 第七期","165","1","orpheus://song/1380316521/?autoplay=1","https://music.163.com/song?id=1380316521"
"2019-07-26","1564070400000","1380316545","Go hard (Live)","盛宇D-SHINE/Doooboi/FOX胡天渝","80623898","中国新说唱2019 第七期","204","1","orpheus://song/1380316545/?autoplay=1","https://music.163.com/song?id=1380316545"
"2019-07-26","1564070400000","1380316543","一挑五•啸江湖 (Live)","盛宇D-SHINE/FOX胡天渝","80623898","中国新说唱2019 第七期","201","1","orpheus://song/1380316543/?autoplay=1","https://music.163.com/song?id=1380316543"
"2019-07-26","1564070400000","1380312757","常回家看看 (Live)","Kui Kui","80623898","中国新说唱2019 第七期","115","1","orpheus://song/1380312757/?autoplay=1","https://music.163.com/song?id=1380312757"
"2019-07-26","1564070400000","1380312795","Put it up (Live)","杨和苏KeyNG/SeanT肖恩恩","80623898","中国新说唱2019 第七期","187","1","orpheus://song/1380312795/?autoplay=1","https://music.163.com/song?id=1380312795"
"2019-07-26","1564070400000","2742494148","吹又生 (Live|伴奏)","杨和苏KeyNG","80623898","中国新说唱2019 第七期","146","1","orpheus://song/2742494148/?autoplay=1","https://music.163.com/song?id=2742494148"
"2019-07-26","1564070400000","2742496634","My Time Is Now (Live|伴奏)","Lil Boo","80623898","中国新说唱2019 第七期","126","1","orpheus://song/2742496634/?autoplay=1","https://music.163.com/song?id=2742496634"
"2019-07-26","1564070400000","2742496635","Moving on (Live|伴奏)","王嗣尧TURBO/OBi林胜也/SeanT肖恩恩","80623898","中国新说唱2019 第七期","154","0","orpheus://song/2742496635/?autoplay=1","https://music.163.com/song?id=2742496635"
"2019-07-26","1564070400000","2742438310","红色label (Live|伴奏)","黄旭BooM","80623898","中国新说唱2019 第七期","186","1","orpheus://song/2742438310/?autoplay=1","https://music.163.com/song?id=2742438310"
"2019-07-26","1564070400000","2742494149","黑珍珠 (Live|伴奏)","蜜妞miko/新秀","80623898","中国新说唱2019 第七期","147","1","orpheus://song/2742494149/?autoplay=1","https://music.163.com/song?id=2742494149"
"2019-07-26","1564070400000","2742494150","三明治 (Live|伴奏)","CREAM D","80623898","中国新说唱2019 第七期","138","1","orpheus://song/2742494150/?autoplay=1","https://music.163.com/song?id=2742494150"
"2019-07-26","1564070400000","2742496637","牛肉咖喱 (Live|伴奏)","Capper/CREAM D/新秀","80623898","中国新说唱2019 第七期","192","1","orpheus://song/2742496637/?autoplay=1","https://music.163.com/song?id=2742496637"
"2019-07-26","1564070400000","2742494151","长沙HOOD (Live|伴奏)","KEY.L刘聪","80623898","中国新说唱2019 第七期","210","1","orpheus://song/2742494151/?autoplay=1","https://music.163.com/song?id=2742494151"
"2019-07-26","1564070400000","2742496638","Love song (Live|伴奏)","雾都L4WUDU","80623898","中国新说唱2019 第七期","144","1","orpheus://song/2742496638/?autoplay=1","https://music.163.com/song?id=2742496638"
"2019-07-26","1564070400000","2742496639","没在做梦 (Live|伴奏)","Vex/Lil Boo/刘炫廷","80623898","中国新说唱2019 第七期","165","1","orpheus://song/2742496639/?autoplay=1","https://music.163.com/song?id=2742496639"
"2019-07-26","1564070400000","2742496640","Put it up (Live|伴奏)","杨和苏KeyNG/SeanT肖恩恩","80623898","中国新说唱2019 第七期","186","1","orpheus://song/2742496640/?autoplay=1","https://music.163.com/song?id=2742496640"
"2019-08-02","1564675200000","1381764098","第一轮 现实VS梦想","黄旭BooM/FOX胡天渝/杨和苏KeyNG/新秀/王大痣/雾都L4WUDU/SeanT肖恩恩/Capper/Vex/CREAM D/Lil Boo/盛宇D-SHINE/KEY.L刘聪/Doooboi","80754481","中国新说唱2019 第八期","1040","1","orpheus://song/1381764098/?autoplay=1","https://music.163.com/song?id=1381764098"
"2019-08-02","1564675200000","1381764127","第二轮 名气VS实力","CREAM D/王大痣/雾都L4WUDU/刘炫廷/新秀/黄旭BooM/盛宇D-SHINE/Capper/杨和苏KeyNG/KEY.L刘聪","80754481","中国新说唱2019 第八期","776","1","orpheus://song/1381764127/?autoplay=1","https://music.163.com/song?id=1381764127"
"2019-08-02","1564675200000","1381764130","第三轮 潮流VS跟风","SeanT肖恩恩/FOX胡天渝/王嗣尧TURBO/Doooboi/盛宇D-SHINE/KEY.L刘聪","80754481","中国新说唱2019 第八期","420","1","orpheus://song/1381764130/?autoplay=1","https://music.163.com/song?id=1381764130"
"2019-08-09","1565280000000","2742494088","改变 (Live)","MC HotDog 热狗/张震岳/CREAM D/Capper","80869633","中国新说唱2019 第九期","238","1","orpheus://song/2742494088/?autoplay=1","https://music.163.com/song?id=2742494088"
"2019-08-09","1565280000000","1383211739","Fly Away (ft. KEY.L刘聪/刘炫廷) (Live)","G.E.M.邓紫棋/KEY.L刘聪/刘炫廷","80869633","中国新说唱2019 第九期","230","1","orpheus://song/1383211739/?autoplay=1","https://music.163.com/song?id=1383211739"
"2019-08-09","1565280000000","1383211741","爱你3000 (Live)","潘玮柏/SeanT肖恩恩/黄旭BooM","80869633","中国新说唱2019 第九期","268","1","orpheus://song/1383211741/?autoplay=1","https://music.163.com/song?id=1383211741"
"2019-08-09","1565280000000","1383219381","都走了 (Live)","杨和苏KeyNG","80869633","中国新说唱2019 第九期","264","1","orpheus://song/1383219381/?autoplay=1","https://music.163.com/song?id=1383219381"
"2019-08-09","1565280000000","1383219384","更上 (Live)","盛宇D-SHINE","80869633","中国新说唱2019 第九期","157","1","orpheus://song/1383219384/?autoplay=1","https://music.163.com/song?id=1383219384"
"2019-08-09","1565280000000","1383211743","小城市的大人物 (Live)","FOX胡天渝","80869633","中国新说唱2019 第九期","173","1","orpheus://song/1383211743/?autoplay=1","https://music.163.com/song?id=1383211743"
"2019-08-09","1565280000000","2742438706","孤独 (Live)","黄旭BooM","80869633","中国新说唱2019 第九期","208","1","orpheus://song/2742438706/?autoplay=1","https://music.163.com/song?id=2742438706"
"2019-08-09","1565280000000","1383211745","TOP (Live)","CREAM D","80869633","中国新说唱2019 第九期","188","1","orpheus://song/1383211745/?autoplay=1","https://music.163.com/song?id=1383211745"
"2019-08-09","1565280000000","1383219392","黑马Vex (Live)","Vex","80869633","中国新说唱2019 第九期","140","1","orpheus://song/1383219392/?autoplay=1","https://music.163.com/song?id=1383219392"
"2019-08-09","1565280000000","2742494091","十 (Live)","王大痣","80869633","中国新说唱2019 第九期","205","1","orpheus://song/2742494091/?autoplay=1","https://music.163.com/song?id=2742494091"
"2019-08-09","1565280000000","1383219394","不负 (Live)","新秀","80869633","中国新说唱2019 第九期","160","1","orpheus://song/1383219394/?autoplay=1","https://music.163.com/song?id=1383219394"
"2019-08-09","1565280000000","1383211748","24/7 (Live)","Capper","80869633","中国新说唱2019 第九期","150","1","orpheus://song/1383211748/?autoplay=1","https://music.163.com/song?id=1383211748"
"2019-08-09","1565280000000","1383219400","I'm out ya (Live)","雾都L4WUDU","80869633","中国新说唱2019 第九期","183","1","orpheus://song/1383219400/?autoplay=1","https://music.163.com/song?id=1383219400"
"2019-08-09","1565280000000","2742496580","改变 (Live|伴奏)","MC HotDog 热狗/张震岳/CREAM D/Capper","80869633","中国新说唱2019 第九期","238","1","orpheus://song/2742496580/?autoplay=1","https://music.163.com/song?id=2742496580"
"2019-08-09","1565280000000","2742496581","Fly Away (ft. KEY.L刘聪/刘炫廷) (Live|伴奏)","G.E.M.邓紫棋/KEY.L刘聪/刘炫廷","80869633","中国新说唱2019 第九期","230","1","orpheus://song/2742496581/?autoplay=1","https://music.163.com/song?id=2742496581"
"2019-08-09","1565280000000","2742438778","爱你3000 (Live|伴奏)","潘玮柏/SeanT肖恩恩/黄旭BooM","80869633","中国新说唱2019 第九期","268","1","orpheus://song/2742438778/?autoplay=1","https://music.163.com/song?id=2742438778"
"2019-08-09","1565280000000","2742440251","孤独 (Live|伴奏)","黄旭BooM","80869633","中国新说唱2019 第九期","208","1","orpheus://song/2742440251/?autoplay=1","https://music.163.com/song?id=2742440251"
"2019-08-09","1565280000000","2742494093","TOP (Live|伴奏)","CREAM D","80869633","中国新说唱2019 第九期","188","1","orpheus://song/2742494093/?autoplay=1","https://music.163.com/song?id=2742494093"
"2019-08-09","1565280000000","2742496583","黑马Vex (Live|伴奏)","Vex","80869633","中国新说唱2019 第九期","140","1","orpheus://song/2742496583/?autoplay=1","https://music.163.com/song?id=2742496583"
"2019-08-09","1565280000000","2742494094","十 (Live|伴奏)","王大痣","80869633","中国新说唱2019 第九期","205","1","orpheus://song/2742494094/?autoplay=1","https://music.163.com/song?id=2742494094"
"2019-08-09","1565280000000","2742496584","不负 (Live|伴奏)","新秀","80869633","中国新说唱2019 第九期","160","1","orpheus://song/2742496584/?autoplay=1","https://music.163.com/song?id=2742496584"
"2019-08-16","1565884800000","1384569088","独苗 (Live)","新秀","80986146","中国新说唱2019 第十期","126","1","orpheus://song/1384569088/?autoplay=1","https://music.163.com/song?id=1384569088"
"2019-08-16","1565884800000","1384562899","张无忌 (Live)","刘炫廷","80986146","中国新说唱2019 第十期","156","1","orpheus://song/1384562899/?autoplay=1","https://music.163.com/song?id=1384562899"
"2019-08-16","1565884800000","1384562913","Life's a movie (Live)","KEY.L刘聪","80986146","中国新说唱2019 第十期","196","1","orpheus://song/1384562913/?autoplay=1","https://music.163.com/song?id=1384562913"
"2019-08-16","1565884800000","1384569125","语音信箱+sauce (Live)","SeanT肖恩恩","80986146","中国新说唱2019 第十期","167","1","orpheus://song/1384569125/?autoplay=1","https://music.163.com/song?id=1384569125"
"2019-08-16","1565884800000","1384569131","小儿科 (Live)","雾都L4WUDU","80986146","中国新说唱2019 第十期","171","1","orpheus://song/1384569131/?autoplay=1","https://music.163.com/song?id=1384569131"
"2019-08-16","1565884800000","1384562930","785 (Live)","盛宇D-SHINE","80986146","中国新说唱2019 第十期","175","1","orpheus://song/1384562930/?autoplay=1","https://music.163.com/song?id=1384562930"
"2019-08-16","1565884800000","2742440325","低位 (Live)","黄旭BooM","80986146","中国新说唱2019 第十期","190","1","orpheus://song/2742440325/?autoplay=1","https://music.163.com/song?id=2742440325"
"2019-08-16","1565884800000","1384569155","假 (Live)","Vex","80986146","中国新说唱2019 第十期","114","1","orpheus://song/1384569155/?autoplay=1","https://music.163.com/song?id=1384569155"
"2019-08-16","1565884800000","1384562966","G.O.O.D (Live)","刘炫廷","80986146","中国新说唱2019 第十期","164","1","orpheus://song/1384562966/?autoplay=1","https://music.163.com/song?id=1384562966"
"2019-08-16","1565884800000","1384569186","游乐场pt.2 (Live)","雾都L4WUDU","80986146","中国新说唱2019 第十期","225","1","orpheus://song/1384569186/?autoplay=1","https://music.163.com/song?id=1384569186"
"2019-08-16","1565884800000","1384569524","Dream (Live)","Vex","80986146","中国新说唱2019 第十期","169","1","orpheus://song/1384569524/?autoplay=1","https://music.163.com/song?id=1384569524"
"2019-08-16","1565884800000","1384570306","Hey Kong (Live)","KEY.L刘聪","80986146","中国新说唱2019 第十期","243","1","orpheus://song/1384570306/?autoplay=1","https://music.163.com/song?id=1384570306"
"2019-08-16","1565884800000","1384570303","野狼disco (Live)","宝石Gem","80986146","中国新说唱2019 第十期","203","1","orpheus://song/1384570303/?autoplay=1","https://music.163.com/song?id=1384570303"
"2019-08-16","1565884800000","1384569209","侠 (Live)","FOX胡天渝","80986146","中国新说唱2019 第十期","174","1","orpheus://song/1384569209/?autoplay=1","https://music.163.com/song?id=1384569209"
"2019-08-16","1565884800000","2742496547","HOMIE? (Live)","OBi林胜也","80986146","中国新说唱2019 第十期","143","1","orpheus://song/2742496547/?autoplay=1","https://music.163.com/song?id=2742496547"
"2019-08-16","1565884800000","1384569229","CIRCUS (Live)","Vex","80986146","中国新说唱2019 第十期","192","1","orpheus://song/1384569229/?autoplay=1","https://music.163.com/song?id=1384569229"
"2019-08-16","1565884800000","1384569263","决不投降 (Live)","杨和苏KeyNG","80986146","中国新说唱2019 第十期","198","1","orpheus://song/1384569263/?autoplay=1","https://music.163.com/song?id=1384569263"
"2019-08-16","1565884800000","1384569265","喂 (Live)","雾都L4WUDU","80986146","中国新说唱2019 第十期","118","1","orpheus://song/1384569265/?autoplay=1","https://music.163.com/song?id=1384569265"
"2019-08-16","1565884800000","1384569271","000000 (Live)","Capper","80986146","中国新说唱2019 第十期","168","1","orpheus://song/1384569271/?autoplay=1","https://music.163.com/song?id=1384569271"
"2019-08-16","1565884800000","1384569278","Vancci (Live)","西奥Sio","80986146","中国新说唱2019 第十期","175","1","orpheus://song/1384569278/?autoplay=1","https://music.163.com/song?id=1384569278"
"2019-08-16","1565884800000","1384570100","山河图 (Live)","宝石Gem","80986146","中国新说唱2019 第十期","209","1","orpheus://song/1384570100/?autoplay=1","https://music.163.com/song?id=1384570100"
"2019-08-16","1565884800000","1384569323","楚歌 (Live)","西奥Sio","80986146","中国新说唱2019 第十期","156","1","orpheus://song/1384569323/?autoplay=1","https://music.163.com/song?id=1384569323"
"2019-08-16","1565884800000","1384570065","Sleep Read Love (Live)","杨和苏KeyNG","80986146","中国新说唱2019 第十期","198","1","orpheus://song/1384570065/?autoplay=1","https://music.163.com/song?id=1384570065"
"2019-08-16","1565884800000","1384569325","BOOGIE TONIGHT (Live)","Vex","80986146","中国新说唱2019 第十期","123","1","orpheus://song/1384569325/?autoplay=1","https://music.163.com/song?id=1384569325"
"2019-08-16","1565884800000","1384570117","思念是一种病 (Live)","张震岳/MC HotDog 热狗","80986146","中国新说唱2019 第十期","264","1","orpheus://song/1384570117/?autoplay=1","https://music.163.com/song?id=1384570117"
"2019-08-16","1565884800000","1384570120","依然睡公主 (Live)","G.E.M.邓紫棋","80986146","中国新说唱2019 第十期","163","1","orpheus://song/1384570120/?autoplay=1","https://music.163.com/song?id=1384570120"
"2019-08-16","1565884800000","3420688420","野狼disco(Live|伴奏)","宝石Gem","80986146","中国新说唱2019 第十期","203","1","orpheus://song/3420688420/?autoplay=1","https://music.163.com/song?id=3420688420"
"2019-08-23","1566489600000","1386080598","她妈妈不给机会 (Live)","新秀","81106864","中国新说唱2019 第十一期","228","1","orpheus://song/1386080598/?autoplay=1","https://music.163.com/song?id=1386080598"
"2019-08-23","1566489600000","1386079834","月光+魔力 (Live)","SeanT肖恩恩","81106864","中国新说唱2019 第十一期","147","1","orpheus://song/1386079834/?autoplay=1","https://music.163.com/song?id=1386079834"
"2019-08-23","1566489600000","2742440331","“键盘侠” (Live)","黄旭BooM","81106864","中国新说唱2019 第十一期","164","1","orpheus://song/2742440331/?autoplay=1","https://music.163.com/song?id=2742440331"
"2019-08-23","1566489600000","1386080612","All eyes on me (Live)","刘炫廷","81106864","中国新说唱2019 第十一期","129","1","orpheus://song/1386080612/?autoplay=1","https://music.163.com/song?id=1386080612"
"2019-08-23","1566489600000","1386079837","野家拳 (Live)","盛宇D-SHINE","81106864","中国新说唱2019 第十一期","163","1","orpheus://song/1386079837/?autoplay=1","https://music.163.com/song?id=1386079837"
"2019-08-23","1566489600000","1386079854","黄土高坡TRAP (Live)","KEY.L刘聪","81106864","中国新说唱2019 第十一期","212","1","orpheus://song/1386079854/?autoplay=1","https://music.163.com/song?id=1386079854"
"2019-08-23","1566489600000","1386080627","最后的狂欢 (Live)","杨和苏KeyNG","81106864","中国新说唱2019 第十一期","283","1","orpheus://song/1386080627/?autoplay=1","https://music.163.com/song?id=1386080627"
"2019-08-23","1566489600000","1386080640","致爸妈 (Live)","刘炫廷","81106864","中国新说唱2019 第十一期","200","1","orpheus://song/1386080640/?autoplay=1","https://music.163.com/song?id=1386080640"
"2019-08-23","1566489600000","1386080662","天地之心 (Live)","KEY.L刘聪","81106864","中国新说唱2019 第十一期","225","1","orpheus://song/1386080662/?autoplay=1","https://music.163.com/song?id=1386080662"
"2019-08-23","1566489600000","1386080671","街头霸王 (Live)","新秀","81106864","中国新说唱2019 第十一期","151","1","orpheus://song/1386080671/?autoplay=1","https://music.163.com/song?id=1386080671"
"2019-08-23","1566489600000","2742494031","I LIKE IT（你怎么这个亚子） (Live)","HENRY刘宪华/SeanT肖恩恩","81106864","中国新说唱2019 第十一期","222","1","orpheus://song/2742494031/?autoplay=1","https://music.163.com/song?id=2742494031"
"2019-08-23","1566489600000","1386079914","表态 (Live)","梁博/新秀","81106864","中国新说唱2019 第十一期","298","1","orpheus://song/1386079914/?autoplay=1","https://music.163.com/song?id=1386079914"
"2019-08-23","1566489600000","1386079916","心跳 (Live)","于文文/杨和苏KeyNG","81106864","中国新说唱2019 第十一期","328","1","orpheus://song/1386079916/?autoplay=1","https://music.163.com/song?id=1386079916"
"2019-08-23","1566489600000","1386080685","还不知道 (Live)","钱正昊/盛宇D-SHINE","81106864","中国新说唱2019 第十一期","202","1","orpheus://song/1386080685/?autoplay=1","https://music.163.com/song?id=1386080685"
"2019-08-23","1566489600000","1386079926","Wait for you (Live)","杨和苏KeyNG","81106864","中国新说唱2019 第十一期","171","1","orpheus://song/1386079926/?autoplay=1","https://music.163.com/song?id=1386079926"
"2019-08-23","1566489600000","1386080698","差距 (Live)","SeanT肖恩恩","81106864","中国新说唱2019 第十一期","186","1","orpheus://song/1386080698/?autoplay=1","https://music.163.com/song?id=1386080698"
"2019-08-23","1566489600000","2742440349","Do You Want More (Live)","黄旭BooM","81106864","中国新说唱2019 第十一期","164","1","orpheus://song/2742440349/?autoplay=1","https://music.163.com/song?id=2742440349"
"2019-08-23","1566489600000","2742496517","她妈妈不给机会 (Live|伴奏)","新秀","81106864","中国新说唱2019 第十一期","228","1","orpheus://song/2742496517/?autoplay=1","https://music.163.com/song?id=2742496517"
"2019-08-23","1566489600000","2742496518","All Eyes On Me (Live|伴奏)","刘炫廷","81106864","中国新说唱2019 第十一期","129","1","orpheus://song/2742496518/?autoplay=1","https://music.163.com/song?id=2742496518"
"2019-08-23","1566489600000","2742496519","致爸妈 (Live|伴奏)","刘炫廷","81106864","中国新说唱2019 第十一期","200","1","orpheus://song/2742496519/?autoplay=1","https://music.163.com/song?id=2742496519"
"2019-08-23","1566489600000","2742496520","街头霸王 (Live|伴奏)","新秀","81106864","中国新说唱2019 第十一期","151","1","orpheus://song/2742496520/?autoplay=1","https://music.163.com/song?id=2742496520"
"2019-08-23","1566489600000","2742494039","心跳 (Live|伴奏)","于文文/杨和苏KeyNG","81106864","中国新说唱2019 第十一期","328","1","orpheus://song/2742494039/?autoplay=1","https://music.163.com/song?id=2742494039"
"2019-08-23","1566489600000","2742496521","Wait For You (Live|伴奏)","杨和苏KeyNG","81106864","中国新说唱2019 第十一期","171","1","orpheus://song/2742496521/?autoplay=1","https://music.163.com/song?id=2742496521"
"2019-08-23","1566489600000","2742440352","Do You Want More (Live|伴奏)","黄旭BooM","81106864","中国新说唱2019 第十一期","163","1","orpheus://song/2742440352/?autoplay=1","https://music.163.com/song?id=2742440352"
"2019-08-30","1567094400000","1387615529","双手插口袋 (Live)","张震岳/MC HotDog 热狗/新秀","81260331","中国新说唱2019 第十二期","211","1","orpheus://song/1387615529/?autoplay=1","https://music.163.com/song?id=1387615529"
"2019-08-30","1567094400000","1387615527","TIME (Live)","欧阳靖/FOX胡天渝","81260331","中国新说唱2019 第十二期","362","1","orpheus://song/1387615527/?autoplay=1","https://music.163.com/song?id=1387615527"
"2019-08-30","1567094400000","2742438870","Fight (Live)","潘玮柏/黄旭BooM","81260331","中国新说唱2019 第十二期","231","1","orpheus://song/2742438870/?autoplay=1","https://music.163.com/song?id=2742438870"
"2019-08-30","1567094400000","1387615544","出手就是证明 (Live)","刘炫廷/Vex/王浩轩WD WANG","81260331","中国新说唱2019 第十二期","156","1","orpheus://song/1387615544/?autoplay=1","https://music.163.com/song?id=1387615544"
"2019-08-30","1567094400000","2742440388","如果真的我想要 (Live)","黄旭BooM","81260331","中国新说唱2019 第十二期","286","1","orpheus://song/2742440388/?autoplay=1","https://music.163.com/song?id=2742440388"
"2019-08-30","1567094400000","1387615546","长河 (Live)","盛宇D-SHINE","81260331","中国新说唱2019 第十二期","238","1","orpheus://song/1387615546/?autoplay=1","https://music.163.com/song?id=1387615546"
"2019-08-30","1567094400000","1387615548","We Are Young (Live)","G.E.M.邓紫棋/OB03/刘炫廷/Capper/FOX胡天渝","81260331","中国新说唱2019 第十二期","233","1","orpheus://song/1387615548/?autoplay=1","https://music.163.com/song?id=1387615548"
"2019-08-30","1567094400000","1387611797","命不由天 (Live)","杨和苏KeyNG","81260331","中国新说唱2019 第十二期","234","1","orpheus://song/1387611797/?autoplay=1","https://music.163.com/song?id=1387611797"
"2019-08-30","1567094400000","2742438880","找自己 (Live)","黄旭BooM","81260331","中国新说唱2019 第十二期","207","1","orpheus://song/2742438880/?autoplay=1","https://music.163.com/song?id=2742438880"
"2019-08-30","1567094400000","2742492614","双手插口袋 (Live|伴奏)","张震岳","81260331","中国新说唱2019 第十二期","211","1","orpheus://song/2742492614/?autoplay=1","https://music.163.com/song?id=2742492614"
"2019-08-30","1567094400000","2742484756","Fight (Live|伴奏)","潘玮柏/黄旭BooM","81260331","中国新说唱2019 第十二期","231","1","orpheus://song/2742484756/?autoplay=1","https://music.163.com/song?id=2742484756"
"2019-08-30","1567094400000","2742488148","出手就是证明 (Live|伴奏)","刘炫廷","81260331","中国新说唱2019 第十二期","156","1","orpheus://song/2742488148/?autoplay=1","https://music.163.com/song?id=2742488148"
"2019-08-30","1567094400000","2742438899","如果真的我想要 (Live|伴奏)","黄旭BooM","81260331","中国新说唱2019 第十二期","286","1","orpheus://song/2742438899/?autoplay=1","https://music.163.com/song?id=2742438899"
"2019-08-30","1567094400000","2742493207","长河 (Live|伴奏)","盛宇D-SHINE","81260331","中国新说唱2019 第十二期","238","1","orpheus://song/2742493207/?autoplay=1","https://music.163.com/song?id=2742493207"
"2019-08-30","1567094400000","2742492873","We Are Young (Live|伴奏)","G.E.M.邓紫棋","81260331","中国新说唱2019 第十二期","233","1","orpheus://song/2742492873/?autoplay=1","https://music.163.com/song?id=2742492873"
"2019-08-30","1567094400000","2742492903","命不由天 (Live|伴奏)","杨和苏KeyNG","81260331","中国新说唱2019 第十二期","235","1","orpheus://song/2742492903/?autoplay=1","https://music.163.com/song?id=2742492903"
"2019-08-30","1567094400000","2742440411","找自己 (Live|伴奏)","黄旭BooM","81260331","中国新说唱2019 第十二期","207","1","orpheus://song/2742440411/?autoplay=1","https://music.163.com/song?id=2742440411"
"2020-08-14","1597334400000","2742513280","RAPSTAR (Live)","朴宰范/潘玮柏/张靓颖/GAI周延","93891935","中国新说唱2020 第一期 (阿卡贝拉)","340","1","orpheus://song/2742513280/?autoplay=1","https://music.163.com/song?id=2742513280"
"2020-08-14","1597334400000","1470941505","多雷 阿卡贝拉 (Live)","Swang多雷","93891935","中国新说唱2020 第一期 (阿卡贝拉)","40","1","orpheus://song/1470941505/?autoplay=1","https://music.163.com/song?id=1470941505"
"2020-08-14","1597334400000","1470943092","AnsrJ 阿卡贝拉 (Live)","AnsrJ","93891935","中国新说唱2020 第一期 (阿卡贝拉)","75","1","orpheus://song/1470943092/?autoplay=1","https://music.163.com/song?id=1470943092"
"2020-08-14","1597334400000","1470943096","MAC OVA SEAS 阿卡贝拉 (Live)","mac ova seas","93891935","中国新说唱2020 第一期 (阿卡贝拉)","32","1","orpheus://song/1470943096/?autoplay=1","https://music.163.com/song?id=1470943096"
"2020-08-14","1597334400000","1470941511","高嘉丰 阿卡贝拉 (Live)","高嘉丰jiafeng","93891935","中国新说唱2020 第一期 (阿卡贝拉)","59","1","orpheus://song/1470941511/?autoplay=1","https://music.163.com/song?id=1470941511"
"2020-08-14","1597334400000","1470943164","李棒棒Muti 阿卡贝拉 (Live)","李棒棒Muti","93891935","中国新说唱2020 第一期 (阿卡贝拉)","46","1","orpheus://song/1470943164/?autoplay=1","https://music.163.com/song?id=1470943164"
"2020-08-14","1597334400000","1470943140","陈泽希 阿卡贝拉 (Live)","陈泽希","93891935","中国新说唱2020 第一期 (阿卡贝拉)","52","1","orpheus://song/1470943140/?autoplay=1","https://music.163.com/song?id=1470943140"
"2020-08-14","1597334400000","1470941513","黄鹄举 阿卡贝拉 (Live)","黄鹄举","93891935","中国新说唱2020 第一期 (阿卡贝拉)","32","1","orpheus://song/1470941513/?autoplay=1","https://music.163.com/song?id=1470941513"
"2020-08-14","1597334400000","1470941514","快乐男孩坤木 阿卡贝拉 (Live)","Clock.b","93891935","中国新说唱2020 第一期 (阿卡贝拉)","39","1","orpheus://song/1470941514/?autoplay=1","https://music.163.com/song?id=1470941514"
"2020-08-14","1597334400000","1470943173","药水哥 阿卡贝拉 (Live)","药水哥","93891935","中国新说唱2020 第一期 (阿卡贝拉)","68","1","orpheus://song/1470943173/?autoplay=1","https://music.163.com/song?id=1470943173"
"2020-08-14","1597334400000","1470943159","顾帅Gs 阿卡贝拉 (Live)","顾帅Gs","93891935","中国新说唱2020 第一期 (阿卡贝拉)","56","1","orpheus://song/1470943159/?autoplay=1","https://music.163.com/song?id=1470943159"
"2020-08-14","1597334400000","1470943094","JarStick 阿卡贝拉 (Live)","JarStick","93891935","中国新说唱2020 第一期 (阿卡贝拉)","48","1","orpheus://song/1470943094/?autoplay=1","https://music.163.com/song?id=1470943094"
"2020-08-14","1597334400000","1470941477","WD王浩轩阿卡贝拉 (Live)","王浩轩WD WANG","93891935","中国新说唱2020 第一期 (阿卡贝拉)","51","1","orpheus://song/1470941477/?autoplay=1","https://music.163.com/song?id=1470941477"
"2020-08-14","1597334400000","1470943097","PISSY 阿卡贝拉 (Live)","李毅杰PISSY","93891935","中国新说唱2020 第一期 (阿卡贝拉)","39","1","orpheus://song/1470943097/?autoplay=1","https://music.163.com/song?id=1470943097"
"2020-08-14","1597334400000","1470941465","TSP 阿卡贝拉 (Live)","TSP安琪","93891935","中国新说唱2020 第一期 (阿卡贝拉)","37","1","orpheus://song/1470941465/?autoplay=1","https://music.163.com/song?id=1470941465"
"2020-08-14","1597334400000","1472874340","街球帝 阿卡贝拉 (Live)","街球帝","93891935","中国新说唱2020 第一期 (阿卡贝拉)","49","1","orpheus://song/1472874340/?autoplay=1","https://music.163.com/song?id=1472874340"
"2020-08-14","1597334400000","1472877160","王齐铭 阿卡贝拉 (Live)","王齐铭WatchMe","93891935","中国新说唱2020 第一期 (阿卡贝拉)","79","1","orpheus://song/1472877160/?autoplay=1","https://music.163.com/song?id=1472877160"
"2020-08-14","1597334400000","1472877171","小丑 阿卡贝拉1 (Live)","JOKERAKAPM","93891935","中国新说唱2020 第一期 (阿卡贝拉)","49","1","orpheus://song/1472877171/?autoplay=1","https://music.163.com/song?id=1472877171"
"2020-08-14","1597334400000","1472874360","小丑 阿卡贝拉2 (Live)","JOKERAKAPM","93891935","中国新说唱2020 第一期 (阿卡贝拉)","48","1","orpheus://song/1472874360/?autoplay=1","https://music.163.com/song?id=1472874360"
"2020-08-14","1597334400000","1472877181","Tsong梁老师 阿卡贝拉 (Live)","梁淞Tsong","93891935","中国新说唱2020 第一期 (阿卡贝拉)","42","1","orpheus://song/1472877181/?autoplay=1","https://music.163.com/song?id=1472877181"
"2020-08-14","1597334400000","1472877186","笑男孩 阿卡贝拉 (Live)","笑男孩","93891935","中国新说唱2020 第一期 (阿卡贝拉)","47","1","orpheus://song/1472877186/?autoplay=1","https://music.163.com/song?id=1472877186"
"2020-08-14","1597334400000","1472877193","MiniG迷你机 阿卡贝拉 (Live)","MiniG迷你机","93891935","中国新说唱2020 第一期 (阿卡贝拉)","51","1","orpheus://song/1472877193/?autoplay=1","https://music.163.com/song?id=1472877193"
"2020-08-14","1597334400000","1472877195","李佳隆 阿卡贝拉 (Live)","李佳隆","93891935","中国新说唱2020 第一期 (阿卡贝拉)","48","1","orpheus://song/1472877195/?autoplay=1","https://music.163.com/song?id=1472877195"
"2020-08-14","1597334400000","1472877197","福来 阿卡贝拉 (Live)","福来","93891935","中国新说唱2020 第一期 (阿卡贝拉)","58","1","orpheus://song/1472877197/?autoplay=1","https://music.163.com/song?id=1472877197"
"2020-08-14","1597334400000","1472874379","莫梭MoreSoul 阿卡贝拉 (Live)","MOSO莫梭","93891935","中国新说唱2020 第一期 (阿卡贝拉)","46","1","orpheus://song/1472874379/?autoplay=1","https://music.163.com/song?id=1472874379"
"2020-08-14","1597334400000","1472877204","Lil Boo 阿卡贝拉 (Live)","Lil Boo","93891935","中国新说唱2020 第一期 (阿卡贝拉)","50","1","orpheus://song/1472877204/?autoplay=1","https://music.163.com/song?id=1472877204"
"2020-08-14","1597334400000","1473123222","万妮达Vinida 阿卡贝拉 (Live)","万妮达Vinida Weng","93891935","中国新说唱2020 第一期 (阿卡贝拉)","35","1","orpheus://song/1473123222/?autoplay=1","https://music.163.com/song?id=1473123222"
"2020-08-14","1597334400000","1472877206","Ru1-J 阿卡贝拉 (Live)","Ru1-J","93891935","中国新说唱2020 第一期 (阿卡贝拉)","32","1","orpheus://song/1472877206/?autoplay=1","https://music.163.com/song?id=1472877206"
"2020-08-14","1597334400000","1472877209","周梓倩 阿卡贝拉 (Live)","周梓倩","93891935","中国新说唱2020 第一期 (阿卡贝拉)","24","1","orpheus://song/1472877209/?autoplay=1","https://music.163.com/song?id=1472877209"
"2020-08-14","1597334400000","1472874386","VOB&Double C 阿卡贝拉 (Live)","V.O.B/大宝西","93891935","中国新说唱2020 第一期 (阿卡贝拉)","54","1","orpheus://song/1472874386/?autoplay=1","https://music.163.com/song?id=1472874386"
"2020-08-14","1597334400000","1472874388","TreyQ 阿卡贝拉 (Live)","TraeK","93891935","中国新说唱2020 第一期 (阿卡贝拉)","29","1","orpheus://song/1472874388/?autoplay=1","https://music.163.com/song?id=1472874388"
"2020-08-14","1597334400000","1472877213","史宗伦 阿卡贝拉 (Live)","史宗伦Xyber","93891935","中国新说唱2020 第一期 (阿卡贝拉)","51","1","orpheus://song/1472877213/?autoplay=1","https://music.163.com/song?id=1472877213"
"2020-08-21","1597939200000","1473125173","嘘Shush (Live)","李大奔BENZO","94297342","中国新说唱2020 第二期","107","1","orpheus://song/1473125173/?autoplay=1","https://music.163.com/song?id=1473125173"
"2020-08-21","1597939200000","1472874409","药水歌 (Live)","药水哥","94297342","中国新说唱2020 第二期","109","1","orpheus://song/1472874409/?autoplay=1","https://music.163.com/song?id=1472874409"
"2020-08-21","1597939200000","1472874412","鸟加鸟加 (Live)","王浩轩WD WANG","94297342","中国新说唱2020 第二期","102","1","orpheus://song/1472874412/?autoplay=1","https://music.163.com/song?id=1472874412"
"2020-08-21","1597939200000","1472877241","嗨咯喂 (Live)","李佳隆","94297342","中国新说唱2020 第二期","123","1","orpheus://song/1472877241/?autoplay=1","https://music.163.com/song?id=1472877241"
"2020-08-21","1597939200000","1472874415","博弈 (Live)","陆燃","94297342","中国新说唱2020 第二期","108","1","orpheus://song/1472874415/?autoplay=1","https://music.163.com/song?id=1472874415"
"2020-08-21","1597939200000","1472877246","劝架歌 (Live)","大D(DLyn)","94297342","中国新说唱2020 第二期","49","1","orpheus://song/1472877246/?autoplay=1","https://music.163.com/song?id=1472877246"
"2020-08-21","1597939200000","1472874420","蹦迪治大病 (Live)","高嘉丰jiafeng","94297342","中国新说唱2020 第二期","137","1","orpheus://song/1472874420/?autoplay=1","https://music.163.com/song?id=1472874420"
"2020-08-21","1597939200000","1472874450","小情歌 (Live)","MiniG迷你机","94297342","中国新说唱2020 第二期","129","1","orpheus://song/1472874450/?autoplay=1","https://music.163.com/song?id=1472874450"
"2020-08-21","1597939200000","1472877308","差生联盟 (Live)","Clock.b","94297342","中国新说唱2020 第二期","105","1","orpheus://song/1472877308/?autoplay=1","https://music.163.com/song?id=1472877308"
"2020-08-21","1597939200000","1472877320","士多啤梨 (Live)","Ru1-J","94297342","中国新说唱2020 第二期","105","1","orpheus://song/1472877320/?autoplay=1","https://music.163.com/song?id=1472877320"
"2020-08-28","1598544000000","1474621494","2020 (Live)","BrAnTB白景屹","94605840","中国新说唱2020 第三期","121","1","orpheus://song/1474621494/?autoplay=1","https://music.163.com/song?id=1474621494"
"2020-08-28","1598544000000","1474621496","水晶 (Live)","GALI","94605840","中国新说唱2020 第三期","87","1","orpheus://song/1474621496/?autoplay=1","https://music.163.com/song?id=1474621496"
"2020-08-28","1598544000000","1474621502","耍耍这个beat (Live)","AnsrJ","94605840","中国新说唱2020 第三期","108","1","orpheus://song/1474621502/?autoplay=1","https://music.163.com/song?id=1474621502"
"2020-08-28","1598544000000","1474624160","Jus Like Dat (Live)","黄之仪Kyra Zilver","94605840","中国新说唱2020 第三期","114","1","orpheus://song/1474624160/?autoplay=1","https://music.163.com/song?id=1474624160"
"2020-08-28","1598544000000","1474624161","我的陷阱 (Live)","钟文UglyZ","94605840","中国新说唱2020 第三期","103","1","orpheus://song/1474624161/?autoplay=1","https://music.163.com/song?id=1474624161"
"2020-08-28","1598544000000","1474624165","Don't Worry (不存在) (Live)","王齐铭WatchMe","94605840","中国新说唱2020 第三期","92","1","orpheus://song/1474624165/?autoplay=1","https://music.163.com/song?id=1474624165"
"2020-08-28","1598544000000","1474621515","CN DRILL (Live)","李尔新","94605840","中国新说唱2020 第三期","102","1","orpheus://song/1474621515/?autoplay=1","https://music.163.com/song?id=1474621515"
"2020-08-28","1598544000000","1474621522","边吃边喝 (Live)","Round_2/早安/贰万","94605840","中国新说唱2020 第三期","114","1","orpheus://song/1474621522/?autoplay=1","https://music.163.com/song?id=1474621522"
"2020-08-28","1598544000000","1474624173","LaLaLa (Live)","周梓倩","94605840","中国新说唱2020 第三期","87","1","orpheus://song/1474624173/?autoplay=1","https://music.163.com/song?id=1474624173"
"2020-08-28","1598544000000","1474621530","SASA BGM (Live)","万妮达Vinida Weng","94605840","中国新说唱2020 第三期","108","1","orpheus://song/1474621530/?autoplay=1","https://music.163.com/song?id=1474621530"
"2020-08-28","1598544000000","1474624177","My Day My Way (Live)","PURE-T","94605840","中国新说唱2020 第三期","108","1","orpheus://song/1474624177/?autoplay=1","https://music.163.com/song?id=1474624177"
"2020-08-28","1598544000000","1474621536","K.O (Live)","李毅杰PISSY","94605840","中国新说唱2020 第三期","114","1","orpheus://song/1474621536/?autoplay=1","https://music.163.com/song?id=1474621536"
"2020-08-28","1598544000000","1474621539","没头脑和不高兴 (Live)","JarStick","94605840","中国新说唱2020 第三期","116","1","orpheus://song/1474621539/?autoplay=1","https://music.163.com/song?id=1474621539"
"2020-08-28","1598544000000","1474624187","撒由那拉 (Live)","叶尔林","94605840","中国新说唱2020 第三期","109","1","orpheus://song/1474624187/?autoplay=1","https://music.163.com/song?id=1474624187"
"2020-08-28","1598544000000","1474621546","咚起咙起咙啪啪 (Live)","李棒棒Muti","94605840","中国新说唱2020 第三期","100","1","orpheus://song/1474621546/?autoplay=1","https://music.163.com/song?id=1474621546"
"2020-08-28","1598544000000","1474624193","GO (Live)","史宗伦Xyber","94605840","中国新说唱2020 第三期","101","1","orpheus://song/1474624193/?autoplay=1","https://music.163.com/song?id=1474624193"
"2020-08-28","1598544000000","1474624200","Let's Fall In Love (Live)","希介","94605840","中国新说唱2020 第三期","123","1","orpheus://song/1474624200/?autoplay=1","https://music.163.com/song?id=1474624200"
"2020-08-28","1598544000000","1474624202","战 (Live)","TraeK","94605840","中国新说唱2020 第三期","93","1","orpheus://song/1474624202/?autoplay=1","https://music.163.com/song?id=1474624202"
"2020-08-28","1598544000000","1475336435","Handsome (Live)","张子豪ICEProud","94605840","中国新说唱2020 第三期","102","1","orpheus://song/1475336435/?autoplay=1","https://music.163.com/song?id=1475336435"
"2020-08-28","1598544000000","1475336438","灵山 (Live)","梦徐MX","94605840","中国新说唱2020 第三期","111","1","orpheus://song/1475336438/?autoplay=1","https://music.163.com/song?id=1475336438"
"2020-08-28","1598544000000","1475337186","Back to 2020 (Live)","REGI陈彦希","94605840","中国新说唱2020 第三期","109","1","orpheus://song/1475337186/?autoplay=1","https://music.163.com/song?id=1475337186"
"2020-08-28","1598544000000","1475336449","Let Me Talk To You (Live)","小青龙","94605840","中国新说唱2020 第三期","101","1","orpheus://song/1475336449/?autoplay=1","https://music.163.com/song?id=1475336449"
"2020-08-28","1598544000000","1475337212","海河摇摆客 (Live)","V.O.B/大宝西","94605840","中国新说唱2020 第三期","98","1","orpheus://song/1475337212/?autoplay=1","https://music.163.com/song?id=1475337212"
"2020-08-28","1598544000000","1475336474","闪电 (Live)","mac ova seas","94605840","中国新说唱2020 第三期","106","1","orpheus://song/1475336474/?autoplay=1","https://music.163.com/song?id=1475336474"
"2020-09-04","1599148800000","1476455405","冷血 (Live)","BrAnTB白景屹/黄之仪Kyra Zilver","94954770","中国新说唱2020 第四期","206","1","orpheus://song/1476455405/?autoplay=1","https://music.163.com/song?id=1476455405"
"2020-09-04","1599148800000","1476455409","蹦呀 蹦呀 (Live)","AnsrJ/王浩轩WD WANG","94954770","中国新说唱2020 第四期","175","1","orpheus://song/1476455409/?autoplay=1","https://music.163.com/song?id=1476455409"
"2020-09-04","1599148800000","1476455411","边缘 (Live)","万妮达Vinida Weng/爆音BOOM","94954770","中国新说唱2020 第四期","180","1","orpheus://song/1476455411/?autoplay=1","https://music.163.com/song?id=1476455411"
"2020-09-04","1599148800000","1476455418","U DIG (Live)","王齐铭WatchMe/梁淞Tsong","94954770","中国新说唱2020 第四期","177","1","orpheus://song/1476455418/?autoplay=1","https://music.163.com/song?id=1476455418"
"2020-09-04","1599148800000","1476449942","卫星Satellite (Live)","李佳隆/林渝植Anoryz","94954770","中国新说唱2020 第四期","194","1","orpheus://song/1476449942/?autoplay=1","https://music.163.com/song?id=1476449942"
"2020-09-04","1599148800000","1476449967","新闻发布会 (Live)","KAFE.HU胡懿/李毅杰PISSY","94954770","中国新说唱2020 第四期","174","1","orpheus://song/1476449967/?autoplay=1","https://music.163.com/song?id=1476449967"
"2020-09-04","1599148800000","1476449973","最棒冰饮 (Live)","张子豪ICEProud/李棒棒Muti","94954770","中国新说唱2020 第四期","152","1","orpheus://song/1476449973/?autoplay=1","https://music.163.com/song?id=1476449973"
"2020-09-04","1599148800000","1476449976","公牛芝加哥 (Live)","威尔Will.T/云别","94954770","中国新说唱2020 第四期","168","1","orpheus://song/1476449976/?autoplay=1","https://music.163.com/song?id=1476449976"
"2020-09-04","1599148800000","1476449979","杯杯杯 (Live)","李大奔BENZO/叶尔林","94954770","中国新说唱2020 第四期","181","1","orpheus://song/1476449979/?autoplay=1","https://music.163.com/song?id=1476449979"
"2020-09-04","1599148800000","1476449983","无人深空 (Live)","REGI陈彦希/GALI","94954770","中国新说唱2020 第四期","218","1","orpheus://song/1476449983/?autoplay=1","https://music.163.com/song?id=1476449983"
"2020-09-04","1599148800000","1476449987","Fake Dream (Live)","ODD陈思键/KANNA BUSH","94954770","中国新说唱2020 第四期","209","1","orpheus://song/1476449987/?autoplay=1","https://music.163.com/song?id=1476449987"
"2020-09-04","1599148800000","1476449991","够了 (Live)","钟文UglyZ/陆燃","94954770","中国新说唱2020 第四期","163","1","orpheus://song/1476449991/?autoplay=1","https://music.163.com/song?id=1476449991"
"2020-09-11","1599753600000","1478380984","狂欢之前 (Live)","李尔新/Vex","95266973","中国新说唱2020 第五期","174","1","orpheus://song/1478380984/?autoplay=1","https://music.163.com/song?id=1478380984"
"2020-09-11","1599753600000","1478380998","DALADALA (Live)","Round_2/蜜妞miko","95266973","中国新说唱2020 第五期","205","1","orpheus://song/1478380998/?autoplay=1","https://music.163.com/song?id=1478380998"
"2020-09-11","1599753600000","1478381001","外套2.0 (Live)","mac ova seas/周梓倩","95266973","中国新说唱2020 第五期","207","1","orpheus://song/1478381001/?autoplay=1","https://music.163.com/song?id=1478381001"
"2020-09-11","1599753600000","1478381013","knock knock (Live)","泳恩Joannne","95266973","中国新说唱2020 第五期","197","1","orpheus://song/1478381013/?autoplay=1","https://music.163.com/song?id=1478381013"
"2020-09-11","1599753600000","1478384735","666 (Live)","陈泽希","95266973","中国新说唱2020 第五期","178","1","orpheus://song/1478384735/?autoplay=1","https://music.163.com/song?id=1478384735"
"2020-09-11","1599753600000","1478381019","人人 (Live)","福来","95266973","中国新说唱2020 第五期","209","1","orpheus://song/1478381019/?autoplay=1","https://music.163.com/song?id=1478381019"
"2020-09-11","1599753600000","1478384761","人的欲望总在作祟 (Live)","小青龙","95266973","中国新说唱2020 第五期","170","1","orpheus://song/1478384761/?autoplay=1","https://music.163.com/song?id=1478384761"
"2020-09-11","1599753600000","1478384762","巴比伦 (Live)","潘玮柏","95266973","中国新说唱2020 第五期","231","1","orpheus://song/1478384762/?autoplay=1","https://music.163.com/song?id=1478384762"
"2020-09-11","1599753600000","1478384763","烈火战马+空城计+重庆魂 (Live)","GAI周延","95266973","中国新说唱2020 第五期","342","1","orpheus://song/1478384763/?autoplay=1","https://music.163.com/song?id=1478384763"
"2020-09-21","1600617600000","1480361519","新光巷 (Live)","小青龙","95626285","中国新说唱2020 第六期","198","1","orpheus://song/1480361519/?autoplay=1","https://music.163.com/song?id=1480361519"
"2020-09-21","1600617600000","1480361521","闪闪惹人爱 (Live)","BrAnTB白景屹","95626285","中国新说唱2020 第六期","197","1","orpheus://song/1480361521/?autoplay=1","https://music.163.com/song?id=1480361521"
"2020-09-21","1600617600000","1480361525","1987-1995 (Live)","V.O.B/大宝西","95626285","中国新说唱2020 第六期","186","1","orpheus://song/1480361525/?autoplay=1","https://music.163.com/song?id=1480361525"
"2020-09-21","1600617600000","1480360925","阿里郎 (Live)","钟文UglyZ","95626285","中国新说唱2020 第六期","241","1","orpheus://song/1480360925/?autoplay=1","https://music.163.com/song?id=1480360925"
"2020-09-21","1600617600000","1480361528","我们 (Live)","李佳隆","95626285","中国新说唱2020 第六期","137","1","orpheus://song/1480361528/?autoplay=1","https://music.163.com/song?id=1480361528"
"2020-09-21","1600617600000","1480360927","大招 (Live)","威尔Will.T","95626285","中国新说唱2020 第六期","183","1","orpheus://song/1480360927/?autoplay=1","https://music.163.com/song?id=1480360927"
"2020-09-21","1600617600000","1480361529","Beyond (Live)","王齐铭WatchMe","95626285","中国新说唱2020 第六期","191","1","orpheus://song/1480361529/?autoplay=1","https://music.163.com/song?id=1480361529"
"2020-09-21","1600617600000","1480360930","兄弟多 (Live)","mac ova seas","95626285","中国新说唱2020 第六期","300","1","orpheus://song/1480360930/?autoplay=1","https://music.163.com/song?id=1480360930"
"2020-09-21","1600617600000","1480361534","白手起家SELF-MADE (Live)","李大奔BENZO","95626285","中国新说唱2020 第六期","203","1","orpheus://song/1480361534/?autoplay=1","https://music.163.com/song?id=1480361534"
"2020-09-21","1600617600000","1480361535","Borderline(边缘) (Live)","ODD陈思键","95626285","中国新说唱2020 第六期","218","1","orpheus://song/1480361535/?autoplay=1","https://music.163.com/song?id=1480361535"
"2020-09-21","1600617600000","1480360949","Proud (Live)","张子豪ICEProud","95626285","中国新说唱2020 第六期","162","1","orpheus://song/1480360949/?autoplay=1","https://music.163.com/song?id=1480360949"
"2020-09-21","1600617600000","1480361544","闪电 (Live)","REGI陈彦希","95626285","中国新说唱2020 第六期","208","1","orpheus://song/1480361544/?autoplay=1","https://music.163.com/song?id=1480361544"
"2020-09-21","1600617600000","1481101175","口袋宝贝 (Live)","AnsrJ","95626285","中国新说唱2020 第六期","216","1","orpheus://song/1481101175/?autoplay=1","https://music.163.com/song?id=1481101175"
"2020-09-21","1600617600000","1481101177","Need A Bag (Live)","万妮达Vinida Weng","95626285","中国新说唱2020 第六期","155","1","orpheus://song/1481101177/?autoplay=1","https://music.163.com/song?id=1481101177"
"2020-09-21","1600617600000","1481100307","Warning (Live)","杀手耗","95626285","中国新说唱2020 第六期","219","1","orpheus://song/1481100307/?autoplay=1","https://music.163.com/song?id=1481100307"
"2020-09-21","1600617600000","1481101179","竹蜻蜓 (Live)","梦徐MX","95626285","中国新说唱2020 第六期","230","1","orpheus://song/1481101179/?autoplay=1","https://music.163.com/song?id=1481101179"
"2020-09-21","1600617600000","1481100309","沉溺 (Live)","叶尔林","95626285","中国新说唱2020 第六期","198","1","orpheus://song/1481100309/?autoplay=1","https://music.163.com/song?id=1481100309"
"2020-09-21","1600617600000","1481100310","70% (Live)","GALI","95626285","中国新说唱2020 第六期","225","1","orpheus://song/1481100310/?autoplay=1","https://music.163.com/song?id=1481100310"
"2020-09-21","1600617600000","1481101180","刀 (Live)","Saber梁维嘉","95626285","中国新说唱2020 第六期","250","1","orpheus://song/1481101180/?autoplay=1","https://music.163.com/song?id=1481101180"
"2020-09-21","1600617600000","1481100312","沉都 (Live)","KAFE.HU胡懿","95626285","中国新说唱2020 第六期","232","1","orpheus://song/1481100312/?autoplay=1","https://music.163.com/song?id=1481100312"
"2020-09-25","1600963200000","1482148824","东风 cypher (Live)","V.O.B/大宝西/梁淞Tsong/王齐铭WatchMe/威尔Will.T/小青龙/希介","95948389","中国新说唱2020 第七期","395","1","orpheus://song/1482148824/?autoplay=1","https://music.163.com/song?id=1482148824"
"2020-09-25","1600963200000","1482146933","顶点 (Live)","AnsrJ/李大奔BENZO/叶尔林/梦徐MX/KAFE.HU胡懿","95948389","中国新说唱2020 第七期","363","1","orpheus://song/1482146933/?autoplay=1","https://music.163.com/song?id=1482146933"
"2020-09-25","1600963200000","1482146943","Super X (Live)","mac ova seas/BrAnTB白景屹/李佳隆/钟文UglyZ","95948389","中国新说唱2020 第七期","390","1","orpheus://song/1482146943/?autoplay=1","https://music.163.com/song?id=1482146943"
"2020-09-25","1600963200000","1482148851","What Is Love (Live)","GALI/Saber梁维嘉/ODD陈思键/万妮达Vinida Weng","95948389","中国新说唱2020 第七期","405","1","orpheus://song/1482148851/?autoplay=1","https://music.163.com/song?id=1482148851"
"2020-10-02","1601568000000","1484054622","第二顺位 (Live)","潘玮柏/李大奔BENZO/梦徐MX","96288334","中国新说唱2020 第八期","237","1","orpheus://song/1484054622/?autoplay=1","https://music.163.com/song?id=1484054622"
"2020-10-02","1601568000000","1484055543","Liber Tango (Live)","张靓颖/GALI/万妮达Vinida Weng","96288334","中国新说唱2020 第八期","235","1","orpheus://song/1484055543/?autoplay=1","https://music.163.com/song?id=1484055543"
"2020-10-02","1601568000000","1484054677","亢龙有悔 (Live)","GAI周延/威尔Will.T/希介/王齐铭WatchMe","96288334","中国新说唱2020 第八期","295","1","orpheus://song/1484054677/?autoplay=1","https://music.163.com/song?id=1484054677"
"2020-10-09","1602172800000","1485814455","血月BLOOD MOON (Live)","万妮达Vinida Weng","96576796","中国新说唱2020 第九期","244","1","orpheus://song/1485814455/?autoplay=1","https://music.163.com/song?id=1485814455"
"2020-10-09","1602172800000","1485814456","偏执猎豹 (Live)","GALI","96576796","中国新说唱2020 第九期","275","1","orpheus://song/1485814456/?autoplay=1","https://music.163.com/song?id=1485814456"
"2020-10-09","1602172800000","1485815319","你听了这首歌之后就没有办法忘记我 (Live)","威尔Will.T","96576796","中国新说唱2020 第九期","204","1","orpheus://song/1485815319/?autoplay=1","https://music.163.com/song?id=1485815319"
"2020-10-09","1602172800000","1485815320","X男人 (Live)","李大奔BENZO","96576796","中国新说唱2020 第九期","219","1","orpheus://song/1485815320/?autoplay=1","https://music.163.com/song?id=1485815320"
"2020-10-09","1602172800000","1485815324","楼下等你 (Live)","AnsrJ","96576796","中国新说唱2020 第九期","179","1","orpheus://song/1485815324/?autoplay=1","https://music.163.com/song?id=1485815324"
"2020-10-09","1602172800000","1485815327","WestCoast Love (Live)","V.O.B/大宝西","96576796","中国新说唱2020 第九期","207","1","orpheus://song/1485815327/?autoplay=1","https://music.163.com/song?id=1485815327"
"2020-10-09","1602172800000","1485814463","雨中伦敦 (Live)","小青龙","96576796","中国新说唱2020 第九期","169","1","orpheus://song/1485814463/?autoplay=1","https://music.163.com/song?id=1485814463"
"2020-10-09","1602172800000","1485815332","How are you (Live)","梁淞Tsong","96576796","中国新说唱2020 第九期","179","1","orpheus://song/1485815332/?autoplay=1","https://music.163.com/song?id=1485815332"
"2020-10-09","1602172800000","1485814465","千翻儿 (Live)","王齐铭WatchMe","96576796","中国新说唱2020 第九期","199","1","orpheus://song/1485814465/?autoplay=1","https://music.163.com/song?id=1485814465"
"2020-10-09","1602172800000","1485814466","Please (Live)","钟文UglyZ","96576796","中国新说唱2020 第九期","207","1","orpheus://song/1485814466/?autoplay=1","https://music.163.com/song?id=1485814466"
"2020-10-09","1602172800000","1485815349","Sorry,我不在你也不在吗? (Live)","KAFE.HU胡懿","96576796","中国新说唱2020 第九期","272","1","orpheus://song/1485815349/?autoplay=1","https://music.163.com/song?id=1485815349"
"2020-10-09","1602172800000","1485815352","Deserve (Live)","mac ova seas","96576796","中国新说唱2020 第九期","183","1","orpheus://song/1485815352/?autoplay=1","https://music.163.com/song?id=1485815352"
"2020-10-09","1602172800000","1485815353","Berry (Live)","李佳隆","96576796","中国新说唱2020 第九期","197","1","orpheus://song/1485815353/?autoplay=1","https://music.163.com/song?id=1485815353"
"2020-10-16","1602777600000","1487528112","经济舱 (Live)","KAFE.HU胡懿","96887565","中国新说唱2020 第十期","224","1","orpheus://song/1487528112/?autoplay=1","https://music.163.com/song?id=1487528112"
"2020-10-16","1602777600000","1487528118","单身 (Live)","梁淞Tsong","96887565","中国新说唱2020 第十期","198","1","orpheus://song/1487528118/?autoplay=1","https://music.163.com/song?id=1487528118"
"2020-10-16","1602777600000","1487528121","莫斯科 (Live)","mac ova seas","96887565","中国新说唱2020 第十期","233","1","orpheus://song/1487528121/?autoplay=1","https://music.163.com/song?id=1487528121"
"2020-10-16","1602777600000","1487528129","Small town king (Live)","王齐铭WatchMe","96887565","中国新说唱2020 第十期","210","1","orpheus://song/1487528129/?autoplay=1","https://music.163.com/song?id=1487528129"
"2020-10-16","1602777600000","1487527157","珍珠幻象 (Live)","GALI","96887565","中国新说唱2020 第十期","248","1","orpheus://song/1487527157/?autoplay=1","https://music.163.com/song?id=1487527157"
"2020-10-16","1602777600000","1487528134","没有空 (Live)","AnsrJ","96887565","中国新说唱2020 第十期","171","1","orpheus://song/1487528134/?autoplay=1","https://music.163.com/song?id=1487528134"
"2020-10-16","1602777600000","1487528136","白龙马 (Live)","BrAnTB白景屹","96887565","中国新说唱2020 第十期","262","1","orpheus://song/1487528136/?autoplay=1","https://music.163.com/song?id=1487528136"
"2020-10-16","1602777600000","1487527161","树大招风 (Live)","威尔Will.T","96887565","中国新说唱2020 第十期","165","1","orpheus://song/1487527161/?autoplay=1","https://music.163.com/song?id=1487527161"
"2020-10-16","1602777600000","1487527164","最爱 (Live)","李大奔BENZO","96887565","中国新说唱2020 第十期","168","1","orpheus://song/1487527164/?autoplay=1","https://music.163.com/song?id=1487527164"
"2020-10-16","1602777600000","1487528141","听懂没2.0 (Live)","李佳隆","96887565","中国新说唱2020 第十期","232","1","orpheus://song/1487528141/?autoplay=1","https://music.163.com/song?id=1487528141"
"2020-10-23","1603382400000","1489266004","大反派 (Live)","杨和苏KeyNG","97227787","中国新说唱2020 第十一期","210","1","orpheus://song/1489266004/?autoplay=1","https://music.163.com/song?id=1489266004"
"2020-10-23","1603382400000","1489267058","琥珀 (Live)","GALI","97227787","中国新说唱2020 第十一期","225","1","orpheus://song/1489267058/?autoplay=1","https://music.163.com/song?id=1489267058"
"2020-10-23","1603382400000","1489269048","半山腰的风景 (Live)","黄旭BooM","97227787","中国新说唱2020 第十一期","281","1","orpheus://song/1489269048/?autoplay=1","https://music.163.com/song?id=1489269048"
"2020-10-23","1603382400000","1489269055","十五 (Live)","威尔Will.T","97227787","中国新说唱2020 第十一期","204","1","orpheus://song/1489269055/?autoplay=1","https://music.163.com/song?id=1489269055"
"2020-10-23","1603382400000","1489269059","天才病 (Live)","盛宇D-SHINE","97227787","中国新说唱2020 第十一期","188","1","orpheus://song/1489269059/?autoplay=1","https://music.163.com/song?id=1489269059"
"2020-10-23","1603382400000","1489269061","不得扯拐 (Live)","李佳隆","97227787","中国新说唱2020 第十一期","190","1","orpheus://song/1489269061/?autoplay=1","https://music.163.com/song?id=1489269061"
"2020-10-23","1603382400000","1489267095","太阳 (Live)","威尔Will.T","97227787","中国新说唱2020 第十一期","188","1","orpheus://song/1489267095/?autoplay=1","https://music.163.com/song?id=1489267095"
"2020-10-23","1603382400000","1489267097","FREEMAN (Live)","KAFE.HU胡懿","97227787","中国新说唱2020 第十一期","212","1","orpheus://song/1489267097/?autoplay=1","https://music.163.com/song?id=1489267097"
"2020-10-23","1603382400000","1489269066","义无反顾 (Live)","王齐铭WatchMe","97227787","中国新说唱2020 第十一期","249","1","orpheus://song/1489269066/?autoplay=1","https://music.163.com/song?id=1489269066"
"2020-10-30","1603987200000","1491231632","嘻哈魂 (Live)","艾热 AIR/ICE杨长青/那吾克热-NW/杨和苏KeyNG/黄旭BooM/盛宇D-SHINE","97595963","中国新说唱2020 第十二期","405","1","orpheus://song/1491231632/?autoplay=1","https://music.163.com/song?id=1491231632"
"2020-10-30","1603987200000","1491231647","投名状 (Live)","GAI周延/王齐铭WatchMe","97595963","中国新说唱2020 第十二期","245","1","orpheus://song/1491231647/?autoplay=1","https://music.163.com/song?id=1491231647"
"2020-10-30","1603987200000","1491231648","stand by me (Live)","潘玮柏/KAFE.HU胡懿","97595963","中国新说唱2020 第十二期","249","1","orpheus://song/1491231648/?autoplay=1","https://music.163.com/song?id=1491231648"
"2020-10-30","1603987200000","1491231659","贰 (Live)","李大奔BENZO","97595963","中国新说唱2020 第十二期","223","1","orpheus://song/1491231659/?autoplay=1","https://music.163.com/song?id=1491231659"
"2020-10-30","1603987200000","1491231670","天幕 (Live)","王齐铭WatchMe","97595963","中国新说唱2020 第十二期","174","1","orpheus://song/1491231670/?autoplay=1","https://music.163.com/song?id=1491231670"
"2020-10-30","1603987200000","1491237338","One Love (Live)","李佳隆","97595963","中国新说唱2020 第十二期","206","1","orpheus://song/1491237338/?autoplay=1","https://music.163.com/song?id=1491237338"
"2020-10-30","1603987200000","1491237340","1992 (Live)","GALI","97595963","中国新说唱2020 第十二期","286","1","orpheus://song/1491237340/?autoplay=1","https://music.163.com/song?id=1491237340"
"2020-10-30","1603987200000","1491231684","喜剧人生 (Live)","王齐铭WatchMe","97595963","中国新说唱2020 第十二期","193","1","orpheus://song/1491231684/?autoplay=1","https://music.163.com/song?id=1491231684"
"2020-10-30","1603987200000","1491237360","回忆垃圾桶 (Live)","李佳隆","97595963","中国新说唱2020 第十二期","254","1","orpheus://song/1491237360/?autoplay=1","https://music.163.com/song?id=1491237360"
"2020-10-30","1603987200000","1491231712","我想告诉你 (Live)","KAFE.HU胡懿","97595963","中国新说唱2020 第十二期","273","1","orpheus://song/1491231712/?autoplay=1","https://music.163.com/song?id=1491231712"
"2020-10-30","1603987200000","1491237384","黄金·笨蛋·交响乐 (Live)","KAFE.HU胡懿","97595963","中国新说唱2020 第十二期","224","1","orpheus://song/1491237384/?autoplay=1","https://music.163.com/song?id=1491237384"
"2020-10-30","1603987200000","1491237390","天选之子 (Live)","GALI","97595963","中国新说唱2020 第十二期","298","1","orpheus://song/1491237390/?autoplay=1","https://music.163.com/song?id=1491237390"
"2020-10-30","1603987200000","1491231764","壹 (Live)","李大奔BENZO","97595963","中国新说唱2020 第十二期","241","1","orpheus://song/1491231764/?autoplay=1","https://music.163.com/song?id=1491231764"
"2022-06-25","1656086400000","1958954228","头文字T (LIVE版)","TizzyT","147091091","中国说唱巅峰对决 第一期","89","1","orpheus://song/1958954228/?autoplay=1","https://music.163.com/song?id=1958954228"
"2022-06-25","1656086400000","1958954229","野狼Disco (LIVE版)","宝石Gem","147091091","中国说唱巅峰对决 第一期","80","1","orpheus://song/1958954229/?autoplay=1","https://music.163.com/song?id=1958954229"
"2022-06-25","1656086400000","1958954422","我的新衣(LIVE版)","VaVa毛衍七","147091091","中国说唱巅峰对决 第一期","99","1","orpheus://song/1958954422/?autoplay=1","https://music.163.com/song?id=1958954422"
"2022-06-25","1656086400000","1958961013","目不转睛(LIVE版)","王以太","147091091","中国说唱巅峰对决 第一期","101","1","orpheus://song/1958961013/?autoplay=1","https://music.163.com/song?id=1958961013"
"2022-06-25","1656086400000","1958961195","星球坠落2022 (LIVE版)","艾热 AIR/李佳隆","147091091","中国说唱巅峰对决 第一期","168","1","orpheus://song/1958961195/?autoplay=1","https://music.163.com/song?id=1958961195"
"2022-06-25","1656086400000","1958954235","蒙着眼睛走+虎山行(LIVE版)","GAI周延","147091091","中国说唱巅峰对决 第一期","123","1","orpheus://song/1958954235/?autoplay=1","https://music.163.com/song?id=1958954235"
"2022-06-25","1656086400000","1958961016","Hip-hop没有派对(LIVE版)","MC HotDog 热狗","147091091","中国说唱巅峰对决 第一期","120","1","orpheus://song/1958961016/?autoplay=1","https://music.163.com/song?id=1958961016"
"2022-06-25","1656086400000","1958954266","锦上添花(LIVE版)","盛宇D-SHINE","147091091","中国说唱巅峰对决 第一期","295","1","orpheus://song/1958954266/?autoplay=1","https://music.163.com/song?id=1958954266"
"2022-06-25","1656086400000","1958961028","刘玉玲&街头艺术家(LIVE版)","PSY.P","147091091","中国说唱巅峰对决 第一期","202","1","orpheus://song/1958961028/?autoplay=1","https://music.163.com/song?id=1958961028"
"2022-06-25","1656086400000","1958954251","小丑女 (LIVE版)","杨和苏KeyNG","147091091","中国说唱巅峰对决 第一期","244","1","orpheus://song/1958954251/?autoplay=1","https://music.163.com/song?id=1958954251"
"2022-06-25","1656086400000","1958961025","Not Friendly(LIVE版)","GAI周延","147091091","中国说唱巅峰对决 第一期","198","1","orpheus://song/1958961025/?autoplay=1","https://music.163.com/song?id=1958961025"
"2022-06-25","1656086400000","1958961020","莫加戴Mo Jia Dai(LIVE版)","万妮达Vinida Weng","147091091","中国说唱巅峰对决 第一期","181","1","orpheus://song/1958961020/?autoplay=1","https://music.163.com/song?id=1958961020"
"2022-06-25","1656086400000","1958954428","站好(LIVE版)","VaVa毛衍七","147091091","中国说唱巅峰对决 第一期","189","1","orpheus://song/1958954428/?autoplay=1","https://music.163.com/song?id=1958954428"
"2022-06-25","1656086400000","1958954427","骄傲(LIVE版)","王以太","147091091","中国说唱巅峰对决 第一期","224","1","orpheus://song/1958954427/?autoplay=1","https://music.163.com/song?id=1958954427"
"2022-06-25","1656086400000","1958954250","清风调(LIVE版)","KEY.L刘聪","147091091","中国说唱巅峰对决 第一期","222","1","orpheus://song/1958954250/?autoplay=1","https://music.163.com/song?id=1958954250"
"2022-06-25","1656086400000","1958961030","晚安 Good Nite (LIVE版)","Capper","147091091","中国说唱巅峰对决 第一期","231","1","orpheus://song/1958961030/?autoplay=1","https://music.163.com/song?id=1958961030"
"2022-06-25","1656086400000","1958961024","收声(LIVE版)","早安","147091091","中国说唱巅峰对决 第一期","162","1","orpheus://song/1958961024/?autoplay=1","https://music.163.com/song?id=1958961024"
"2022-06-25","1656086400000","1958954236","Hate U(LIVE版)","NINEONE#乃万","147091091","中国说唱巅峰对决 第一期","143","1","orpheus://song/1958954236/?autoplay=1","https://music.163.com/song?id=1958954236"
"2022-06-25","1656086400000","1958954241","年轻的窦唯(LIVE版)","宝石Gem","147091091","中国说唱巅峰对决 第一期","177","1","orpheus://song/1958954241/?autoplay=1","https://music.163.com/song?id=1958954241"
"2022-07-02","1656691200000","1960729495","亚特兰蒂斯之心(LIVE版)","GALI","147510013","中国说唱巅峰对决 第二期","223","1","orpheus://song/1960729495/?autoplay=1","https://music.163.com/song?id=1960729495"
"2022-07-02","1656691200000","1960732253","传奇(LIVE版)","李佳隆","147510013","中国说唱巅峰对决 第二期","189","1","orpheus://song/1960732253/?autoplay=1","https://music.163.com/song?id=1960732253"
"2022-07-02","1656691200000","1960732263","千里万里(LIVE版)","艾热 AIR","147510013","中国说唱巅峰对决 第二期","253","1","orpheus://song/1960732263/?autoplay=1","https://music.163.com/song?id=1960732263"
"2022-07-02","1656691200000","1966401264","除了说唱我什么都不会 (LIVE版)","MC HotDog 热狗","147510013","中国说唱巅峰对决 第二期","176","1","orpheus://song/1966401264/?autoplay=1","https://music.163.com/song?id=1966401264"
"2022-07-02","1656691200000","1960729493","随便玩玩(LIVE版)","ICE杨长青","147510013","中国说唱巅峰对决 第二期","174","1","orpheus://song/1960729493/?autoplay=1","https://music.163.com/song?id=1960729493"
"2022-07-02","1656691200000","1960732256","你最好知道(LIVE版)","TizzyT","147510013","中国说唱巅峰对决 第二期","198","1","orpheus://song/1960732256/?autoplay=1","https://music.163.com/song?id=1960732256"
"2022-07-02","1656691200000","1960732018","MOONWALKER(LIVE版)","BrAnTB白景屹","147510013","中国说唱巅峰对决 第二期","176","1","orpheus://song/1960732018/?autoplay=1","https://music.163.com/song?id=1960732018"
"2022-07-02","1656691200000","1960729256","Do You Want More+天堂来信+半山腰的风景(LIVE版)","黄旭BooM","147510013","中国说唱巅峰对决 第二期","278","1","orpheus://song/1960729256/?autoplay=1","https://music.163.com/song?id=1960729256"
"2022-07-02","1656691200000","1960729494","后浪(LIVE版)","布瑞吉Bridge","147510013","中国说唱巅峰对决 第二期","222","1","orpheus://song/1960729494/?autoplay=1","https://music.163.com/song?id=1960729494"
"2022-07-02","1656691200000","1969548391","剑气 (LIVE版)","张颜齐","147510013","中国说唱巅峰对决 第二期","203","1","orpheus://song/1969548391/?autoplay=1","https://music.163.com/song?id=1969548391"
"2022-07-02","1656691200000","1960729498","一代(LIVE版)","功夫胖KUNGFU-PEN","147510013","中国说唱巅峰对决 第二期","238","1","orpheus://song/1960729498/?autoplay=1","https://music.163.com/song?id=1960729498"
"2022-07-02","1656691200000","1960732257","Now you know(LIVE版)","派克特（PACT）","147510013","中国说唱巅峰对决 第二期","250","1","orpheus://song/1960732257/?autoplay=1","https://music.163.com/song?id=1960732257"
"2022-07-09","1657296000000","1962368694","Mr.Carter (LIVE版)","BrAnTB白景屹/黄旭BooM","147820753","中国说唱巅峰对决 第三期","243","1","orpheus://song/1962368694/?autoplay=1","https://music.163.com/song?id=1962368694"
"2022-07-09","1657296000000","1962364494","前无古人后无来者 (LIVE版)","布瑞吉Bridge/张颜齐","147820753","中国说唱巅峰对决 第三期","226","1","orpheus://song/1962364494/?autoplay=1","https://music.163.com/song?id=1962364494"
"2022-07-09","1657296000000","1962364495","OK (LIVE版)","VaVa毛衍七/万妮达Vinida Weng","147820753","中国说唱巅峰对决 第三期","210","1","orpheus://song/1962364495/?autoplay=1","https://music.163.com/song?id=1962364495"
"2022-07-09","1657296000000","1962364507","喷 (LIVE版)","盛宇D-SHINE/NINEONE#乃万","147820753","中国说唱巅峰对决 第三期","225","1","orpheus://song/1962364507/?autoplay=1","https://music.163.com/song?id=1962364507"
"2022-07-09","1657296000000","1962364509","黑本子 (LIVE版)","KEY.L刘聪/ICE杨长青","147820753","中国说唱巅峰对决 第三期","196","1","orpheus://song/1962364509/?autoplay=1","https://music.163.com/song?id=1962364509"
"2022-07-09","1657296000000","1962368708","晒 (LIVE版)","TizzyT/GALI","147820753","中国说唱巅峰对决 第三期","220","1","orpheus://song/1962368708/?autoplay=1","https://music.163.com/song?id=1962368708"
"2022-07-09","1657296000000","1962368710","依然我行我素 (LIVE版)","MC HotDog 热狗/Capper","147820753","中国说唱巅峰对决 第三期","233","1","orpheus://song/1962368710/?autoplay=1","https://music.163.com/song?id=1962368710"
"2022-07-09","1657296000000","1962364527","别怕变老 (LIVE版)","王以太/艾热 AIR","147820753","中国说唱巅峰对决 第三期","249","1","orpheus://song/1962364527/?autoplay=1","https://music.163.com/song?id=1962364527"
"2022-07-16","1657900800000","1964443045","凯旋 (LIVE版)","GAI周延/功夫胖KUNGFU-PEN","148191532","中国说唱巅峰对决 第四期","240","1","orpheus://song/1964443045/?autoplay=1","https://music.163.com/song?id=1964443045"
"2022-07-16","1657900800000","1964444813","你也是个Rapper (LIVE版)","宝石Gem/派克特（PACT）","148191532","中国说唱巅峰对决 第四期","173","1","orpheus://song/1964444813/?autoplay=1","https://music.163.com/song?id=1964444813"
"2022-07-16","1657900800000","1964444815","翻身仗 (LIVE版)","杨和苏KeyNG/早安","148191532","中国说唱巅峰对决 第四期","207","1","orpheus://song/1964444815/?autoplay=1","https://music.163.com/song?id=1964444815"
"2022-07-16","1657900800000","1964443056","C位渡鸦 (LIVE版)","李佳隆/PSY.P","148191532","中国说唱巅峰对决 第四期","286","1","orpheus://song/1964443056/?autoplay=1","https://music.163.com/song?id=1964443056"
"2022-07-16","1657900800000","1964443050","镜中人 (LIVE版)","VaVa毛衍七/艾热 AIR/万妮达Vinida Weng","148191532","中国说唱巅峰对决 第四期","252","1","orpheus://song/1964443050/?autoplay=1","https://music.163.com/song?id=1964443050"
"2022-07-16","1657900800000","1964443044","隆里电丝 (LIVE版)","盛宇D-SHINE/KEY.L刘聪/ICE杨长青","148191532","中国说唱巅峰对决 第四期","219","1","orpheus://song/1964443044/?autoplay=1","https://music.163.com/song?id=1964443044"
"2022-07-23","1658505600000","1966272425","一席之地（LIVE版）","杨和苏KeyNG/早安/王以太","148534839","中国说唱巅峰对决 第五期","286","1","orpheus://song/1966272425/?autoplay=1","https://music.163.com/song?id=1966272425"
"2022-07-23","1658505600000","1966272953","爱之游乐园（LIVE版）","黄旭BooM/BrAnTB白景屹/TizzyT","148534839","中国说唱巅峰对决 第五期","269","1","orpheus://song/1966272953/?autoplay=1","https://music.163.com/song?id=1966272953"
"2022-07-23","1658505600000","1966262189","江湖儿女（LIVE版）","GAI周延/功夫胖KUNGFU-PEN/布瑞吉Bridge","148534839","中国说唱巅峰对决 第五期","233","1","orpheus://song/1966262189/?autoplay=1","https://music.163.com/song?id=1966262189"
"2022-07-23","1658505600000","1966263877","礼拜日 Life goes on（LIVE版）","MC HotDog 热狗/Capper/GALI","148534839","中国说唱巅峰对决 第五期","250","1","orpheus://song/1966263877/?autoplay=1","https://music.163.com/song?id=1966263877"
"2022-07-23","1658505600000","1966266535","CX330（LIVE版）","VaVa毛衍七","148534839","中国说唱巅峰对决 第五期","231","1","orpheus://song/1966266535/?autoplay=1","https://music.163.com/song?id=1966266535"
"2022-07-23","1658505600000","1966262750","untitled3.30（LIVE版）","GAI周延","148534839","中国说唱巅峰对决 第五期","170","1","orpheus://song/1966262750/?autoplay=1","https://music.163.com/song?id=1966262750"
"2022-07-23","1658505600000","1966272171","比个V（LIVE版）","黄旭BooM","148534839","中国说唱巅峰对决 第五期","167","1","orpheus://song/1966272171/?autoplay=1","https://music.163.com/song?id=1966272171"
"2022-07-30","1659110400000","1968156057","啥子声音 (LIVE版)","GAI周延/功夫胖KUNGFU-PEN/布瑞吉Bridge","148901685","中国说唱巅峰对决 第六期","234","1","orpheus://song/1968156057/?autoplay=1","https://music.163.com/song?id=1968156057"
"2022-07-30","1659110400000","1968156124","神奇宝贝的Cypher (LIVE版)","MC HotDog 热狗/Capper/GALI/TizzyT","148901685","中国说唱巅峰对决 第六期","290","1","orpheus://song/1968156124/?autoplay=1","https://music.163.com/song?id=1968156124"
"2022-07-30","1659110400000","1968156067","不得不撒 (LIVE版)","KEY.L刘聪/盛宇D-SHINE/VaVa毛衍七/万妮达Vinida Weng","148901685","中国说唱巅峰对决 第六期","267","1","orpheus://song/1968156067/?autoplay=1","https://music.163.com/song?id=1968156067"
"2022-07-30","1659110400000","1968156159","一席之地Cypher (LIVE版)","杨和苏KeyNG/早安/王以太/艾热 AIR/黄旭BooM","148901685","中国说唱巅峰对决 第六期","295","1","orpheus://song/1968156159/?autoplay=1","https://music.163.com/song?id=1968156159"
"2022-07-30","1659110400000","1968156911","We are 钢 (LIVE版)","字母钢","148901685","中国说唱巅峰对决 第六期","151","1","orpheus://song/1968156911/?autoplay=1","https://music.163.com/song?id=1968156911"
"2022-07-30","1659110400000","1968156895","1995 (LIVE版)","威尔Will.T","148901685","中国说唱巅峰对决 第六期","216","1","orpheus://song/1968156895/?autoplay=1","https://music.163.com/song?id=1968156895"
"2022-07-30","1659110400000","1968156820","KEYONE (独一无二) (LIVE版)","JA符龙飞","148901685","中国说唱巅峰对决 第六期","189","1","orpheus://song/1968156820/?autoplay=1","https://music.163.com/song?id=1968156820"
"2022-07-30","1659110400000","1968156921","活着 (LIVE版)","赵辰龙(Dragon X)","148901685","中国说唱巅峰对决 第六期","215","1","orpheus://song/1968156921/?autoplay=1","https://music.163.com/song?id=1968156921"
"2022-07-30","1659110400000","1968156910","POSE! (拿样) (LIVE版)","刘炫廷","148901685","中国说唱巅峰对决 第六期","267","1","orpheus://song/1968156910/?autoplay=1","https://music.163.com/song?id=1968156910"
"2022-07-30","1659110400000","1968156060","崩坏宝贝 (LIVE版)","Jinx周君怡","148901685","中国说唱巅峰对决 第六期","172","1","orpheus://song/1968156060/?autoplay=1","https://music.163.com/song?id=1968156060"
"2022-07-31","1659196800000","1968309131","Journey(LIVE版)","芯竹XENZU","148936702","中国说唱巅峰对决 第六期加更","214","1","orpheus://song/1968309131/?autoplay=1","https://music.163.com/song?id=1968309131"
"2022-07-31","1659196800000","1968309133","Eight(LIVE版)","PO8","148936702","中国说唱巅峰对决 第六期加更","229","1","orpheus://song/1968309133/?autoplay=1","https://music.163.com/song?id=1968309133"
"2022-07-31","1659196800000","1968308145","蒙塔娜 Montana (LIVE版)","卜凡","148936702","中国说唱巅峰对决 第六期加更","183","1","orpheus://song/1968308145/?autoplay=1","https://music.163.com/song?id=1968308145"
"2022-07-31","1659196800000","1968309100","AMG GO HARD(LIVE版)","雾都L4WUDU","148936702","中国说唱巅峰对决 第六期加更","174","1","orpheus://song/1968309100/?autoplay=1","https://music.163.com/song?id=1968309100"
"2022-07-31","1659196800000","1968309134","新的宿命(LIVE版)","FOX胡天渝","148936702","中国说唱巅峰对决 第六期加更","214","1","orpheus://song/1968309134/?autoplay=1","https://music.163.com/song?id=1968309134"
"2022-08-06","1659715200000","1969923780","镜头 (LIVE版)","雾都L4WUDU","149268133","中国说唱巅峰对决 第七期","166","1","orpheus://song/1969923780/?autoplay=1","https://music.163.com/song?id=1969923780"
"2022-08-06","1659715200000","1969923877","麒麟 (LIVE版)","早安","149268133","中国说唱巅峰对决 第七期","188","1","orpheus://song/1969923877/?autoplay=1","https://music.163.com/song?id=1969923877"
"2022-08-06","1659715200000","1969922569","未来等你 (LIVE版)","KEY.L刘聪","149268133","中国说唱巅峰对决 第七期","217","1","orpheus://song/1969922569/?autoplay=1","https://music.163.com/song?id=1969922569"
"2022-08-06","1659715200000","1969922575","臭毛病 (LIVE版)","JA符龙飞","149268133","中国说唱巅峰对决 第七期","244","1","orpheus://song/1969922575/?autoplay=1","https://music.163.com/song?id=1969922575"
"2022-08-06","1659715200000","1969922589","花园 (LIVE版)","功夫胖KUNGFU-PEN","149268133","中国说唱巅峰对决 第七期","175","1","orpheus://song/1969922589/?autoplay=1","https://music.163.com/song?id=1969922589"
"2022-08-06","1659715200000","1969924060","LOST IN THE JUNGLE (LIVE版)","芯竹XENZU","149268133","中国说唱巅峰对决 第七期","214","1","orpheus://song/1969924060/?autoplay=1","https://music.163.com/song?id=1969924060"
"2022-08-06","1659715200000","1969925712","失控 (LIVE版)","TizzyT","149268133","中国说唱巅峰对决 第七期","194","1","orpheus://song/1969925712/?autoplay=1","https://music.163.com/song?id=1969925712"
"2022-08-06","1659715200000","1969924110","大满贯 (LIVE版)","威尔Will.T","149268133","中国说唱巅峰对决 第七期","161","1","orpheus://song/1969924110/?autoplay=1","https://music.163.com/song?id=1969924110"
"2022-08-06","1659715200000","1969925751","悬浮术II (LIVE版)","GALI","149268133","中国说唱巅峰对决 第七期","282","1","orpheus://song/1969925751/?autoplay=1","https://music.163.com/song?id=1969925751"
"2022-08-06","1659715200000","1969924124","蜥蜴 (LIVE版)","刘炫廷","149268133","中国说唱巅峰对决 第七期","247","1","orpheus://song/1969924124/?autoplay=1","https://music.163.com/song?id=1969924124"
"2022-08-06","1659715200000","1969925842","生存法则 (LIVE版)","黄旭BooM","149268133","中国说唱巅峰对决 第七期","243","1","orpheus://song/1969925842/?autoplay=1","https://music.163.com/song?id=1969925842"
"2022-08-06","1659715200000","1969924225","Play It Cool (LIVE版)","马伯骞Victor Ma","149268133","中国说唱巅峰对决 第七期","177","1","orpheus://song/1969924225/?autoplay=1","https://music.163.com/song?id=1969924225"
"2022-08-13","1660320000000","1971816935","够了够了 (LIVE版)","黑豹乐队/MC HotDog 热狗/GALI","149638577","中国说唱巅峰对决 第八期","230","1","orpheus://song/1971816935/?autoplay=1","https://music.163.com/song?id=1971816935"
"2022-08-13","1660320000000","1971817690","潜伏期 (LIVE版)","王靖雯不胖/功夫胖KUNGFU-PEN","149638577","中国说唱巅峰对决 第八期","209","1","orpheus://song/1971817690/?autoplay=1","https://music.163.com/song?id=1971817690"
"2022-08-13","1660320000000","1971817689","All the way up (LIVE版)","潘玮柏/早安/杨和苏KeyNG","149638577","中国说唱巅峰对决 第八期","258","1","orpheus://song/1971817689/?autoplay=1","https://music.163.com/song?id=1971817689"
"2022-08-13","1660320000000","1971817695","云山 (LIVE版)","凤凰传奇/盛宇D-SHINE/万妮达Vinida Weng/VaVa毛衍七","149638577","中国说唱巅峰对决 第八期","269","1","orpheus://song/1971817695/?autoplay=1","https://music.163.com/song?id=1971817695"
"2022-08-20","1660924800000","1973741060","空城计之梦刘备 (LIVE版)","KEY.L刘聪/万妮达Vinida Weng/VaVa毛衍七","150019064","中国说唱巅峰对决 第九期","266","1","orpheus://song/1973741060/?autoplay=1","https://music.163.com/song?id=1973741060"
"2022-08-20","1660924800000","1973741172","飞跃经济舱 (LIVE版)","GAI周延/功夫胖KUNGFU-PEN/布瑞吉Bridge","150019064","中国说唱巅峰对决 第九期","214","1","orpheus://song/1973741172/?autoplay=1","https://music.163.com/song?id=1973741172"
"2022-08-20","1660924800000","1973740458","宝贝大反派 (LIVE版)","刘炫廷/TizzyT/Capper","150019064","中国说唱巅峰对决 第九期","243","1","orpheus://song/1973740458/?autoplay=1","https://music.163.com/song?id=1973740458"
"2022-08-20","1660924800000","1973748094","吹 right now(现在吹) (LIVE版)","王以太/艾热 AIR","150019064","中国说唱巅峰对决 第九期","255","1","orpheus://song/1973748094/?autoplay=1","https://music.163.com/song?id=1973748094"
"2022-08-20","1660924800000","1973748101","无名 (LIVE版)","杨和苏KeyNG","150019064","中国说唱巅峰对决 第九期","271","1","orpheus://song/1973748101/?autoplay=1","https://music.163.com/song?id=1973748101"
"2022-08-20","1660924800000","1973748113","朝天门 (LIVE版)","GAI周延","150019064","中国说唱巅峰对决 第九期","232","1","orpheus://song/1973748113/?autoplay=1","https://music.163.com/song?id=1973748113"
"2022-08-20","1660924800000","1973749016","无湘不成军 (LIVE版)","盛宇D-SHINE","150019064","中国说唱巅峰对决 第九期","212","1","orpheus://song/1973749016/?autoplay=1","https://music.163.com/song?id=1973749016"
"2022-08-20","1660924800000","1973748377","脏艺术家 (LIVE版)","MC HotDog 热狗","150019064","中国说唱巅峰对决 第九期","205","1","orpheus://song/1973748377/?autoplay=1","https://music.163.com/song?id=1973748377"
"2022-08-27","1661529600000","1975799630","两个世界 (LIVE版)","KEY.L刘聪/万妮达Vinida Weng","150434119","中国说唱巅峰对决 第十期","206","1","orpheus://song/1975799630/?autoplay=1","https://music.163.com/song?id=1975799630"
"2022-08-27","1661529600000","1975799956","BIG HOMIE (LIVE版)","功夫胖KUNGFU-PEN","150434119","中国说唱巅峰对决 第十期","207","1","orpheus://song/1975799956/?autoplay=1","https://music.163.com/song?id=1975799956"
"2022-08-27","1661529600000","1975802875","顶峰 (LIVE版)","TizzyT","150434119","中国说唱巅峰对决 第十期","281","1","orpheus://song/1975802875/?autoplay=1","https://music.163.com/song?id=1975802875"
"2022-08-27","1661529600000","1975802964","头头是道 (LIVE版)","艾热 AIR/王以太","150434119","中国说唱巅峰对决 第十期","295","1","orpheus://song/1975802964/?autoplay=1","https://music.163.com/song?id=1975802964"
"2022-08-27","1661529600000","1975802984","达摩克利斯之剑 (LIVE版)","Capper/GALI","150434119","中国说唱巅峰对决 第十期","209","1","orpheus://song/1975802984/?autoplay=1","https://music.163.com/song?id=1975802984"
"2022-08-27","1661529600000","1975803136","威远故事 (LIVE版)","GAI周延","150434119","中国说唱巅峰对决 第十期","273","1","orpheus://song/1975803136/?autoplay=1","https://music.163.com/song?id=1975803136"
"2022-08-27","1661529600000","1975800314","现实的生活 (LIVE版)","王以太/艾热 AIR","150434119","中国说唱巅峰对决 第十期","258","1","orpheus://song/1975800314/?autoplay=1","https://music.163.com/song?id=1975800314"
"2022-08-27","1661529600000","1975803221","安逸 (LIVE版)","VaVa毛衍七/盛宇D-SHINE","150434119","中国说唱巅峰对决 第十期","236","1","orpheus://song/1975803221/?autoplay=1","https://music.163.com/song?id=1975803221"
"2022-08-27","1661529600000","1975800434","DROPTOP! (LIVE版)","刘炫廷/TizzyT/GALI/Capper","150434119","中国说唱巅峰对决 第十期","211","1","orpheus://song/1975800434/?autoplay=1","https://music.163.com/song?id=1975800434"
"2022-08-27","1661529600000","1975803442","新老学校 (LIVE版)","布瑞吉Bridge","150434119","中国说唱巅峰对决 第十期","196","1","orpheus://song/1975803442/?autoplay=1","https://music.163.com/song?id=1975803442"
"2022-08-27","1661529600000","1975800620","15·50 (LIVE版)","杨和苏KeyNG/早安","150434119","中国说唱巅峰对决 第十期","243","1","orpheus://song/1975800620/?autoplay=1","https://music.163.com/song?id=1975800620"
"2022-08-27","1661529600000","1975803627","药到病除 The Cure (LIVE版)","万妮达Vinida Weng/盛宇D-SHINE","150434119","中国说唱巅峰对决 第十期","210","1","orpheus://song/1975803627/?autoplay=1","https://music.163.com/song?id=1975803627"
"2022-09-03","1662134400000","1978013145","Pillow（LIVE版）","早安","150895378","中国说唱巅峰对决 第十一期","207","1","orpheus://song/1978013145/?autoplay=1","https://music.163.com/song?id=1978013145"
"2022-09-03","1662134400000","1978013211","茉莉花开 Jasmine（LIVE版）","万妮达Vinida Weng","150895378","中国说唱巅峰对决 第十一期","218","1","orpheus://song/1978013211/?autoplay=1","https://music.163.com/song?id=1978013211"
"2022-09-03","1662134400000","1978015978","孤独症DEMO（LIVE版）","功夫胖KUNGFU-PEN/KEY.L刘聪","150895378","中国说唱巅峰对决 第十一期","237","1","orpheus://song/1978015978/?autoplay=1","https://music.163.com/song?id=1978015978"
"2022-09-03","1662134400000","1978018670","很久以前（LIVE版）","杨和苏KeyNG","150895378","中国说唱巅峰对决 第十一期","320","1","orpheus://song/1978018670/?autoplay=1","https://music.163.com/song?id=1978018670"
"2022-09-03","1662134400000","1978018930","TA（LIVE版）","刘炫廷","150895378","中国说唱巅峰对决 第十一期","221","1","orpheus://song/1978018930/?autoplay=1","https://music.163.com/song?id=1978018930"
"2022-09-03","1662134400000","1978019099","波斯（LIVE版）","VaVa毛衍七","150895378","中国说唱巅峰对决 第十一期","256","1","orpheus://song/1978019099/?autoplay=1","https://music.163.com/song?id=1978019099"
"2022-09-03","1662134400000","1978020898","因为（LIVE版）","Capper","150895378","中国说唱巅峰对决 第十一期","189","1","orpheus://song/1978020898/?autoplay=1","https://music.163.com/song?id=1978020898"
"2022-09-03","1662134400000","1978019574","浪子不懂爱（LIVE版）","盛宇D-SHINE","150895378","中国说唱巅峰对决 第十一期","233","1","orpheus://song/1978019574/?autoplay=1","https://music.163.com/song?id=1978019574"
"2022-09-04","1662220800000","1978173960","Sorry (LIVE版)","王以太","150943750","中国说唱巅峰对决 第十一期加更","235","1","orpheus://song/1978173960/?autoplay=1","https://music.163.com/song?id=1978173960"
"2022-09-04","1662220800000","1978175836","Going Go 2022 (LIVE版)","TizzyT","150943750","中国说唱巅峰对决 第十一期加更","251","1","orpheus://song/1978175836/?autoplay=1","https://music.163.com/song?id=1978175836"
"2022-09-04","1662220800000","1978173961","随身听2000 (LIVE版)","KEY.L刘聪","150943750","中国说唱巅峰对决 第十一期加更","249","1","orpheus://song/1978173961/?autoplay=1","https://music.163.com/song?id=1978173961"
"2022-09-04","1662220800000","1978173974","Love Story (LIVE版)","布瑞吉Bridge","150943750","中国说唱巅峰对决 第十一期加更","240","1","orpheus://song/1978173974/?autoplay=1","https://music.163.com/song?id=1978173974"
"2022-09-04","1662220800000","1978173964","BackPack (LIVE版)","GALI/刘炫廷","150943750","中国说唱巅峰对决 第十一期加更","227","1","orpheus://song/1978173964/?autoplay=1","https://music.163.com/song?id=1978173964"
"2022-09-04","1662220800000","1978175843","江湖流 (LIVE版)","功夫胖KUNGFU-PEN/KEY.L刘聪/盛宇D-SHINE/GAI周延","150943750","中国说唱巅峰对决 第十一期加更","355","1","orpheus://song/1978175843/?autoplay=1","https://music.163.com/song?id=1978175843"
"2022-09-10","1662739200000","1980023423","一代 (LIVE版)","《中国说唱巅峰对决》群星","151300431","中国说唱巅峰对决 总决赛 (上集)","297","1","orpheus://song/1980023423/?autoplay=1","https://music.163.com/song?id=1980023423"
"2022-09-10","1662739200000","1980024165","反转未来 (LIVE版)","陈立农","151300431","中国说唱巅峰对决 总决赛 (上集)","255","1","orpheus://song/1980024165/?autoplay=1","https://music.163.com/song?id=1980024165"
"2022-09-10","1662739200000","1980027633","笨蛋+外婆摇 (LIVE版)","盛宇D-SHINE","151300431","中国说唱巅峰对决 总决赛 (上集)","370","1","orpheus://song/1980027633/?autoplay=1","https://music.163.com/song?id=1980027633"
"2022-09-10","1662739200000","1980024242","山岚Flow杜康韵 (LIVE版)","GAI周延","151300431","中国说唱巅峰对决 总决赛 (上集)","280","1","orpheus://song/1980024242/?autoplay=1","https://music.163.com/song?id=1980024242"
"2022-09-10","1662739200000","1980027690","玛瑙/The House (暗室) (LIVE版)","GALI","151300431","中国说唱巅峰对决 总决赛 (上集)","374","1","orpheus://song/1980027690/?autoplay=1","https://music.163.com/song?id=1980027690"
"2022-09-10","1662739200000","1980027717","艾尼玩尔·热依木 (LIVE版)","艾热 AIR","151300431","中国说唱巅峰对决 总决赛 (上集)","252","1","orpheus://song/1980027717/?autoplay=1","https://music.163.com/song?id=1980027717"
"2022-09-10","1662739200000","1980027743","K.O (LIVE版)","PSY.P","151300431","中国说唱巅峰对决 总决赛 (上集)","211","1","orpheus://song/1980027743/?autoplay=1","https://music.163.com/song?id=1980027743"
"2022-09-10","1662739200000","1980024365","弹歌 (LIVE版)","常石磊/王以太","151300431","中国说唱巅峰对决 总决赛 (上集)","304","1","orpheus://song/1980024365/?autoplay=1","https://music.163.com/song?id=1980024365"
"2022-09-10","1662739200000","1980027787","亢龙有悔 (LIVE版)","张艺兴/GAI周延","151300431","中国说唱巅峰对决 总决赛 (上集)","280","1","orpheus://song/1980027787/?autoplay=1","https://music.163.com/song?id=1980027787"
"2022-09-10","1662739200000","1980024398","东方不败 (LIVE版)","李玟/KEY.L刘聪","151300431","中国说唱巅峰对决 总决赛 (上集)","205","1","orpheus://song/1980024398/?autoplay=1","https://music.163.com/song?id=1980024398"
"2022-09-10","1662739200000","1980024415","耍猴儿 (LIVE版)","二手玫瑰/MC HotDog 热狗/Capper/TizzyT","151300431","中国说唱巅峰对决 总决赛 (上集)","279","1","orpheus://song/1980024415/?autoplay=1","https://music.163.com/song?id=1980024415"
"2022-09-10","1662739200000","1980024417","送情郎·东雪 (LIVE版)","宝石Gem","151300431","中国说唱巅峰对决 总决赛 (上集)","215","1","orpheus://song/1980024417/?autoplay=1","https://music.163.com/song?id=1980024417"
"2022-09-11","1662825600000","1980391900","轨迹（LIVE版）","TizzyT","151387777","中国说唱巅峰对决 总决赛（下集）","198","1","orpheus://song/1980391900/?autoplay=1","https://music.163.com/song?id=1980391900"
"2022-09-11","1662825600000","1980391914","驾（LIVE版）","布瑞吉Bridge","151387777","中国说唱巅峰对决 总决赛（下集）","179","1","orpheus://song/1980391914/?autoplay=1","https://music.163.com/song?id=1980391914"
"2022-09-11","1662825600000","1980391949","舟（LIVE版）","万妮达Vinida Weng/VaVa毛衍七","151387777","中国说唱巅峰对决 总决赛（下集）","248","1","orpheus://song/1980391949/?autoplay=1","https://music.163.com/song?id=1980391949"
"2022-09-11","1662825600000","1980391961","ANTHEM!（LIVE版）","刘炫廷","151387777","中国说唱巅峰对决 总决赛（下集）","288","1","orpheus://song/1980391961/?autoplay=1","https://music.163.com/song?id=1980391961"
"2022-09-11","1662825600000","1980386432","终章（LIVE版）","杨和苏KeyNG","151387777","中国说唱巅峰对决 总决赛（下集）","299","1","orpheus://song/1980386432/?autoplay=1","https://music.163.com/song?id=1980386432"
"2022-09-11","1662825600000","1980386486","Backing My Way（LIVE版）","BrAnTB白景屹","151387777","中国说唱巅峰对决 总决赛（下集）","130","1","orpheus://song/1980386486/?autoplay=1","https://music.163.com/song?id=1980386486"
"2022-09-11","1662825600000","1980386494","黑帆 Black Flag（LIVE版）","李佳隆","151387777","中国说唱巅峰对决 总决赛（下集）","174","1","orpheus://song/1980386494/?autoplay=1","https://music.163.com/song?id=1980386494"
"2022-09-11","1662825600000","1980392063","我只在乎你 2.0（LIVE版）","MC HotDog 热狗/Capper/GALI/TizzyT/刘炫廷","151387777","中国说唱巅峰对决 总决赛（下集）","279","1","orpheus://song/1980392063/?autoplay=1","https://music.163.com/song?id=1980392063"
"2022-09-11","1662825600000","1980392087","三滴血（LIVE版）","GAI周延/功夫胖KUNGFU-PEN/布瑞吉Bridge","151387777","中国说唱巅峰对决 总决赛（下集）","275","1","orpheus://song/1980392087/?autoplay=1","https://music.163.com/song?id=1980392087"
"2022-09-11","1662825600000","1980392101","以邦之名（LIVE版）","KEY.L刘聪/VaVa毛衍七/盛宇D-SHINE/万妮达Vinida Weng","151387777","中国说唱巅峰对决 总决赛（下集）","271","1","orpheus://song/1980392101/?autoplay=1","https://music.163.com/song?id=1980392101"
"2022-09-11","1662825600000","1980392121","人来疯（LIVE版）","艾热 AIR/王以太/杨和苏KeyNG/早安","151387777","中国说唱巅峰对决 总决赛（下集）","246","1","orpheus://song/1980392121/?autoplay=1","https://music.163.com/song?id=1980392121"
"2023-05-06","1683302400000","2045332154","如意 (LIVE版)","GAI周延","165133632","中国说唱巅峰对决2023 先导片","227","1","orpheus://song/2045332154/?autoplay=1","https://music.163.com/song?id=2045332154"
"2023-05-06","1683302400000","2045332156","彩虹 (LIVE版)","谢帝","165133632","中国说唱巅峰对决2023 先导片","197","1","orpheus://song/2045332156/?autoplay=1","https://music.163.com/song?id=2045332156"
"2023-05-06","1683302400000","2045332153","十局上半 (LIVE版)","MC HotDog 热狗","165133632","中国说唱巅峰对决2023 先导片","199","1","orpheus://song/2045332153/?autoplay=1","https://music.163.com/song?id=2045332153"
"2023-05-06","1683302400000","2045333429","鹊 (LIVE版)","早安","165073679","中国说唱巅峰对决2023 第一期","235","1","orpheus://song/2045333429/?autoplay=1","https://music.163.com/song?id=2045333429"
"2023-05-06","1683302400000","2045332345","Ghost Face (鬼脸) (LIVE版)","法老","165073679","中国说唱巅峰对决2023 第一期","219","1","orpheus://song/2045332345/?autoplay=1","https://music.163.com/song?id=2045332345"
"2023-05-06","1683302400000","2045333351","二踢脚 (LIVE版)","JarStick","165073679","中国说唱巅峰对决2023 第一期","180","1","orpheus://song/2045333351/?autoplay=1","https://music.163.com/song?id=2045333351"
"2023-05-06","1683302400000","2045332411","临时抱佛脚 (LIVE版)","威尔Will.T","165073679","中国说唱巅峰对决2023 第一期","321","1","orpheus://song/2045332411/?autoplay=1","https://music.163.com/song?id=2045332411"
"2023-05-06","1683302400000","2045332407","威武 (LIVE版)","杨和苏KeyNG","165073679","中国说唱巅峰对决2023 第一期","246","1","orpheus://song/2045332407/?autoplay=1","https://music.163.com/song?id=2045332407"
"2023-05-06","1683302400000","2045332353","第一回合 (LIVE版)","艾热 AIR","165073679","中国说唱巅峰对决2023 第一期","262","1","orpheus://song/2045332353/?autoplay=1","https://music.163.com/song?id=2045332353"
"2023-05-06","1683302400000","2045333427","昆仑 (LIVE版)","功夫胖KUNGFU-PEN","165073679","中国说唱巅峰对决2023 第一期","242","1","orpheus://song/2045333427/?autoplay=1","https://music.163.com/song?id=2045333427"
"2023-05-06","1683302400000","2045332329","去到你宇宙 (LIVE版)","AnsrJ","165073679","中国说唱巅峰对决2023 第一期","180","1","orpheus://song/2045332329/?autoplay=1","https://music.163.com/song?id=2045332329"
"2023-05-06","1683302400000","2045333409","以一当十 (LIVE版)","李尔新","165073679","中国说唱巅峰对决2023 第一期","187","1","orpheus://song/2045333409/?autoplay=1","https://music.163.com/song?id=2045333409"
"2023-05-06","1683302400000","2045333419","战斗 (LIVE版)","Yee","165073679","中国说唱巅峰对决2023 第一期","156","1","orpheus://song/2045333419/?autoplay=1","https://music.163.com/song?id=2045333419"
"2023-05-06","1683302400000","2045332344","不一样的帅 (LIVE版)","PSY.P","165073679","中国说唱巅峰对决2023 第一期","163","1","orpheus://song/2045332344/?autoplay=1","https://music.163.com/song?id=2045332344"
"2023-05-06","1683302400000","2045333405","霹雳游侠 (LIVE版)","盛宇D-SHINE","165073679","中国说唱巅峰对决2023 第一期","199","1","orpheus://song/2045333405/?autoplay=1","https://music.163.com/song?id=2045333405"
"2023-05-13","1683907200000","2046867018","My Car Goes (我的车燃烧) (LIVE版)","艾福杰尼","165315852","中国说唱巅峰对决2023 第二期","193","1","orpheus://song/2046867018/?autoplay=1","https://music.163.com/song?id=2046867018"
"2023-05-13","1683907200000","2046864095","过山车 (LIVE版)","欧阳靖","165315852","中国说唱巅峰对决2023 第二期","215","1","orpheus://song/2046864095/?autoplay=1","https://music.163.com/song?id=2046864095"
"2023-05-13","1683907200000","2046864101","LONELY GOD (LIVE版)","满舒克","165315852","中国说唱巅峰对决2023 第二期","252","1","orpheus://song/2046864101/?autoplay=1","https://music.163.com/song?id=2046864101"
"2023-05-13","1683907200000","2046864131","Don't Worry About Me (别担心我) (LIVE版)","瘦子E.SO","165315852","中国说唱巅峰对决2023 第二期","228","1","orpheus://song/2046864131/?autoplay=1","https://music.163.com/song?id=2046864131"
"2023-05-13","1683907200000","2046864333","叫姐姐 (LIVE版)","谢可寅","165315852","中国说唱巅峰对决2023 第二期","159","1","orpheus://song/2046864333/?autoplay=1","https://music.163.com/song?id=2046864333"
"2023-05-13","1683907200000","2046864387","梅花桩+唐人街 (LIVE版)","BrAnTB白景屹","165315852","中国说唱巅峰对决2023 第二期","269","1","orpheus://song/2046864387/?autoplay=1","https://music.163.com/song?id=2046864387"
"2023-05-13","1683907200000","2046867332","摇滚陷阱明星 - Trappin‘Rockstar (LIVE版)","邓典果DDG","165315852","中国说唱巅峰对决2023 第二期","189","1","orpheus://song/2046867332/?autoplay=1","https://music.163.com/song?id=2046867332"
"2023-05-13","1683907200000","2046864415","我的回合 (LIVE版)","贰万","165315852","中国说唱巅峰对决2023 第二期","144","1","orpheus://song/2046864415/?autoplay=1","https://music.163.com/song?id=2046864415"
"2023-05-13","1683907200000","2046867420","字母歌2023 (LIVE版)","李毅杰PISSY","165315852","中国说唱巅峰对决2023 第二期","183","1","orpheus://song/2046867420/?autoplay=1","https://music.163.com/song?id=2046867420"
"2023-05-13","1683907200000","2046864518","With My Gang (与你同在) (LIVE版)","雾都L4WUDU","165315852","中国说唱巅峰对决2023 第二期","187","1","orpheus://song/2046864518/?autoplay=1","https://music.163.com/song?id=2046864518"
"2023-05-13","1683907200000","2046867486","心跳回忆 (LIVE版)","小精灵","165315852","中国说唱巅峰对决2023 第二期","168","1","orpheus://song/2046867486/?autoplay=1","https://music.163.com/song?id=2046867486"
"2023-05-13","1683907200000","2046867531","奔跑女孩 (LIVE版)","VaVa毛衍七","165315852","中国说唱巅峰对决2023 第二期","261","1","orpheus://song/2046867531/?autoplay=1","https://music.163.com/song?id=2046867531"
"2023-05-13","1683907200000","2046872629","浴火重生 (LIVE版)","那吾克热-NW","165315852","中国说唱巅峰对决2023 第二期","217","1","orpheus://song/2046872629/?autoplay=1","https://music.163.com/song?id=2046872629"
"2023-05-13","1683907200000","2046872673","不屑 (LIVE版)","黄旭BooM","165315852","中国说唱巅峰对决2023 第二期","217","1","orpheus://song/2046872673/?autoplay=1","https://music.163.com/song?id=2046872673"
"2023-05-20","1684512000000","2048370921","Ten Toes Down (脚踏十地) (LIVE版)","派克特（PACT）","165876939","中国说唱巅峰对决2023 第三期","206","1","orpheus://song/2048370921/?autoplay=1","https://music.163.com/song?id=2048370921"
"2023-05-20","1684512000000","2048370931","肥男帮 (LIVE版)","大渊MUTA","165876939","中国说唱巅峰对决2023 第三期","175","1","orpheus://song/2048370931/?autoplay=1","https://music.163.com/song?id=2048370931"
"2023-05-20","1684512000000","2048370958","风口浪尖 (LIVE版)","step.jad依加","165876939","中国说唱巅峰对决2023 第三期","166","1","orpheus://song/2048370958/?autoplay=1","https://music.163.com/song?id=2048370958"
"2023-05-20","1684512000000","2048370978","嘉陵 (LIVE版)","李佳隆","165876939","中国说唱巅峰对决2023 第三期","226","1","orpheus://song/2048370978/?autoplay=1","https://music.163.com/song?id=2048370978"
"2023-05-20","1684512000000","2048370144","大丈夫+Get Em (获取) (LIVE版)","小春Kenzy","165876939","中国说唱巅峰对决2023 第三期","197","1","orpheus://song/2048370144/?autoplay=1","https://music.163.com/song?id=2048370144"
"2023-05-20","1684512000000","2048370169","十字路口 (LIVE版)","西奥Sio","165876939","中国说唱巅峰对决2023 第三期","258","1","orpheus://song/2048370169/?autoplay=1","https://music.163.com/song?id=2048370169"
"2023-05-20","1684512000000","2048370249","行走的广告牌 (LIVE版)","SeanT肖恩恩","165876939","中国说唱巅峰对决2023 第三期","250","1","orpheus://song/2048370249/?autoplay=1","https://music.163.com/song?id=2048370249"
"2023-05-20","1684512000000","2048371124","说唱入门教学2.0 (LIVE版)","Wiz_H张子豪","165876939","中国说唱巅峰对决2023 第三期","200","1","orpheus://song/2048371124/?autoplay=1","https://music.163.com/song?id=2048371124"
"2023-05-20","1684512000000","2048371190","Know My Name (我的名字) (LIVE版)","TangoZ","165876939","中国说唱巅峰对决2023 第三期","240","1","orpheus://song/2048371190/?autoplay=1","https://music.163.com/song?id=2048371190"
"2023-05-20","1684512000000","2048371219","电梯战神 (LIVE版)","宝石Gem","165876939","中国说唱巅峰对决2023 第三期","208","1","orpheus://song/2048371219/?autoplay=1","https://music.163.com/song?id=2048371219"
"2023-05-27","1685116800000","2050721762","盯着王座 (LIVE版)","TizzyT","166458220","中国说唱巅峰对决2023 第四期","197","1","orpheus://song/2050721762/?autoplay=1","https://music.163.com/song?id=2050721762"
"2023-05-27","1685116800000","2050721765","祖先 Remix (LIVE版)","瘦子E.SO/欧阳靖","166458220","中国说唱巅峰对决2023 第四期","194","1","orpheus://song/2050721765/?autoplay=1","https://music.163.com/song?id=2050721765"
"2023-05-27","1685116800000","2050717170","Hard to believe (难以置信) (LIVE版)","李佳隆/step.jad依加","166458220","中国说唱巅峰对决2023 第四期","222","1","orpheus://song/2050717170/?autoplay=1","https://music.163.com/song?id=2050717170"
"2023-05-27","1685116800000","2050721805","篝火儿女 (LIVE版)","艾福杰尼/宝石Gem","166458220","中国说唱巅峰对决2023 第四期","274","1","orpheus://song/2050721805/?autoplay=1","https://music.163.com/song?id=2050721805"
"2023-05-27","1685116800000","2050717192","Last 9 On Earth (地球最后一夜) (LIVE版)","派克特（PACT）/大渊MUTA","166458220","中国说唱巅峰对决2023 第四期","232","1","orpheus://song/2050717192/?autoplay=1","https://music.163.com/song?id=2050717192"
"2023-05-27","1685116800000","2050721821","Knock out (淘汰) (LIVE版)","TangoZ/AnsrJ","166458220","中国说唱巅峰对决2023 第四期","208","1","orpheus://song/2050721821/?autoplay=1","https://music.163.com/song?id=2050721821"
"2023-05-27","1685116800000","2050717230","Shake that (舞动青春) (LIVE版)","BrAnTB白景屹/谢可寅","166458220","中国说唱巅峰对决2023 第四期","202","1","orpheus://song/2050717230/?autoplay=1","https://music.163.com/song?id=2050717230"
"2023-05-27","1685116800000","2050717243","万马奔腾 (LIVE版)","西奥Sio/小春Kenzy","166458220","中国说唱巅峰对决2023 第四期","187","1","orpheus://song/2050717243/?autoplay=1","https://music.163.com/song?id=2050717243"
"2023-05-27","1685116800000","2050717254","RACE MODE (LIVE版)","Wiz_H张子豪/满舒克","166458220","中国说唱巅峰对决2023 第四期","256","1","orpheus://song/2050717254/?autoplay=1","https://music.163.com/song?id=2050717254"
"2023-05-28","1685203200000","2050722054","硬核巨星 (LIVE版)","李毅杰PISSY/法老","166457568","中国说唱巅峰对决2023 第四期加更","231","1","orpheus://song/2050722054/?autoplay=1","https://music.163.com/song?id=2050722054"
"2023-05-28","1685203200000","2050717448","帅到没朋友 (LIVE版)","邓典果DDG/李尔新","166457568","中国说唱巅峰对决2023 第四期加更","243","1","orpheus://song/2050717448/?autoplay=1","https://music.163.com/song?id=2050717448"
"2023-05-28","1685203200000","2050722130","冠军相 (LIVE版)","黄旭BooM/杨和苏KeyNG","166457568","中国说唱巅峰对决2023 第四期加更","258","1","orpheus://song/2050722130/?autoplay=1","https://music.163.com/song?id=2050722130"
"2023-05-28","1685203200000","2050722175","城堡 (LIVE版)","VaVa毛衍七/雾都L4WUDU","166457568","中国说唱巅峰对决2023 第四期加更","228","1","orpheus://song/2050722175/?autoplay=1","https://music.163.com/song?id=2050722175"
"2023-06-03","1685721600000","2052404506","NO MORE SAD SONGS (不再唱悲伤的歌) (LIVE版)","刘逸云 Amber Liu","166870949","中国说唱巅峰对决2023 第五期","180","1","orpheus://song/2052404506/?autoplay=1","https://music.163.com/song?id=2052404506"
"2023-06-03","1685721600000","2052404580","Back to the stree8 (回到街头) (LIVE版)","派克特（PACT）/大渊MUTA/艾福杰尼","166870949","中国说唱巅峰对决2023 第五期","254","1","orpheus://song/2052404580/?autoplay=1","https://music.163.com/song?id=2052404580"
"2023-06-03","1685721600000","2052404597","流浪·地球 (LIVE版)","TangoZ/AnsrJ/谢可寅","166870949","中国说唱巅峰对决2023 第五期","277","1","orpheus://song/2052404597/?autoplay=1","https://music.163.com/song?id=2052404597"
"2023-06-03","1685721600000","2052405885","POW!!!!!!!!!!!!!引爆 (LIVE版)","黄旭BooM/杨和苏KeyNG/VaVa毛衍七","166870949","中国说唱巅峰对决2023 第五期","266","1","orpheus://song/2052405885/?autoplay=1","https://music.163.com/song?id=2052405885"
"2023-06-03","1685721600000","2052405892","沙 (LIVE版)","艾热 AIR/早安/威尔Will.T","166870949","中国说唱巅峰对决2023 第五期","338","1","orpheus://song/2052405892/?autoplay=1","https://music.163.com/song?id=2052405892"
"2023-06-03","1685721600000","2052405898","涨价Remix (LIVE版)","盛宇D-SHINE/功夫胖KUNGFU-PEN/Yee","166870949","中国说唱巅峰对决2023 第五期","235","1","orpheus://song/2052405898/?autoplay=1","https://music.163.com/song?id=2052405898"
"2023-06-03","1685721600000","2052405901","奥特曼Drill (LIVE版)","邓典果DDG/李毅杰PISSY/法老","166870949","中国说唱巅峰对决2023 第五期","240","1","orpheus://song/2052405901/?autoplay=1","https://music.163.com/song?id=2052405901"
"2023-06-03","1685721600000","2052405911","Be Alright (心跳节拍) (LIVE版)","瘦子E.SO/欧阳靖/李佳隆","166870949","中国说唱巅峰对决2023 第五期","225","1","orpheus://song/2052405911/?autoplay=1","https://music.163.com/song?id=2052405911"
"2023-06-03","1685721600000","2052408650","必杀技 (LIVE版)","满舒克/Wiz_H张子豪/小春Kenzy","166870949","中国说唱巅峰对决2023 第五期","209","1","orpheus://song/2052408650/?autoplay=1","https://music.163.com/song?id=2052408650"
"2023-06-04","1685808000000","2052441038","一般的一天 (LIVE版)","Wiz_H张子豪","166876971","中国说唱巅峰对决2023 第五期加更","187","1","orpheus://song/2052441038/?autoplay=1","https://music.163.com/song?id=2052441038"
"2023-06-04","1685808000000","2052441059","讲述者的金价 (LIVE版)","黄旭BooM","166876971","中国说唱巅峰对决2023 第五期加更","199","1","orpheus://song/2052441059/?autoplay=1","https://music.163.com/song?id=2052441059"
"2023-06-04","1685808000000","2052441994","中间人 (LIVE版)","TangoZ","166876971","中国说唱巅峰对决2023 第五期加更","205","1","orpheus://song/2052441994/?autoplay=1","https://music.163.com/song?id=2052441994"
"2023-06-04","1685808000000","2052442010","BACK TO SCHOOL (返校日) (LIVE版)","功夫胖KUNGFU-PEN","166876971","中国说唱巅峰对决2023 第五期加更","213","1","orpheus://song/2052442010/?autoplay=1","https://music.163.com/song?id=2052442010"
"2023-06-10","1686326400000","2054292462","On Da Ground (地上)  (LIVE版)","艾热 AIR/早安/威尔Will.T/盛宇D-SHINE","167304771","中国说唱巅峰对决2023 第六期","263","1","orpheus://song/2054292462/?autoplay=1","https://music.163.com/song?id=2054292462"
"2023-06-10","1686326400000","2054292486","不要说出去之酒醉的Tango  (LIVE版)","TangoZ/派克特（PACT）/大渊MUTA/艾福杰尼","167304771","中国说唱巅峰对决2023 第六期","217","1","orpheus://song/2054292486/?autoplay=1","https://music.163.com/song?id=2054292486"
"2023-06-10","1686326400000","2054292511","午夜派对  (LIVE版)","黄旭BooM/杨和苏KeyNG/VaVa毛衍七","167304771","中国说唱巅峰对决2023 第六期","233","1","orpheus://song/2054292511/?autoplay=1","https://music.163.com/song?id=2054292511"
"2023-06-10","1686326400000","2054294471","流星花园CYPHER  (LIVE版)","AnsrJ/邓典果DDG/李毅杰PISSY/法老","167304771","中国说唱巅峰对决2023 第六期","262","1","orpheus://song/2054294471/?autoplay=1","https://music.163.com/song?id=2054294471"
"2023-06-10","1686326400000","2054294503","在Cypher里  (LIVE版)","瘦子E.SO/欧阳靖/李佳隆/小春Kenzy","167304771","中国说唱巅峰对决2023 第六期","240","1","orpheus://song/2054294503/?autoplay=1","https://music.163.com/song?id=2054294503"
"2023-06-10","1686326400000","2054294514","钢铁丛林  (LIVE版)","GAI周延/杨和苏KeyNG","167304771","中国说唱巅峰对决2023 第六期","246","1","orpheus://song/2054294514/?autoplay=1","https://music.163.com/song?id=2054294514"
"2023-06-10","1686326400000","2054294545","慢飞  (LIVE版)","大渊MUTA/苏见信 (信)","167304771","中国说唱巅峰对决2023 第六期","230","1","orpheus://song/2054294545/?autoplay=1","https://music.163.com/song?id=2054294545"
"2023-06-10","1686326400000","2054298638","HipHopMan (巅峰Remix)  (LIVE版)","欧阳靖/欧阳娜娜","167304771","中国说唱巅峰对决2023 第六期","291","1","orpheus://song/2054298638/?autoplay=1","https://music.163.com/song?id=2054298638"
"2023-06-11","1686412800000","2054298885","诀爱·尽 (LIVE版)","盛宇D-SHINE/Faye 詹雯婷","167305207","中国说唱巅峰对决2023 第六期加更","236","1","orpheus://song/2054298885/?autoplay=1","https://music.163.com/song?id=2054298885"
"2023-06-11","1686412800000","2054299815","爱人 2017 (LIVE版)","法老/MC HotDog 热狗","167305207","中国说唱巅峰对决2023 第六期加更","323","1","orpheus://song/2054299815/?autoplay=1","https://music.163.com/song?id=2054299815"
"2023-06-17","1686931200000","2056246495","唯你何求 (LIVE版)","万妮达Vinida Weng","167762833","中国说唱巅峰对决2023 第七期","186","1","orpheus://song/2056246495/?autoplay=1","https://music.163.com/song?id=2056246495"
"2023-06-17","1686931200000","2056246516","热爱调频物语 (new version) (LIVE版)","艾热 AIR","167762833","中国说唱巅峰对决2023 第七期","254","1","orpheus://song/2056246516/?autoplay=1","https://music.163.com/song?id=2056246516"
"2023-06-17","1686931200000","2056246541","莫欺少年 (LIVE版)","派克特（PACT）","167762833","中国说唱巅峰对决2023 第七期","222","1","orpheus://song/2056246541/?autoplay=1","https://music.163.com/song?id=2056246541"
"2023-06-17","1686931200000","2056244570","打起手鼓跳起舞 (LIVE版)","VaVa毛衍七","167762833","中国说唱巅峰对决2023 第七期","237","1","orpheus://song/2056244570/?autoplay=1","https://music.163.com/song?id=2056244570"
"2023-06-17","1686931200000","2056246551","不想醒来 (LIVE版)","小春Kenzy","167762833","中国说唱巅峰对决2023 第七期","246","1","orpheus://song/2056246551/?autoplay=1","https://music.163.com/song?id=2056246551"
"2023-06-17","1686931200000","2056246573","续写传奇 (LIVE版)","李佳隆","167762833","中国说唱巅峰对决2023 第七期","228","1","orpheus://song/2056246573/?autoplay=1","https://music.163.com/song?id=2056246573"
"2023-06-17","1686931200000","2056244608","妹妹 (LIVE版)","威尔Will.T","167762833","中国说唱巅峰对决2023 第七期","247","1","orpheus://song/2056244608/?autoplay=1","https://music.163.com/song?id=2056244608"
"2023-06-17","1686931200000","2056250652","姑娘你 (LIVE版)","艾福杰尼","167762833","中国说唱巅峰对决2023 第七期","232","1","orpheus://song/2056250652/?autoplay=1","https://music.163.com/song?id=2056250652"
"2023-06-17","1686931200000","2056250665","英雄 (LIVE版)","李毅杰PISSY","167762833","中国说唱巅峰对决2023 第七期","199","1","orpheus://song/2056250665/?autoplay=1","https://music.163.com/song?id=2056250665"
"2023-06-18","1687017600000","2056250832","耍 (Hakuna matata) (LIVE版)","邓典果DDG","167763254","中国说唱巅峰对决2023 第七期加更","227","1","orpheus://song/2056250832/?autoplay=1","https://music.163.com/song?id=2056250832"
"2023-06-18","1687017600000","2056250846","你能看到我 (LIVE版)","黄旭BooM","167763254","中国说唱巅峰对决2023 第七期加更","251","1","orpheus://song/2056250846/?autoplay=1","https://music.163.com/song?id=2056250846"
"2023-06-24","1687536000000","2058165915","小跑猪的新衣 (LIVE版)","欧阳靖/李佳隆/小春Kenzy","168209536","中国说唱巅峰对决2023 第八期","193","1","orpheus://song/2058165915/?autoplay=1","https://music.163.com/song?id=2058165915"
"2023-06-24","1687536000000","2058162261","魂斗场 (LIVE版)","艾热 AIR/VaVa毛衍七/黄旭BooM","168209536","中国说唱巅峰对决2023 第八期","238","1","orpheus://song/2058162261/?autoplay=1","https://music.163.com/song?id=2058162261"
"2023-06-24","1687536000000","2058162305","锦上添发 (LIVE版)","邓典果DDG/AnsrJ","168209536","中国说唱巅峰对决2023 第八期","206","1","orpheus://song/2058162305/?autoplay=1","https://music.163.com/song?id=2058162305"
"2023-06-24","1687536000000","2058165953","六年五班 (LIVE版)","TangoZ/派克特（PACT）/大渊MUTA","168209536","中国说唱巅峰对决2023 第八期","243","1","orpheus://song/2058165953/?autoplay=1","https://music.163.com/song?id=2058165953"
"2023-06-24","1687536000000","2058162289","恰恰恰恰！！ (LIVE版)","杨和苏KeyNG/李尔新","168209536","中国说唱巅峰对决2023 第八期","292","1","orpheus://song/2058162289/?autoplay=1","https://music.163.com/song?id=2058162289"
"2023-06-24","1687536000000","2058162325","莫妮卡·贝鲁奇 (LIVE版)","盛宇D-SHINE/派克特（PACT）/NINEONE#乃万","168209536","中国说唱巅峰对决2023 第八期","270","1","orpheus://song/2058162325/?autoplay=1","https://music.163.com/song?id=2058162325"
"2023-06-24","1687536000000","2058162346","BO BEH ZAO (LIVE版)","瘦子E.SO/SHIGGA SHAY 西阁","168209536","中国说唱巅峰对决2023 第八期","181","1","orpheus://song/2058162346/?autoplay=1","https://music.163.com/song?id=2058162346"
"2023-06-24","1687536000000","2058166012","健将plus (LIVE版)","小精灵/法老/早安","168209536","中国说唱巅峰对决2023 第八期","243","1","orpheus://song/2058166012/?autoplay=1","https://music.163.com/song?id=2058166012"
"2023-07-01","1688140800000","2060087489","er？(LIVE版)","周震南","168660576","中国说唱巅峰对决2023 第九期","354","1","orpheus://song/2060087489/?autoplay=1","https://music.163.com/song?id=2060087489"
"2023-07-01","1688140800000","2060092772","话事人BOSSMAN (LIVE版)","李毅杰PISSY","168660576","中国说唱巅峰对决2023 第九期","199","1","orpheus://song/2060092772/?autoplay=1","https://music.163.com/song?id=2060092772"
"2023-07-01","1688140800000","2060092788","回到我们的Track 特别版 (LIVE版)","艾福杰尼","168660576","中国说唱巅峰对决2023 第九期","226","1","orpheus://song/2060092788/?autoplay=1","https://music.163.com/song?id=2060092788"
"2023-07-01","1688140800000","2060092804","小小明星 (LIVE版)","李佳隆","168660576","中国说唱巅峰对决2023 第九期","241","1","orpheus://song/2060092804/?autoplay=1","https://music.163.com/song?id=2060092804"
"2023-07-01","1688140800000","2060087544","GAME 6 (决胜时刻) (LIVE版)","黄旭BooM","168660576","中国说唱巅峰对决2023 第九期","196","1","orpheus://song/2060087544/?autoplay=1","https://music.163.com/song?id=2060087544"
"2023-07-08","1688745600000","2061935517","会魔法的老人 (LIVE版)","法老/李毅杰PISSY/科科爆","169114948","中国说唱巅峰对决2023 第十期","221","1","orpheus://song/2061935517/?autoplay=1","https://music.163.com/song?id=2061935517"
"2023-07-08","1688745600000","2061938247","太阳 (LIVE版)","瘦子E.SO","169114948","中国说唱巅峰对决2023 第十期","241","1","orpheus://song/2061938247/?autoplay=1","https://music.163.com/song?id=2061938247"
"2023-07-08","1688745600000","2061938248","GET DOWN (LIVE版)","盛宇D-SHINE/大渊MUTA","169114948","中国说唱巅峰对决2023 第十期","241","1","orpheus://song/2061938248/?autoplay=1","https://music.163.com/song?id=2061938248"
"2023-07-08","1688745600000","2061938258","让我快乐 (LIVE版)","杨和苏KeyNG","169114948","中国说唱巅峰对决2023 第十期","258","1","orpheus://song/2061938258/?autoplay=1","https://music.163.com/song?id=2061938258"
"2023-07-08","1688745600000","2061938275","偶像系列 (LIVE版)","李佳隆","169114948","中国说唱巅峰对决2023 第十期","188","1","orpheus://song/2061938275/?autoplay=1","https://music.163.com/song?id=2061938275"
"2023-07-08","1688745600000","2061938320","New Rules (新玩法) (LIVE版)","VaVa毛衍七/早安/艾热 AIR","169114948","中国说唱巅峰对决2023 第十期","220","1","orpheus://song/2061938320/?autoplay=1","https://music.163.com/song?id=2061938320"
"2023-07-08","1688745600000","2061938331","创世纪 (LIVE版)","AnsrJ/李毅杰PISSY","169114948","中国说唱巅峰对决2023 第十期","199","1","orpheus://song/2061938331/?autoplay=1","https://music.163.com/song?id=2061938331"
"2023-07-08","1688745600000","2061938339","漂 (LIVE版)","TangoZ","169114948","中国说唱巅峰对决2023 第十期","256","1","orpheus://song/2061938339/?autoplay=1","https://music.163.com/song?id=2061938339"
"2023-07-08","1688745600000","2061938340","C级浪漫 (LIVE版)","法老/邓典果DDG","169114948","中国说唱巅峰对决2023 第十期","204","1","orpheus://song/2061938340/?autoplay=1","https://music.163.com/song?id=2061938340"
"2023-07-08","1688745600000","2061935603","倒数说爱你 (LIVE版)","艾热 AIR","169114948","中国说唱巅峰对决2023 第十期","240","1","orpheus://song/2061935603/?autoplay=1","https://music.163.com/song?id=2061935603"
"2023-07-08","1688745600000","2061938349","4U (为你) (LIVE版)","艾福杰尼/派克特（PACT）/TangoZ","169114948","中国说唱巅峰对决2023 第十期","286","1","orpheus://song/2061938349/?autoplay=1","https://music.163.com/song?id=2061938349"
"2023-07-08","1688745600000","2061935608","我爱人也喜欢Hip-hop (LIVE版)","欧阳靖","169114948","中国说唱巅峰对决2023 第十期","238","1","orpheus://song/2061935608/?autoplay=1","https://music.163.com/song?id=2061935608"
"2023-07-15","1689350400000","2063771024","色号99 (LIVE版)","吴克群","169586857","中国说唱巅峰对决2023 第十一期","108","1","orpheus://song/2063771024/?autoplay=1","https://music.163.com/song?id=2063771024"
"2023-07-15","1689350400000","2063771029","2030 (LIVE版)","顽童MJ116","169586857","中国说唱巅峰对决2023 第十一期","304","1","orpheus://song/2063771029/?autoplay=1","https://music.163.com/song?id=2063771029"
"2023-07-15","1689350400000","2063768213","从那天起 (LIVE版)","杨和苏KeyNG","169586857","中国说唱巅峰对决2023 第十一期","229","1","orpheus://song/2063768213/?autoplay=1","https://music.163.com/song?id=2063768213"
"2023-07-15","1689350400000","2063771067","酒声2023 (LIVE版)","黄旭BooM/BrAnTB白景屹","169586857","中国说唱巅峰对决2023 第十一期","254","1","orpheus://song/2063771067/?autoplay=1","https://music.163.com/song?id=2063771067"
"2023-07-15","1689350400000","2063768239","挂帅 (LIVE版)","VaVa毛衍七","169586857","中国说唱巅峰对决2023 第十一期","247","1","orpheus://song/2063768239/?autoplay=1","https://music.163.com/song?id=2063768239"
"2023-07-15","1689350400000","2063768244","线 (remix) (LIVE版)","李佳隆/黄旭BooM","169586857","中国说唱巅峰对决2023 第十一期","230","1","orpheus://song/2063768244/?autoplay=1","https://music.163.com/song?id=2063768244"
"2023-07-15","1689350400000","2063768247","Lost Girl笨女人 (LIVE版)","盛宇D-SHINE","169586857","中国说唱巅峰对决2023 第十一期","316","1","orpheus://song/2063768247/?autoplay=1","https://music.163.com/song?id=2063768247"
"2023-07-15","1689350400000","2063768250","国王与法老2023 (LIVE版)","杨和苏KeyNG/法老","169586857","中国说唱巅峰对决2023 第十一期","178","1","orpheus://song/2063768250/?autoplay=1","https://music.163.com/song?id=2063768250"
"2023-07-16","1689436800000","2063775706","庇护所 (LIVE版)","功夫胖KUNGFU-PEN/step.jad依加","169587422","中国说唱巅峰对决2023 第十一期加更","234","1","orpheus://song/2063775706/?autoplay=1","https://music.163.com/song?id=2063775706"
"2023-07-16","1689436800000","2063771621","云游Cloud Nine (LIVE版)","step.jad依加","169587422","中国说唱巅峰对决2023 第十一期加更","217","1","orpheus://song/2063771621/?autoplay=1","https://music.163.com/song?id=2063771621"
"2023-07-16","1689436800000","2063777629","冰山上的烈火 (LIVE版)","那吾克热-NW","169587422","中国说唱巅峰对决2023 第十一期加更","318","1","orpheus://song/2063777629/?autoplay=1","https://music.163.com/song?id=2063777629"
"2023-07-16","1689436800000","2063775754","劳动路 (LIVE版)","BrAnTB白景屹","169587422","中国说唱巅峰对决2023 第十一期加更","334","1","orpheus://song/2063775754/?autoplay=1","https://music.163.com/song?id=2063775754"
"2023-07-16","1689436800000","2063777650","照旧Still (LIVE版)","满舒克/TizzyT","169587422","中国说唱巅峰对决2023 第十一期加更","218","1","orpheus://song/2063777650/?autoplay=1","https://music.163.com/song?id=2063777650"
"2023-07-22","1689955200000","2065921446","C级英雄 (LIVE版)","邓典果DDG","170100636","中国说唱巅峰对决2023 总决赛 (上集)","237","1","orpheus://song/2065921446/?autoplay=1","https://music.163.com/song?id=2065921446"
"2023-07-22","1689955200000","2065926768","星星 (LIVE版)","早安/艾热 AIR","170100636","中国说唱巅峰对决2023 总决赛 (上集)","341","1","orpheus://song/2065926768/?autoplay=1","https://music.163.com/song?id=2065926768"
"2023-07-22","1689955200000","2065921450","三十二 (LIVE版)","派克特（PACT）","170100636","中国说唱巅峰对决2023 总决赛 (上集)","317","1","orpheus://song/2065921450/?autoplay=1","https://music.163.com/song?id=2065921450"
"2023-07-22","1689955200000","2065926771","杜鹃 (LIVE版)","李佳隆","170100636","中国说唱巅峰对决2023 总决赛 (上集)","249","1","orpheus://song/2065926771/?autoplay=1","https://music.163.com/song?id=2065926771"
"2023-07-22","1689955200000","2065926741","人间天堂 (LIVE版)","王以太","170100636","中国说唱巅峰对决2023 总决赛 (上集)","211","1","orpheus://song/2065926741/?autoplay=1","https://music.163.com/song?id=2065926741"
"2023-07-22","1689955200000","2065921456","动物凶猛 (LIVE版)","AnsrJ/周震南","170100636","中国说唱巅峰对决2023 总决赛 (上集)","180","1","orpheus://song/2065921456/?autoplay=1","https://music.163.com/song?id=2065921456"
"2023-07-22","1689955200000","2065921518","摩天动物园2023 (LIVE版)","艾热 AIR/VaVa毛衍七/希林娜依高","170100636","中国说唱巅峰对决2023 总决赛 (上集)","323","1","orpheus://song/2065921518/?autoplay=1","https://music.163.com/song?id=2065921518"
"2023-07-22","1689955200000","2065926841","Like A Rock (LIVE版)","欧阳靖/潘玮柏","170100636","中国说唱巅峰对决2023 总决赛 (上集)","244","1","orpheus://song/2065926841/?autoplay=1","https://music.163.com/song?id=2065926841"
"2023-07-22","1689955200000","2065926820","新纪元 (LIVE版)","那奇沃夫/kkluv/连麻Swimming/AThree/艾福杰尼","170100636","中国说唱巅峰对决2023 总决赛 (上集)","268","1","orpheus://song/2065926820/?autoplay=1","https://music.163.com/song?id=2065926820"
"2023-07-22","1689955200000","2065988406","随变 (LIVE版)","杨和苏KeyNG","170100636","中国说唱巅峰对决2023 总决赛 (上集)","177","1","orpheus://song/2065988406/?autoplay=1","https://music.163.com/song?id=2065988406"
"2023-07-23","1690041600000","2065926764","说唱歌手 (LIVE版)","杨和苏KeyNG/黄旭BooM","170100622","中国说唱巅峰对决2023 总决赛 (下集)","416","1","orpheus://song/2065926764/?autoplay=1","https://music.163.com/song?id=2065926764"
"2023-07-23","1690041600000","2065921483","2night is a good night (LIVE版)","TangoZ","170100622","中国说唱巅峰对决2023 总决赛 (下集)","248","1","orpheus://song/2065921483/?autoplay=1","https://music.163.com/song?id=2065921483"
"2023-07-23","1690041600000","2065926822","奇幻的世界 (LIVE版)","瘦子E.SO/小春Kenzy","170100622","中国说唱巅峰对决2023 总决赛 (下集)","372","1","orpheus://song/2065926822/?autoplay=1","https://music.163.com/song?id=2065926822"
"2023-07-23","1690041600000","2065926839","我想 (remix) (LIVE版)","法老","170100622","中国说唱巅峰对决2023 总决赛 (下集)","287","1","orpheus://song/2065926839/?autoplay=1","https://music.163.com/song?id=2065926839"
"2023-07-23","1690041600000","2065921543","最后一舞 (LIVE版)","艾热 AIR/黄旭BooM/VaVa毛衍七/杨和苏KeyNG/早安","170100622","中国说唱巅峰对决2023 总决赛 (下集)","321","1","orpheus://song/2065921543/?autoplay=1","https://music.163.com/song?id=2065921543"
"2023-07-23","1690041600000","2065921561","C级英雄派对 (LIVE版)","李毅杰PISSY/邓典果DDG/法老/AnsrJ","170100622","中国说唱巅峰对决2023 总决赛 (下集)","237","1","orpheus://song/2065921561/?autoplay=1","https://music.163.com/song?id=2065921561"
"2023-07-23","1690041600000","2065926895","猪队友 (LIVE版)","瘦子E.SO/欧阳靖/李佳隆/小春Kenzy","170100622","中国说唱巅峰对决2023 总决赛 (下集)","212","1","orpheus://song/2065926895/?autoplay=1","https://music.163.com/song?id=2065926895"
"2023-07-23","1690041600000","2065926899","一家人 (LIVE版)","大渊MUTA/TangoZ/艾福杰尼/派克特（PACT）/盛宇D-SHINE","170100622","中国说唱巅峰对决2023 总决赛 (下集)","252","1","orpheus://song/2065926899/?autoplay=1","https://music.163.com/song?id=2065926899"
"2024-04-29","1714320000000","2150567179","Stay Hungry （《新说唱2024》明星制作人Cypher）","TABLO/杨和苏KeyNG/大张伟/法老/谢帝/范丞丞/张震岳/MC HotDog 热狗","193956612","Stay Hungry （《新说唱2024》明星制作人Cypher）","401","1","orpheus://song/2150567179/?autoplay=1","https://music.163.com/song?id=2150567179"
"2024-05-04","1714752000000","2152312925","罗马 (Live)","杨和苏KeyNG","194555184","新说唱2024 第一期 (上)","229","1","orpheus://song/2152312925/?autoplay=1","https://music.163.com/song?id=2152312925"
"2024-05-04","1714752000000","2152313798","万物盛开法则plus (Live)","法老/大张伟","194555184","新说唱2024 第一期 (上)","207","1","orpheus://song/2152313798/?autoplay=1","https://music.163.com/song?id=2152313798"
"2024-05-04","1714752000000","2152313779","她的 (Live)","MC HotDog 热狗/张震岳","194555184","新说唱2024 第一期 (上)","201","1","orpheus://song/2152313779/?autoplay=1","https://music.163.com/song?id=2152313779"
"2024-05-04","1714752000000","2152313839","Gohard freestyle (Live)","范丞丞","194555184","新说唱2024 第一期 (上)","152","1","orpheus://song/2152313839/?autoplay=1","https://music.163.com/song?id=2152313839"
"2024-05-04","1714752000000","2152313830","从零到百 (Live)","谢帝","194555184","新说唱2024 第一期 (上)","216","1","orpheus://song/2152313830/?autoplay=1","https://music.163.com/song?id=2152313830"
"2024-05-04","1714752001000","2152350416","Bumon布蒙的阿卡贝拉 (Acappella)","Bumon布蒙","194567929","新说唱2024 第一期 (下)","52","1","orpheus://song/2152350416/?autoplay=1","https://music.163.com/song?id=2152350416"
"2024-05-04","1714752001000","2152354675","龟一(邢渭姗)的阿卡贝拉 (Acappella)","龟一","194567929","新说唱2024 第一期 (下)","52","1","orpheus://song/2152354675/?autoplay=1","https://music.163.com/song?id=2152354675"
"2024-05-04","1714752001000","2152350533","Sailor谷启航的阿卡贝拉 (Acappella)","Sailor谷启航","194567929","新说唱2024 第一期 (下)","50","1","orpheus://song/2152350533/?autoplay=1","https://music.163.com/song?id=2152350533"
"2024-05-04","1714752001000","2152354753","Feeeleven飞翼莱文的阿卡贝拉 (Acappella)","FEEEleven","194567929","新说唱2024 第一期 (下)","31","1","orpheus://song/2152354753/?autoplay=1","https://music.163.com/song?id=2152354753"
"2024-05-04","1714752001000","2152355628","李在溪的阿卡贝拉 (Acappella)","李在溪","194567929","新说唱2024 第一期 (下)","52","1","orpheus://song/2152355628/?autoplay=1","https://music.163.com/song?id=2152355628"
"2024-05-04","1714752001000","2152355645","SHarK米尔艾力的阿卡贝拉 (Acappella)","SHarK","194567929","新说唱2024 第一期 (下)","46","1","orpheus://song/2152355645/?autoplay=1","https://music.163.com/song?id=2152355645"
"2024-05-04","1714752001000","2152354853","罗言的阿卡贝拉 (Acappella)","罗言","194567929","新说唱2024 第一期 (下)","62","1","orpheus://song/2152354853/?autoplay=1","https://music.163.com/song?id=2152354853"
"2024-05-04","1714752001000","2152354867","刀脚的阿卡贝拉 (Acappella)","刀脚","194567929","新说唱2024 第一期 (下)","78","1","orpheus://song/2152354867/?autoplay=1","https://music.163.com/song?id=2152354867"
"2024-05-04","1714752001000","2152354899","CashTrippy赵寅的阿卡贝拉 (Acappella)","CashTrippy","194567929","新说唱2024 第一期 (下)","47","1","orpheus://song/2152354899/?autoplay=1","https://music.163.com/song?id=2152354899"
"2024-05-04","1714752001000","2152355755","沧桑Cang333的阿卡贝拉 (Acappella)","沧桑Cang333","194567929","新说唱2024 第一期 (下)","44","1","orpheus://song/2152355755/?autoplay=1","https://music.163.com/song?id=2152355755"
"2024-05-04","1714752001000","2152354962","Akey圳南的阿卡贝拉 (Acappella)","Akey圳南","194567929","新说唱2024 第一期 (下)","49","1","orpheus://song/2152354962/?autoplay=1","https://music.163.com/song?id=2152354962"
"2024-05-04","1714752001000","2152359917","BOBBYNOPEACE吴涵的阿卡贝拉 (Acappella)","BOBBYNOPEACE","194567929","新说唱2024 第一期 (下)","68","1","orpheus://song/2152359917/?autoplay=1","https://music.163.com/song?id=2152359917"
"2024-05-04","1714752001000","2152359147","Heat J黄俊涵的阿卡贝拉 (Acappella)","HEAT J","194567929","新说唱2024 第一期 (下)","61","1","orpheus://song/2152359147/?autoplay=1","https://music.163.com/song?id=2152359147"
"2024-05-04","1714752001000","2152359966","AJ赖煜哲的阿卡贝拉 (Acappella)","AJ赖煜哲","194567929","新说唱2024 第一期 (下)","49","1","orpheus://song/2152359966/?autoplay=1","https://music.163.com/song?id=2152359966"
"2024-05-04","1714752001000","2152359190","Y.O.U.N.G建坤的阿卡贝拉 (Acappella)","建坤YOUNG","194567929","新说唱2024 第一期 (下)","95","1","orpheus://song/2152359190/?autoplay=1","https://music.163.com/song?id=2152359190"
"2024-05-04","1714752001000","2152359204","糖醋里极弓箭手的阿卡贝拉 (Acappella)","糖醋里极弓箭手","194567929","新说唱2024 第一期 (下)","31","1","orpheus://song/2152359204/?autoplay=1","https://music.163.com/song?id=2152359204"
"2024-05-04","1714752001000","2152360005","太帅了花的阿卡贝拉 (Acappella)","太帅了花","194567929","新说唱2024 第一期 (下)","38","1","orpheus://song/2152360005/?autoplay=1","https://music.163.com/song?id=2152360005"
"2024-05-04","1714752001000","2152360017","王澳楠EVE的阿卡贝拉 (Acappella)","王澳楠EVE","194567929","新说唱2024 第一期 (下)","48","1","orpheus://song/2152360017/?autoplay=1","https://music.163.com/song?id=2152360017"
"2024-05-04","1714752001000","2152359242","泡椒花生的阿卡贝拉 (Acappella)","泡椒花生","194567929","新说唱2024 第一期 (下)","62","1","orpheus://song/2152359242/?autoplay=1","https://music.163.com/song?id=2152359242"
"2024-05-04","1714752001000","2152359259","螺丝刀Rose Doggy的阿卡贝拉 (Acappella)","螺丝刀RoseDoggy","194567929","新说唱2024 第一期 (下)","51","1","orpheus://song/2152359259/?autoplay=1","https://music.163.com/song?id=2152359259"
"2024-05-04","1714752001000","2152360089","河南说唱之“神”的阿卡贝拉 (Acappella)","张方钊","194567929","新说唱2024 第一期 (下)","108","1","orpheus://song/2152360089/?autoplay=1","https://music.163.com/song?id=2152360089"
"2024-05-04","1714752001000","2152364654","大辉的阿卡贝拉 (Acappella)","滇声气大辉Daphe","194567929","新说唱2024 第一期 (下)","36","1","orpheus://song/2152364654/?autoplay=1","https://music.163.com/song?id=2152364654"
"2024-05-04","1714752001000","2152360201","福来的阿卡贝拉 (Acappella)","福来","194567929","新说唱2024 第一期 (下)","43","1","orpheus://song/2152360201/?autoplay=1","https://music.163.com/song?id=2152360201"
"2024-05-04","1714752001000","2152360210","ShiGGa Shay西阁的阿卡贝拉 (Acappella)","SHIGGA SHAY 西阁","194567929","新说唱2024 第一期 (下)","37","1","orpheus://song/2152360210/?autoplay=1","https://music.163.com/song?id=2152360210"
"2024-05-04","1714752001000","2152360239","李棒棒Muti的阿卡贝拉 (Acappella)","李棒棒Muti","194567929","新说唱2024 第一期 (下)","44","1","orpheus://song/2152360239/?autoplay=1","https://music.163.com/song?id=2152360239"
"2024-05-04","1714752001000","2152360252","Cool-Aid陈轶伦的阿卡贝拉 (Acappella)","yilun!","194567929","新说唱2024 第一期 (下)","110","1","orpheus://song/2152360252/?autoplay=1","https://music.163.com/song?id=2152360252"
"2024-05-04","1714752001000","2152360254","泰格西的阿卡贝拉 (Acappella)","泰格西","194567929","新说唱2024 第一期 (下)","70","1","orpheus://song/2152360254/?autoplay=1","https://music.163.com/song?id=2152360254"
"2024-05-04","1714752001000","2152360290","V.O.B张淦森的阿卡贝拉 (Acappella)","V.O.B","194567929","新说唱2024 第一期 (下)","47","1","orpheus://song/2152360290/?autoplay=1","https://music.163.com/song?id=2152360290"
"2024-05-04","1714752001000","2152359506","曾涵江Cup的阿卡贝拉 (Acappella)","曾涵江Cup","194567929","新说唱2024 第一期 (下)","56","1","orpheus://song/2152359506/?autoplay=1","https://music.163.com/song?id=2152359506"
"2024-05-04","1714752001000","2152360355","秃子2z的阿卡贝拉 (Acappella)","秃子2z","194567929","新说唱2024 第一期 (下)","65","1","orpheus://song/2152360355/?autoplay=1","https://music.163.com/song?id=2152360355"
"2024-05-04","1714752001000","2152359565","Ice Paper魏然的阿卡贝拉 (Acappella)","Ice Paper","194567929","新说唱2024 第一期 (下)","56","1","orpheus://song/2152359565/?autoplay=1","https://music.163.com/song?id=2152359565"
"2024-05-11","1715356800000","2154778665","贰万的阿卡贝拉 (Acappella)","贰万","195473078","新说唱2024 第二期 (上)","40","1","orpheus://song/2154778665/?autoplay=1","https://music.163.com/song?id=2154778665"
"2024-05-11","1715356800000","2154778689","MC脏脏的阿卡贝拉 (Acappella)","MC脏脏","195473078","新说唱2024 第二期 (上)","36","1","orpheus://song/2154778689/?autoplay=1","https://music.163.com/song?id=2154778689"
"2024-05-11","1715356800000","2154778864","张昊的阿卡贝拉 (Acappella)","张昊","195473078","新说唱2024 第二期 (上)","56","1","orpheus://song/2154778864/?autoplay=1","https://music.163.com/song?id=2154778864"
"2024-05-11","1715356800000","2154778268","lulu张璐的阿卡贝拉 (Acappella)","张璐 lulu","195473078","新说唱2024 第二期 (上)","48","1","orpheus://song/2154778268/?autoplay=1","https://music.163.com/song?id=2154778268"
"2024-05-11","1715356800000","2154778277","辉子的阿卡贝拉 (Acappella)","辉子","195473078","新说唱2024 第二期 (上)","57","1","orpheus://song/2154778277/?autoplay=1","https://music.163.com/song?id=2154778277"
"2024-05-11","1715356800000","2154778765","斯威特Sweet的阿卡贝拉 (Acappella)","斯威特MCSWEET","195473078","新说唱2024 第二期 (上)","40","1","orpheus://song/2154778765/?autoplay=1","https://music.163.com/song?id=2154778765"
"2024-05-11","1715356800000","2154778766","KAFE_HU咖啡胡的阿卡贝拉 (Acappella)","KAFE.HU胡懿","195473078","新说唱2024 第二期 (上)","86","1","orpheus://song/2154778766/?autoplay=1","https://music.163.com/song?id=2154778766"
"2024-05-11","1715356800000","2154778776","郝安剑远的阿卡贝拉 (Acappella)","二狗子Saddoggy","195473078","新说唱2024 第二期 (上)","51","1","orpheus://song/2154778776/?autoplay=1","https://music.163.com/song?id=2154778776"
"2024-05-11","1715356800000","2154778778","JinJiBeWater_隼的阿卡贝拉 (Acappella)","JinJiBeWater_隼","195473078","新说唱2024 第二期 (上)","35","1","orpheus://song/2154778778/?autoplay=1","https://music.163.com/song?id=2154778778"
"2024-05-11","1715356800000","2154778784","双克兄弟的阿卡贝拉 (Acappella)","艾里克/梅克","195473078","新说唱2024 第二期 (上)","133","1","orpheus://song/2154778784/?autoplay=1","https://music.163.com/song?id=2154778784"
"2024-05-11","1715356800000","2154778850","阿拉梅的阿卡贝拉 (Acappella)","阿拉梅","195473078","新说唱2024 第二期 (上)","80","1","orpheus://song/2154778850/?autoplay=1","https://music.163.com/song?id=2154778850"
"2024-05-11","1715356800000","2154778370","朝三的阿卡贝拉 (Acappella)","朝三.","195473078","新说唱2024 第二期 (上)","86","1","orpheus://song/2154778370/?autoplay=1","https://music.163.com/song?id=2154778370"
"2024-05-11","1715356800000","2154778376","C2C的阿卡贝拉 (Acappella)","鱼头_killa4nia/KIGGA/C2C (鱼头Kill4nia/KIGGA张坤)","195473078","新说唱2024 第二期 (上)","40","1","orpheus://song/2154778376/?autoplay=1","https://music.163.com/song?id=2154778376"
"2024-05-11","1715356800000","2154778859","Athree阿热丝兰的阿卡贝拉 (Acappella)","AThree","195473078","新说唱2024 第二期 (上)","64","1","orpheus://song/2154778859/?autoplay=1","https://music.163.com/song?id=2154778859"
"2024-05-11","1715356800000","2154778381","新秀的阿卡贝拉 (Acappella)","新秀","195473078","新说唱2024 第二期 (上)","63","1","orpheus://song/2154778381/?autoplay=1","https://music.163.com/song?id=2154778381"
"2024-05-11","1715356800000","2154778861","CEE陈然的阿卡贝拉 (Acappella)","Cee","195473078","新说唱2024 第二期 (上)","56","1","orpheus://song/2154778861/?autoplay=1","https://music.163.com/song?id=2154778861"
"2024-05-11","1715356801000","2154781648","小酷Coola的阿卡贝拉 (Acappella)","小酷Coola","195474530","新说唱2024 第二期 (下)","63","1","orpheus://song/2154781648/?autoplay=1","https://music.163.com/song?id=2154781648"
"2024-05-11","1715356801000","2154781193","Dove鸽子的阿卡贝拉 (Acappella)","Dove鸽子","195474530","新说唱2024 第二期 (下)","47","1","orpheus://song/2154781193/?autoplay=1","https://music.163.com/song?id=2154781193"
"2024-05-11","1715356801000","2154781694","妖刀 (Live)","Kc","195474530","新说唱2024 第二期 (下)","106","1","orpheus://song/2154781694/?autoplay=1","https://music.163.com/song?id=2154781694"
"2024-05-11","1715356801000","2154781703","天彭元帅 (Live)","泡椒花生","195474530","新说唱2024 第二期 (下)","115","1","orpheus://song/2154781703/?autoplay=1","https://music.163.com/song?id=2154781703"
"2024-05-18","1715961600000","2156919025","Alexis (Live)","Majin","196260124","新说唱2024 第三期 (下)","93","1","orpheus://song/2156919025/?autoplay=1","https://music.163.com/song?id=2156919025"
"2024-05-18","1715961600000","2156918350","英雄 (Live)","朝三.","196260124","新说唱2024 第三期 (下)","108","1","orpheus://song/2156918350/?autoplay=1","https://music.163.com/song?id=2156918350"
"2024-05-18","1715961600000","2156918423","Hip-hop没死但你把它埋了 (Live)","SHarK","196260124","新说唱2024 第三期 (下)","101","1","orpheus://song/2156918423/?autoplay=1","https://music.163.com/song?id=2156918423"
"2024-05-18","1715961600000","2156918459","你好 (Live)","BlackTheDevil","196260124","新说唱2024 第三期 (下)","112","1","orpheus://song/2156918459/?autoplay=1","https://music.163.com/song?id=2156918459"
"2024-05-18","1715961600000","2156919291","两杆大烟枪 (Live)","鱼头_killa4nia/KIGGA/C2C (鱼头Kill4nia/KIGGA张坤)","196260124","新说唱2024 第三期 (下)","104","1","orpheus://song/2156919291/?autoplay=1","https://music.163.com/song?id=2156919291"
"2024-05-18","1715961600000","2156919425","沪西MAN (Live)","螺丝刀RoseDoggy","196260124","新说唱2024 第三期 (下)","105","1","orpheus://song/2156919425/?autoplay=1","https://music.163.com/song?id=2156919425"
"2024-05-18","1715961600000","2156920698","Love And Hate (Live)","建坤YOUNG","196260124","新说唱2024 第三期 (下)","106","1","orpheus://song/2156920698/?autoplay=1","https://music.163.com/song?id=2156920698"
"2024-05-18","1715961600000","2156920754","ONE SHOT (Live)","小酷Coola","196260124","新说唱2024 第三期 (下)","91","1","orpheus://song/2156920754/?autoplay=1","https://music.163.com/song?id=2156920754"
"2024-05-18","1715961600000","2156913400","阶梯跨越 (Live)","有三","196258626","新说唱2024 第三期 (上)","107","1","orpheus://song/2156913400/?autoplay=1","https://music.163.com/song?id=2156913400"
"2024-05-18","1715961600000","2156917679","Legends Never Die (Live)","Nxmad诺曼德","196258626","新说唱2024 第三期 (上)","110","1","orpheus://song/2156917679/?autoplay=1","https://music.163.com/song?id=2156917679"
"2024-05-18","1715961600000","2156913483","如果我有天亲手撕掉那副画 (Live)","巴顿","196258626","新说唱2024 第三期 (上)","115","1","orpheus://song/2156913483/?autoplay=1","https://music.163.com/song?id=2156913483"
"2024-05-18","1715961600000","2156913601","One Piece (Live)","Ice Paper","196258626","新说唱2024 第三期 (上)","111","1","orpheus://song/2156913601/?autoplay=1","https://music.163.com/song?id=2156913601"
"2024-05-18","1715961600000","2156917906","壶口 (Live)","Echo","196258626","新说唱2024 第三期 (上)","104","1","orpheus://song/2156917906/?autoplay=1","https://music.163.com/song?id=2156917906"
"2024-05-18","1715961600000","2156917934","中文说唱 (Live)","新秀","196258626","新说唱2024 第三期 (上)","106","1","orpheus://song/2156917934/?autoplay=1","https://music.163.com/song?id=2156917934"
"2024-05-18","1715961600000","2156918772","落差 (Live)","JinJiBeWater_隼","196258626","新说唱2024 第三期 (上)","102","1","orpheus://song/2156918772/?autoplay=1","https://music.163.com/song?id=2156918772"
"2024-05-18","1715961600000","2156918793","Wish Plus (Live)","God Øne","196258626","新说唱2024 第三期 (上)","100","1","orpheus://song/2156918793/?autoplay=1","https://music.163.com/song?id=2156918793"
"2024-05-25","1716566400000","2159397275","争夺 (Live)","无脸男葫芦","197235703","新说唱2024 第四期 (下)","115","1","orpheus://song/2159397275/?autoplay=1","https://music.163.com/song?id=2159397275"
"2024-05-25","1716566400000","2159396518","信使 (Live)","yilun!","197235703","新说唱2024 第四期 (下)","106","1","orpheus://song/2159396518/?autoplay=1","https://music.163.com/song?id=2159396518"
"2024-05-25","1716566400000","2159396547","On the top (Live)","R2C","197235703","新说唱2024 第四期 (下)","96","1","orpheus://song/2159396547/?autoplay=1","https://music.163.com/song?id=2159396547"
"2024-05-25","1716566400000","2159396606","胜利的证据 (Live)","二狗子Saddoggy","197235703","新说唱2024 第四期 (下)","101","1","orpheus://song/2159396606/?autoplay=1","https://music.163.com/song?id=2159396606"
"2024-05-25","1716566400000","2159397404","My Turn (Live)","Sailor谷启航","197235703","新说唱2024 第四期 (下)","108","1","orpheus://song/2159397404/?autoplay=1","https://music.163.com/song?id=2159397404"
"2024-05-25","1716566400000","2159397441","No stop (Live)","JYnostop","197235703","新说唱2024 第四期 (下)","86","1","orpheus://song/2159397441/?autoplay=1","https://music.163.com/song?id=2159397441"
"2024-05-25","1716566400000","2159400682","脏脏's Flavor (Live)","MC脏脏","197235703","新说唱2024 第四期 (下)","105","1","orpheus://song/2159400682/?autoplay=1","https://music.163.com/song?id=2159400682"
"2024-05-25","1716566400000","2159400691","西天漂移 (Live)","侃迪kandi","197235703","新说唱2024 第四期 (下)","99","1","orpheus://song/2159400691/?autoplay=1","https://music.163.com/song?id=2159400691"
"2024-05-25","1716566400000","2159400700","二十一世纪最失败说唱歌手 (Live)","福来","197235703","新说唱2024 第四期 (下)","108","1","orpheus://song/2159400700/?autoplay=1","https://music.163.com/song?id=2159400700"
"2024-05-25","1716566400000","2159397533","山雨欲来风满楼 (Live)","EINK","197235703","新说唱2024 第四期 (下)","93","1","orpheus://song/2159397533/?autoplay=1","https://music.163.com/song?id=2159397533"
"2024-05-25","1716566400000","2159400827","Go go (Live)","李外LilWine","197235703","新说唱2024 第四期 (下)","102","1","orpheus://song/2159400827/?autoplay=1","https://music.163.com/song?id=2159400827"
"2024-05-25","1716566400000","2159396098","STAR (Live)","AThree","197235695","新说唱2024 第四期 (上)","101","1","orpheus://song/2159396098/?autoplay=1","https://music.163.com/song?id=2159396098"
"2024-05-25","1716566400000","2159396138","你们骗不了我 (Live)","Sleepy Cat","197235695","新说唱2024 第四期 (上)","101","1","orpheus://song/2159396138/?autoplay=1","https://music.163.com/song?id=2159396138"
"2024-05-25","1716566400000","2159396181","挖龟龟 (Live)","AA","197235695","新说唱2024 第四期 (上)","106","1","orpheus://song/2159396181/?autoplay=1","https://music.163.com/song?id=2159396181"
"2024-05-25","1716566400000","2159396984","B.G.M.B freestyle (Live)","刀脚","197235695","新说唱2024 第四期 (上)","104","1","orpheus://song/2159396984/?autoplay=1","https://music.163.com/song?id=2159396984"
"2024-05-25","1716566400000","2159396251","天意 (Live)","V.O.B","197235695","新说唱2024 第四期 (上)","101","1","orpheus://song/2159396251/?autoplay=1","https://music.163.com/song?id=2159396251"
"2024-05-25","1716566400000","2159396236","我准备好了 (Live)","Rapeter","197235695","新说唱2024 第四期 (上)","95","1","orpheus://song/2159396236/?autoplay=1","https://music.163.com/song?id=2159396236"
"2024-05-25","1716566400000","2159396260","我有点焦虑 (Live)","张方钊","197235695","新说唱2024 第四期 (上)","109","1","orpheus://song/2159396260/?autoplay=1","https://music.163.com/song?id=2159396260"
"2024-05-25","1716566400000","2159397075","扫光 (Live)","罗言","197235695","新说唱2024 第四期 (上)","106","1","orpheus://song/2159397075/?autoplay=1","https://music.163.com/song?id=2159397075"
"2024-05-25","1716566400000","2159396382","自由式Pt.3 (Live)","辉子","197235695","新说唱2024 第四期 (上)","104","1","orpheus://song/2159396382/?autoplay=1","https://music.163.com/song?id=2159396382"
"2024-05-25","1716566400000","2159397212","Up Now (Live)","KITO","197235695","新说唱2024 第四期 (上)","98","1","orpheus://song/2159397212/?autoplay=1","https://music.163.com/song?id=2159397212"
"2024-06-01","1717171200000","2161990110","Sunny Day (Live)","福来/阿拉梅","198024285","新说唱2024 第五期 (中)","207","1","orpheus://song/2161990110/?autoplay=1","https://music.163.com/song?id=2161990110"
"2024-06-01","1717171200000","2161990118","朝向 (Live)","阮堉森R!SEN/BlackTheDevil","198024285","新说唱2024 第五期 (中)","251","1","orpheus://song/2161990118/?autoplay=1","https://music.163.com/song?id=2161990118"
"2024-06-01","1717171200000","2161990893","Alive (Live)","泡椒花生/Nxmad诺曼德","198024285","新说唱2024 第五期 (中)","240","1","orpheus://song/2161990893/?autoplay=1","https://music.163.com/song?id=2161990893"
"2024-06-01","1717171200000","2161990927","无招 (Live)","宋沛Matty/Sailor谷启航","198024285","新说唱2024 第五期 (中)","211","1","orpheus://song/2161990927/?autoplay=1","https://music.163.com/song?id=2161990927"
"2024-06-01","1717171200000","2161990963","Nah Nah再见 (Live)","Dove鸽子/BOBBYNOPEACE","198024285","新说唱2024 第五期 (中)","184","1","orpheus://song/2161990963/?autoplay=1","https://music.163.com/song?id=2161990963"
"2024-06-01","1717171200000","2161990998","三岔口 (Live)","C2C (鱼头Kill4nia/KIGGA张坤)/鱼头_killa4nia/KIGGA/Ice Paper","198024285","新说唱2024 第五期 (中)","256","1","orpheus://song/2161990998/?autoplay=1","https://music.163.com/song?id=2161990998"
"2024-06-01","1717171200000","2161987709","Loyalty (Live)","朝三./God Øne","198021560","新说唱2024 第五期 (上)","181","1","orpheus://song/2161987709/?autoplay=1","https://music.163.com/song?id=2161987709"
"2024-06-01","1717171200000","2161987134","WE GOAL (Live)","Oliver Jiang/AA","198021560","新说唱2024 第五期 (上)","242","1","orpheus://song/2161987134/?autoplay=1","https://music.163.com/song?id=2161987134"
"2024-06-01","1717171200000","2161988154","小地方大梦想 (Live)","罗言/JinJiBeWater_隼","198021560","新说唱2024 第五期 (上)","208","1","orpheus://song/2161988154/?autoplay=1","https://music.163.com/song?id=2161988154"
"2024-06-01","1717171200000","2161988252","Back to back (Live)","DANNY K/V.O.B","198021560","新说唱2024 第五期 (上)","164","1","orpheus://song/2161988252/?autoplay=1","https://music.163.com/song?id=2161988252"
"2024-06-01","1717171200000","2161987606","2438 (Live)","张宇灵Zelf/Vyan","198021560","新说唱2024 第五期 (上)","248","1","orpheus://song/2161987606/?autoplay=1","https://music.163.com/song?id=2161987606"
"2024-06-01","1717171200000","2161988573","成分复杂 (Live)","JarStick/新秀","198021560","新说唱2024 第五期 (上)","172","1","orpheus://song/2161988573/?autoplay=1","https://music.163.com/song?id=2161988573"
"2024-06-02","1717257600000","2161991255","边界酒馆 (Live)","AThree","198024477","新说唱2024 第五期 (下)","243","1","orpheus://song/2161991255/?autoplay=1","https://music.163.com/song?id=2161991255"
"2024-06-02","1717257600000","2161990527","Psycho (Live)","SHarK/李外LilWine","198024477","新说唱2024 第五期 (下)","175","1","orpheus://song/2161990527/?autoplay=1","https://music.163.com/song?id=2161990527"
"2024-06-08","1717776000000","2164345020","新社区战队Cypher (Live)","AThree/JarStick/贰万/KITO/Nxmad诺曼德/罗言","198700142","新说唱2024 第六期 (上)","269","1","orpheus://song/2164345020/?autoplay=1","https://music.163.com/song?id=2164345020"
"2024-06-08","1717776000000","2164345095","张正发战队Cypher (Live)","辉子/MC脏脏/无脸男葫芦/福来/Barry Chen/新秀","198700142","新说唱2024 第六期 (上)","267","1","orpheus://song/2164345095/?autoplay=1","https://music.163.com/song?id=2164345095"
"2024-06-08","1717776000000","2164345202","企鹅村老大Cypher (Live)","C2C (鱼头Kill4nia/KIGGA张坤)/鱼头_killa4nia/KIGGA/朝三./AA/阿拉梅/DANNY K/艾里克/梅克","198700142","新说唱2024 第六期 (上)","262","1","orpheus://song/2164345202/?autoplay=1","https://music.163.com/song?id=2164345202"
"2024-06-08","1717776000000","2164344542","来者不善战队Cypher (Live)","Oliver Jiang/SHarK/李外LilWine/Ice Paper/Zzqc_Jessie/JinJiBeWater_隼","198700142","新说唱2024 第六期 (上)","209","1","orpheus://song/2164344542/?autoplay=1","https://music.163.com/song?id=2164344542"
"2024-06-08","1717776000000","2164345263","Start From The Bottom (Live)","MC HotDog 热狗/MC脏脏","198700142","新说唱2024 第六期 (上)","209","1","orpheus://song/2164345263/?autoplay=1","https://music.163.com/song?id=2164345263"
"2024-06-08","1717776000000","2164344577","Street I Get Back (Live)","谢帝/JarStick","198700142","新说唱2024 第六期 (上)","183","1","orpheus://song/2164344577/?autoplay=1","https://music.163.com/song?id=2164344577"
"2024-06-08","1717776001000","2164349644","我们不给花 (Live)","法老/DANNY K","198701049","新说唱2024 第六期 (下)","147","1","orpheus://song/2164349644/?autoplay=1","https://music.163.com/song?id=2164349644"
"2024-06-08","1717776001000","2164345397","玛丽亚 (Live)","杨和苏KeyNG/李外LilWine","198701049","新说唱2024 第六期 (下)","254","1","orpheus://song/2164345397/?autoplay=1","https://music.163.com/song?id=2164345397"
"2024-06-08","1717776001000","2164349715","路口的二次方 (Live)","张震岳/福来","198701049","新说唱2024 第六期 (下)","219","1","orpheus://song/2164349715/?autoplay=1","https://music.163.com/song?id=2164349715"
"2024-06-08","1717776001000","2164349765","变身！ (Live)","大张伟/C2C (鱼头Kill4nia/KIGGA张坤)/鱼头_killa4nia/KIGGA","198701049","新说唱2024 第六期 (下)","223","1","orpheus://song/2164349765/?autoplay=1","https://music.163.com/song?id=2164349765"
"2024-06-08","1717776001000","2164349785","Moonlight 2.0 (Live)","范丞丞/Nxmad诺曼德","198701049","新说唱2024 第六期 (下)","194","1","orpheus://song/2164349785/?autoplay=1","https://music.163.com/song?id=2164349785"
"2024-06-15","1718380800000","2166539971","Kill The Game 2024 Remix (Live)","贰万","199348677","新说唱2024 第七期 (下)","182","1","orpheus://song/2166539971/?autoplay=1","https://music.163.com/song?id=2166539971"
"2024-06-15","1718380800000","2166539153","升值 (Live)","新秀","199348677","新说唱2024 第七期 (下)","206","1","orpheus://song/2166539153/?autoplay=1","https://music.163.com/song?id=2166539153"
"2024-06-15","1718380800000","2166539214","哥斯拉 (Live)","Oliver Jiang","199348677","新说唱2024 第七期 (下)","160","1","orpheus://song/2166539214/?autoplay=1","https://music.163.com/song?id=2166539214"
"2024-06-15","1718380800000","2166539256","别管 (Live)","艾里克/梅克","199348677","新说唱2024 第七期 (下)","174","1","orpheus://song/2166539256/?autoplay=1","https://music.163.com/song?id=2166539256"
"2024-06-15","1718380800000","2166538994","风水轮流转 (Live)","朝三./AA","199349509","新说唱2024 第七期 (上)","191","1","orpheus://song/2166538994/?autoplay=1","https://music.163.com/song?id=2166538994"
"2024-06-15","1718380800000","2166539020","爱止痛 (Live)","JinJiBeWater_隼/Zzqc_Jessie","199349509","新说唱2024 第七期 (上)","215","1","orpheus://song/2166539020/?autoplay=1","https://music.163.com/song?id=2166539020"
"2024-06-15","1718380800000","2166539882","闪 (Live)","无脸男葫芦/Barry Chen","199349509","新说唱2024 第七期 (上)","197","1","orpheus://song/2166539882/?autoplay=1","https://music.163.com/song?id=2166539882"
"2024-06-15","1718380800000","2166539907","我们这儿有 (Live)","AThree/KITO","199349509","新说唱2024 第七期 (上)","222","1","orpheus://song/2166539907/?autoplay=1","https://music.163.com/song?id=2166539907"
"2024-06-15","1718380800000","2166539918","老北京飒 (Live)","辉子","199349509","新说唱2024 第七期 (上)","159","1","orpheus://song/2166539918/?autoplay=1","https://music.163.com/song?id=2166539918"
"2024-06-15","1718380800000","2166539923","影子传说 (Live)","Ice Paper","199349509","新说唱2024 第七期 (上)","275","1","orpheus://song/2166539923/?autoplay=1","https://music.163.com/song?id=2166539923"
"2024-06-22","1718985600000","2601042562","想要击败我你是在做梦 (Live)","JarStick","239920287","新说唱2024 第八期 (下)","224","1","orpheus://song/2601042562/?autoplay=1","https://music.163.com/song?id=2601042562"
"2024-06-22","1718985600000","2601042667","The Pop Rap (Live)","FOX胡天渝","239920287","新说唱2024 第八期 (下)","159","1","orpheus://song/2601042667/?autoplay=1","https://music.163.com/song?id=2601042667"
"2024-06-22","1718985600000","2601041061","邪不压正 (Live)","C2C (鱼头Kill4nia/KIGGA张坤)/鱼头_killa4nia/KIGGA","239920287","新说唱2024 第八期 (下)","231","1","orpheus://song/2601041061/?autoplay=1","https://music.163.com/song?id=2601041061"
"2024-06-22","1718985600000","2601041070","Phat Life (Live)","大渊MUTA","239920287","新说唱2024 第八期 (下)","187","1","orpheus://song/2601041070/?autoplay=1","https://music.163.com/song?id=2601041070"
"2024-06-22","1718985600000","2601042791","挣钱上三亚 (Live)","艾里克/梅克","239920287","新说唱2024 第八期 (下)","203","1","orpheus://song/2601042791/?autoplay=1","https://music.163.com/song?id=2601042791"
"2024-06-22","1718985600000","2601042821","Dynasty (Live)","李毅杰PISSY","239920287","新说唱2024 第八期 (下)","238","1","orpheus://song/2601042821/?autoplay=1","https://music.163.com/song?id=2601042821"
"2024-06-22","1718985600000","2601040646","耙耙爱情故事2024 (Live)","阿拉梅","239920280","新说唱2024 第八期 (上)","179","1","orpheus://song/2601040646/?autoplay=1","https://music.163.com/song?id=2601040646"
"2024-06-22","1718985600000","2601042401","敌人 (Live)","罗言","239920280","新说唱2024 第八期 (上)","222","1","orpheus://song/2601042401/?autoplay=1","https://music.163.com/song?id=2601042401"
"2024-06-22","1718985600000","2601040718","广顺猛虎 (Live)","辉子","239920280","新说唱2024 第八期 (上)","189","1","orpheus://song/2601040718/?autoplay=1","https://music.163.com/song?id=2601040718"
"2024-06-22","1718985600000","2601042474","Classic (Live)","Melo","239920280","新说唱2024 第八期 (上)","224","1","orpheus://song/2601042474/?autoplay=1","https://music.163.com/song?id=2601042474"
"2024-06-29","1719590400000","2603347188","独苗2.0 (Live)","新秀","240653161","新说唱2024 第九期 (上)","180","1","orpheus://song/2603347188/?autoplay=1","https://music.163.com/song?id=2603347188"
"2024-06-29","1719590400000","2603347211","要得 (Live)","李尔新","240653161","新说唱2024 第九期 (上)","240","1","orpheus://song/2603347211/?autoplay=1","https://music.163.com/song?id=2603347211"
"2024-06-29","1719590400000","2603344945","不是很坏的一天 (Live)","AThree","240653161","新说唱2024 第九期 (上)","198","1","orpheus://song/2603344945/?autoplay=1","https://music.163.com/song?id=2603344945"
"2024-06-29","1719590400000","2603347219","少林 (Live)","BrAnTB白景屹","240653161","新说唱2024 第九期 (上)","220","1","orpheus://song/2603347219/?autoplay=1","https://music.163.com/song?id=2603347219"
"2024-06-29","1719590400000","2603347233","霜之哀伤 (Live)","Ice Paper","240653161","新说唱2024 第九期 (上)","259","1","orpheus://song/2603347233/?autoplay=1","https://music.163.com/song?id=2603347233"
"2024-06-29","1719590400000","2603347238","Lake Boy (Live)","李大奔BENZO","240653161","新说唱2024 第九期 (上)","213","1","orpheus://song/2603347238/?autoplay=1","https://music.163.com/song?id=2603347238"
"2024-06-29","1719590401000","2603345029","靶心2.0 (Live)","罗言","240653184","新说唱2024 第九期 (中)","268","1","orpheus://song/2603345029/?autoplay=1","https://music.163.com/song?id=2603345029"
"2024-06-29","1719590401000","2603345049","Accordion+ Brazil (Live)","kkluv","240653184","新说唱2024 第九期 (中)","189","1","orpheus://song/2603345049/?autoplay=1","https://music.163.com/song?id=2603345049"
"2024-06-29","1719590401000","2603345077","双相 (Live)","SHarK","240653184","新说唱2024 第九期 (中)","174","1","orpheus://song/2603345077/?autoplay=1","https://music.163.com/song?id=2603345077"
"2024-06-29","1719590401000","2603347353","必须有 + 华仔 (Live)","王齐铭WatchMe","240653184","新说唱2024 第九期 (中)","222","1","orpheus://song/2603347353/?autoplay=1","https://music.163.com/song?id=2603347353"
"2024-06-29","1719590401000","2603347402","类似流星 (Live)","朝三.","240653184","新说唱2024 第九期 (中)","214","1","orpheus://song/2603347402/?autoplay=1","https://music.163.com/song?id=2603347402"
"2024-06-30","1719676800000","2603347405","咋说 (Live)","李佳隆","240653033","新说唱2024 第九期 (下)","219","1","orpheus://song/2603347405/?autoplay=1","https://music.163.com/song?id=2603347405"
"2024-06-30","1719676800000","2603348156","恭敬不如从命 (Live)","AA","240653033","新说唱2024 第九期 (下)","221","1","orpheus://song/2603348156/?autoplay=1","https://music.163.com/song?id=2603348156"
"2024-06-30","1719676800000","2603347442","See ya (再见) + 野人 (Live)","ICE杨长青","240653033","新说唱2024 第九期 (下)","240","1","orpheus://song/2603347442/?autoplay=1","https://music.163.com/song?id=2603347442"
"2024-06-30","1719676800000","2603347449","压力布鲁斯 (Live)","李外LilWine","240653033","新说唱2024 第九期 (下)","217","1","orpheus://song/2603347449/?autoplay=1","https://music.163.com/song?id=2603347449"
"2024-06-30","1719676800000","2603348202","我听不到 (Live)","邓典果DDG","240653033","新说唱2024 第九期 (下)","199","1","orpheus://song/2603348202/?autoplay=1","https://music.163.com/song?id=2603348202"
"2024-07-06","1720195200000","2605458318","真假美猴王 (Live)","JinJiBeWater_隼","241298893","新说唱2024 第十期 (下)","180","1","orpheus://song/2605458318/?autoplay=1","https://music.163.com/song?id=2605458318"
"2024-07-06","1720195200000","2605453031","爱拼才会赢 (Live)","God Øne","241298893","新说唱2024 第十期 (下)","139","1","orpheus://song/2605453031/?autoplay=1","https://music.163.com/song?id=2605453031"
"2024-07-06","1720195200000","2605458341","你要咋个说 (Live)","MC脏脏","241298893","新说唱2024 第十期 (下)","193","1","orpheus://song/2605458341/?autoplay=1","https://music.163.com/song?id=2605458341"
"2024-07-06","1720195200000","2605458344","活在困惑里 (Live)","贰万","241298893","新说唱2024 第十期 (下)","200","1","orpheus://song/2605458344/?autoplay=1","https://music.163.com/song?id=2605458344"
"2024-07-06","1720195200000","2605453087","冲撞 (Live)","李九霄/潘斌龙/左叶/王齐铭WatchMe","241298893","新说唱2024 第十期 (下)","173","1","orpheus://song/2605453087/?autoplay=1","https://music.163.com/song?id=2605453087"
"2024-07-06","1720195200000","2605452904","1000 YEARS Feat.J.Sheon (Live)","TABLO/J. Sheon","241299630","新说唱2024 第十期 (上)","216","1","orpheus://song/2605452904/?autoplay=1","https://music.163.com/song?id=2605452904"
"2024-07-06","1720195200000","2605452922","必须带点范 (Live)","Oliver Jiang","241299630","新说唱2024 第十期 (上)","190","1","orpheus://song/2605452922/?autoplay=1","https://music.163.com/song?id=2605452922"
"2024-07-06","1720195200000","2605458254","24下半 (Live)","小酷Coola","241299630","新说唱2024 第十期 (上)","226","1","orpheus://song/2605458254/?autoplay=1","https://music.163.com/song?id=2605458254"
"2024-07-06","1720195200000","2605452956","Clean (Live)","KITO","241299630","新说唱2024 第十期 (上)","154","1","orpheus://song/2605452956/?autoplay=1","https://music.163.com/song?id=2605452956"
"2024-07-06","1720195200000","2605452992","刮大风 (Live)","Echo","241299630","新说唱2024 第十期 (上)","169","1","orpheus://song/2605452992/?autoplay=1","https://music.163.com/song?id=2605452992"
"2024-07-06","1720195200000","2605458306","Say Goodbye (Live)","Nxmad诺曼德","241299630","新说唱2024 第十期 (上)","178","1","orpheus://song/2605458306/?autoplay=1","https://music.163.com/song?id=2605458306"
"2024-07-13","1720800000000","2607425332","小霞 (Live)","黄绮珊/罗言/AThree","241962710","新说唱2024 第十一期 (中)","280","1","orpheus://song/2607425332/?autoplay=1","https://music.163.com/song?id=2607425332"
"2024-07-13","1720800000000","2607423641","高，还没富，但帅 (Live)","希林娜依高/JarStick/JinJiBeWater_隼","241962710","新说唱2024 第十一期 (中)","279","1","orpheus://song/2607423641/?autoplay=1","https://music.163.com/song?id=2607423641"
"2024-07-13","1720800000000","2607425204","十四号登机门 (Live)","艾怡良/辉子/God Øne","241963353","新说唱2024 第十一期 (上)","275","1","orpheus://song/2607425204/?autoplay=1","https://music.163.com/song?id=2607425204"
"2024-07-13","1720800000000","2607423530","火 (Live)","李斯丹妮/新秀/Nxmad诺曼德","241963353","新说唱2024 第十一期 (上)","227","1","orpheus://song/2607423530/?autoplay=1","https://music.163.com/song?id=2607423530"
"2024-07-13","1720800000000","2607425277","自由行走的花 (Live)","萨顶顶/C2C (鱼头Kill4nia/KIGGA张坤)/鱼头_killa4nia/KIGGA/AA","241963353","新说唱2024 第十一期 (上)","239","1","orpheus://song/2607425277/?autoplay=1","https://music.163.com/song?id=2607425277"
"2024-07-14","1720886400000","2607423757","也许不是也许 (Live)","C2C (鱼头Kill4nia/KIGGA张坤)/鱼头_killa4nia/KIGGA","241962722","新说唱2024 第十一期 (下)","269","1","orpheus://song/2607423757/?autoplay=1","https://music.163.com/song?id=2607423757"
"2024-07-14","1720886400000","2607423775","摆 (Live)","贰万","241962722","新说唱2024 第十一期 (下)","192","1","orpheus://song/2607423775/?autoplay=1","https://music.163.com/song?id=2607423775"
"2024-07-14","1720886400000","2607425487","一切都会好起来 (Live)","MC脏脏","241962722","新说唱2024 第十一期 (下)","195","1","orpheus://song/2607425487/?autoplay=1","https://music.163.com/song?id=2607425487"
"2024-07-14","1720886400000","2607423813","I Will Die For You (Live)","God Øne","241962722","新说唱2024 第十一期 (下)","232","1","orpheus://song/2607423813/?autoplay=1","https://music.163.com/song?id=2607423813"
"2024-07-14","1720886400000","2607425515","随便玩玩 (Live)","辉子","241962722","新说唱2024 第十一期 (下)","192","1","orpheus://song/2607425515/?autoplay=1","https://music.163.com/song?id=2607425515"
"2024-07-14","1720886400000","2607423843","疯狗拳 (Live)","AA","241962722","新说唱2024 第十一期 (下)","202","1","orpheus://song/2607423843/?autoplay=1","https://music.163.com/song?id=2607423843"
"2024-07-14","1720886400000","2607423856","了不起 (Live)","新秀","241962722","新说唱2024 第十一期 (下)","255","1","orpheus://song/2607423856/?autoplay=1","https://music.163.com/song?id=2607423856"
"2024-07-14","1720886400000","2607425560","Light‘em up (Live)","Nxmad诺曼德","241962722","新说唱2024 第十一期 (下)","197","1","orpheus://song/2607425560/?autoplay=1","https://music.163.com/song?id=2607425560"
"2024-07-20","1721404800000","2609732038","小河淌水Remix (Live)","法老/朝三.","242627384","新说唱2024 第十二期 (上)","244","1","orpheus://song/2609732038/?autoplay=1","https://music.163.com/song?id=2609732038"
"2024-07-20","1721404800000","2609732084","只为自己开的花 (Live)","大张伟/法老/朝三./AA/C2C (鱼头Kill4nia/KIGGA张坤)/鱼头_killa4nia/KIGGA/DANNY K/阿拉梅/艾里克/梅克","242627384","新说唱2024 第十二期 (上)","236","1","orpheus://song/2609732084/?autoplay=1","https://music.163.com/song?id=2609732084"
"2024-07-20","1721404800000","2609736328","Missed Texts (Live)","范丞丞","242627384","新说唱2024 第十二期 (上)","181","1","orpheus://song/2609736328/?autoplay=1","https://music.163.com/song?id=2609736328"
"2024-07-20","1721404800000","2609736329","哥老官 (Live)","谢帝","242627384","新说唱2024 第十二期 (上)","186","1","orpheus://song/2609736329/?autoplay=1","https://music.163.com/song?id=2609736329"
"2024-07-20","1721404800000","2609736359","Legend story (Live)","罗言/LSGCsikoriot/Uzzy/黄云龙/BOBBYNOPEACE","242627384","新说唱2024 第十二期 (上)","194","1","orpheus://song/2609736359/?autoplay=1","https://music.163.com/song?id=2609736359"
"2024-07-20","1721404800000","2609736385","Eagle (Live)","新秀/王锐淇Ricky","242627384","新说唱2024 第十二期 (上)","215","1","orpheus://song/2609736385/?autoplay=1","https://music.163.com/song?id=2609736385"
"2024-07-20","1721404800000","2609738239","Cold World (Live)","C2C (鱼头Kill4nia/KIGGA张坤)/鱼头_killa4nia/KIGGA/Echo/派克特（PACT）","242627384","新说唱2024 第十二期 (上)","280","1","orpheus://song/2609738239/?autoplay=1","https://music.163.com/song?id=2609738239"
"2024-07-20","1721404800000","2609736449","爽 (Live)","辉子/秃子2z/赵山河/金剑GOLDENSWORD","242627384","新说唱2024 第十二期 (上)","222","1","orpheus://song/2609736449/?autoplay=1","https://music.163.com/song?id=2609736449"
"2024-07-20","1721404800000","2609738282","麦西来甫 (Live)","AThree/那奇沃夫/kkluv/扬布拉德/Murat-Abdubatin","242627384","新说唱2024 第十二期 (上)","251","1","orpheus://song/2609738282/?autoplay=1","https://music.163.com/song?id=2609738282"
"2024-07-20","1721404800000","2609736485","呼风唤雨 (Live)","JarStick/李毅杰PISSY","242627384","新说唱2024 第十二期 (上)","225","1","orpheus://song/2609736485/?autoplay=1","https://music.163.com/song?id=2609736485"
"2024-07-20","1721404800000","2609736489","拳头 (Live)","JinJiBeWater_隼/连麻Swimming/RICHNOMADIC/SASIOVERLXRD","242627384","新说唱2024 第十二期 (上)","299","1","orpheus://song/2609736489/?autoplay=1","https://music.163.com/song?id=2609736489"
"2024-07-20","1721404800000","2609736509","That's the way I like it (Live)","C2C (鱼头Kill4nia/KIGGA张坤)/鱼头_killa4nia/KIGGA","242627384","新说唱2024 第十二期 (上)","253","1","orpheus://song/2609736509/?autoplay=1","https://music.163.com/song?id=2609736509"
"2024-07-20","1721404800000","2609736529","斗兽场 (Live)","JarStick","242627384","新说唱2024 第十二期 (上)","224","1","orpheus://song/2609736529/?autoplay=1","https://music.163.com/song?id=2609736529"
"2024-07-21","1721491200000","2609738393","纳格拉 (Live)","AThree","242626786","新说唱2024 第十二期 (下)","186","1","orpheus://song/2609738393/?autoplay=1","https://music.163.com/song?id=2609738393"
"2024-07-21","1721491200000","2609736612","Time2.0 (Live)","辉子","242626786","新说唱2024 第十二期 (下)","269","1","orpheus://song/2609736612/?autoplay=1","https://music.163.com/song?id=2609736612"
"2024-07-21","1721491200000","2609736631","零号 (Live)","新秀","242626786","新说唱2024 第十二期 (下)","243","1","orpheus://song/2609736631/?autoplay=1","https://music.163.com/song?id=2609736631"
"2024-07-21","1721491200000","2609738418","霸王色 (Live)","JinJiBeWater_隼","242626786","新说唱2024 第十二期 (下)","208","1","orpheus://song/2609738418/?autoplay=1","https://music.163.com/song?id=2609738418"
"2024-07-21","1721491200000","2609736650","煽动这一季风的蝴蝶 (Live)","辉子","242626786","新说唱2024 第十二期 (下)","206","1","orpheus://song/2609736650/?autoplay=1","https://music.163.com/song?id=2609736650"
"2024-07-21","1721491200000","2609736654","生而有翼 (Live)","AThree","242626786","新说唱2024 第十二期 (下)","176","1","orpheus://song/2609736654/?autoplay=1","https://music.163.com/song?id=2609736654"
"2024-07-21","1721491200000","2609738516","G.O.A.T.E.D + Rich Forever (Live)","王以太/Armani White","242626786","新说唱2024 第十二期 (下)","198","1","orpheus://song/2609738516/?autoplay=1","https://music.163.com/song?id=2609738516"
"2024-07-21","1721491200000","2609738533","旁观者 (Live)","杨和苏KeyNG","242626786","新说唱2024 第十二期 (下)","271","1","orpheus://song/2609738533/?autoplay=1","https://music.163.com/song?id=2609738533"
"2024-07-21","1721491200000","2609736766","楼上的房东 (Live)","MC HotDog 热狗","242626786","新说唱2024 第十二期 (下)","196","1","orpheus://song/2609736766/?autoplay=1","https://music.163.com/song?id=2609736766"
"2024-07-21","1721491200000","2609736773","街头智慧 (Live)","JinJiBeWater_隼","242626786","新说唱2024 第十二期 (下)","243","1","orpheus://song/2609736773/?autoplay=1","https://music.163.com/song?id=2609736773"
"2024-07-21","1721491200000","2609738587","夜之城 (Live)","新秀","242626786","新说唱2024 第十二期 (下)","252","1","orpheus://song/2609738587/?autoplay=1","https://music.163.com/song?id=2609738587"
"2025-06-02","1748793600000","2710594092","N.E.W.","黄子韬/万妮达Vinida Weng/严浩翔/TizzyT/Capper/说唱巅峰对决2026","273729605","N.E.W.","260","1","orpheus://song/2710594092/?autoplay=1","https://music.163.com/song?id=2710594092"
"2025-06-07","1749225600000","2712756920","西部列车2024 Freestyle (Live)","黄旭BooM","274360506","新说唱2025 第一期","149","1","orpheus://song/2712756920/?autoplay=1","https://music.163.com/song?id=2712756920"
"2025-06-07","1749225600000","2712759613","跳跃运动 (Live)","TangoZ","274360506","新说唱2025 第一期","115","1","orpheus://song/2712759613/?autoplay=1","https://music.163.com/song?id=2712759613"
"2025-06-07","1749225600000","2712759667","MAMA (Live)","李大奔BENZO","274360506","新说唱2025 第一期","121","1","orpheus://song/2712759667/?autoplay=1","https://music.163.com/song?id=2712759667"
"2025-06-07","1749225600000","2712759715","丛林之王 (Live)","那吾克热-NW","274360506","新说唱2025 第一期","124","1","orpheus://song/2712759715/?autoplay=1","https://music.163.com/song?id=2712759715"
"2025-06-07","1749225600000","2712759728","HERO (Live)","派克特（PACT）","274360506","新说唱2025 第一期","133","1","orpheus://song/2712759728/?autoplay=1","https://music.163.com/song?id=2712759728"
"2025-06-07","1749225600000","2712757133","RUN (Live)","Melo","274360506","新说唱2025 第一期","146","1","orpheus://song/2712757133/?autoplay=1","https://music.163.com/song?id=2712757133"
"2025-06-07","1749225600000","2712759820","STONE磐石 (Live)","李毅杰PISSY","274360506","新说唱2025 第一期","116","1","orpheus://song/2712759820/?autoplay=1","https://music.163.com/song?id=2712759820"
"2025-06-07","1749225600000","2712763181","GUOXIA (Live)","李佳隆","274360506","新说唱2025 第一期","137","1","orpheus://song/2712763181/?autoplay=1","https://music.163.com/song?id=2712763181"
"2025-06-07","1749225600000","2712763208","0763 (Live)","Yamy郭颖","274360506","新说唱2025 第一期","122","1","orpheus://song/2712763208/?autoplay=1","https://music.163.com/song?id=2712763208"
"2025-06-07","1749225600000","2712759924","饥饿游戏 (Live)","BrAnTB白景屹","274360506","新说唱2025 第一期","130","1","orpheus://song/2712759924/?autoplay=1","https://music.163.com/song?id=2712759924"
"2025-06-07","1749225600000","2712760108","YOUNG13DBABY 阿卡贝拉 (Acappella)","YOUNG13DBABY","274360506","新说唱2025 第一期","45","1","orpheus://song/2712760108/?autoplay=1","https://music.163.com/song?id=2712760108"
"2025-06-07","1749225600000","2712760140","刘炫廷 阿卡贝拉 (Acappella)","刘炫廷","274360506","新说唱2025 第一期","83","1","orpheus://song/2712760140/?autoplay=1","https://music.163.com/song?id=2712760140"
"2025-06-07","1749225600000","2712765403","SHarK米尔艾力 阿卡贝拉 (Acappella)","SHarK","274360506","新说唱2025 第一期","91","1","orpheus://song/2712765403/?autoplay=1","https://music.163.com/song?id=2712765403"
"2025-06-07","1749225600000","2712763781","赖煜哲AJ LAI  阿卡贝拉 (Acappella)","AJ赖煜哲","274360506","新说唱2025 第一期","75","1","orpheus://song/2712763781/?autoplay=1","https://music.163.com/song?id=2712763781"
"2025-06-07","1749225600000","2712765492","诺米么lodmemo 阿卡贝拉 (Acappella)","诺米么Lodmemo","274360506","新说唱2025 第一期","58","1","orpheus://song/2712765492/?autoplay=1","https://music.163.com/song?id=2712765492"
"2025-06-07","1749225600000","2712763826","三火flame 阿卡贝拉 (Acappella)","三火flame","274360506","新说唱2025 第一期","75","1","orpheus://song/2712763826/?autoplay=1","https://music.163.com/song?id=2712763826"
"2025-06-07","1749225600000","2712763864","无限火力 阿卡贝拉 (Acappella)","无限火力","274360506","新说唱2025 第一期","91","1","orpheus://song/2712763864/?autoplay=1","https://music.163.com/song?id=2712763864"
"2025-06-07","1749225600000","2712763882","Top Barry 阿卡贝拉 (Acappella)","Top Barry","274360506","新说唱2025 第一期","68","1","orpheus://song/2712763882/?autoplay=1","https://music.163.com/song?id=2712763882"
"2025-06-07","1749225600000","2712763919","Rapeter吴嘉轩 阿卡贝拉 (Acappella)","Rapeter","274360506","新说唱2025 第一期","70","1","orpheus://song/2712763919/?autoplay=1","https://music.163.com/song?id=2712763919"
"2025-06-07","1749225600000","2712763936","13Mic 阿卡贝拉 (Acappella)","13FlowMic","274360506","新说唱2025 第一期","97","1","orpheus://song/2712763936/?autoplay=1","https://music.163.com/song?id=2712763936"
"2025-06-07","1749225600000","2712765672","Vansdaddy 阿卡贝拉 (Acappella)","Vansdaddy","274360506","新说唱2025 第一期","53","1","orpheus://song/2712765672/?autoplay=1","https://music.163.com/song?id=2712765672"
"2025-06-07","1749225600000","2712764029","马赫mood 阿卡贝拉 (Acappella)","马赫mood","274360506","新说唱2025 第一期","78","1","orpheus://song/2712764029/?autoplay=1","https://music.163.com/song?id=2712764029"
"2025-06-07","1749225600000","2712765717","翁杰Winjay 阿卡贝拉 (Acappella)","翁杰Winjay","274360506","新说唱2025 第一期","78","1","orpheus://song/2712765717/?autoplay=1","https://music.163.com/song?id=2712765717"
"2025-06-07","1749225600000","2712764066","陈一豪Clear 阿卡贝拉 (Acappella)","陈一豪Clear","274360506","新说唱2025 第一期","55","1","orpheus://song/2712764066/?autoplay=1","https://music.163.com/song?id=2712764066"
"2025-06-07","1749225600000","2712765756","ViVi言成诚 阿卡贝拉 (Acappella)","言成诚ViVi","274360506","新说唱2025 第一期","46","1","orpheus://song/2712765756/?autoplay=1","https://music.163.com/song?id=2712765756"
"2025-06-07","1749225600000","2712765771","Cream D 阿卡贝拉1 (Acappella)","CREAM D","274360506","新说唱2025 第一期","56","1","orpheus://song/2712765771/?autoplay=1","https://music.163.com/song?id=2712765771"
"2025-06-07","1749225600000","2712895579","Cream D 阿卡贝拉2 (Acappella)","CREAM D","274360506","新说唱2025 第一期","59","1","orpheus://song/2712895579/?autoplay=1","https://music.163.com/song?id=2712895579"
"2025-06-07","1749225600000","2712764125","KIV 阿卡贝拉 (Acappella)","KIV","274360506","新说唱2025 第一期","75","1","orpheus://song/2712764125/?autoplay=1","https://music.163.com/song?id=2712764125"
"2025-06-07","1749225600000","2712765816","泰格西 阿卡贝拉 (Acappella)","泰格西","274360506","新说唱2025 第一期","57","1","orpheus://song/2712765816/?autoplay=1","https://music.163.com/song?id=2712765816"
"2025-06-07","1749225600000","2712764151","阿达娃Adawa 阿卡贝拉 (Acappella)","阿达娃","274360506","新说唱2025 第一期","46","1","orpheus://song/2712764151/?autoplay=1","https://music.163.com/song?id=2712764151"
"2025-06-14","1749830400000","2715098922","叶尔林 阿卡贝拉 (Acappella)","叶尔林","274361448","新说唱2025 第二期","47","1","orpheus://song/2715098922/?autoplay=1","https://music.163.com/song?id=2715098922"
"2025-06-14","1749830400000","2715102453","儿几 阿卡贝拉 (Acappella)","儿几","274361448","新说唱2025 第二期","51","1","orpheus://song/2715102453/?autoplay=1","https://music.163.com/song?id=2715102453"
"2025-06-14","1749830400000","2715098935","阿尔曼 阿卡贝拉 (Acappella)","阿尔曼ARM","274361448","新说唱2025 第二期","60","1","orpheus://song/2715098935/?autoplay=1","https://music.163.com/song?id=2715098935"
"2025-06-14","1749830400000","2715098959","李文 阿卡贝拉 (Acappella)","李文","274361448","新说唱2025 第二期","64","1","orpheus://song/2715098959/?autoplay=1","https://music.163.com/song?id=2715098959"
"2025-06-14","1749830400000","2715102511","弹片Blaze4 阿卡贝拉 (Acappella)","弹片Blaze4","274361448","新说唱2025 第二期","51","1","orpheus://song/2715102511/?autoplay=1","https://music.163.com/song?id=2715102511"
"2025-06-14","1749830400000","2715098986","UUX 阿卡贝拉 (Acappella)","优优艾克思","274361448","新说唱2025 第二期","84","1","orpheus://song/2715098986/?autoplay=1","https://music.163.com/song?id=2715098986"
"2025-06-14","1749830400000","2715098999","路铭 阿卡贝拉 (Acappella)","路铭Dualkiller","274361448","新说唱2025 第二期","46","1","orpheus://song/2715098999/?autoplay=1","https://music.163.com/song?id=2715098999"
"2025-06-14","1749830400000","2715099010","邓典果DDG 阿卡贝拉 (Acappella)","邓典果DDG","274361448","新说唱2025 第二期","51","1","orpheus://song/2715099010/?autoplay=1","https://music.163.com/song?id=2715099010"
"2025-06-14","1749830400000","2715102554","陈轶伦 阿卡贝拉 (Acappella)","yilun!","274361448","新说唱2025 第二期","54","1","orpheus://song/2715102554/?autoplay=1","https://music.163.com/song?id=2715102554"
"2025-06-14","1749830400000","2715099022","西部双子星 阿卡贝拉 (Acappella)","Maty马蹄/Mooth TAFA","274361448","新说唱2025 第二期","56","1","orpheus://song/2715099022/?autoplay=1","https://music.163.com/song?id=2715099022"
"2025-06-14","1749830400000","2715102566","曾涵江Cup 阿卡贝拉 (Acappella)","曾涵江Cup","274361448","新说唱2025 第二期","60","1","orpheus://song/2715102566/?autoplay=1","https://music.163.com/song?id=2715102566"
"2025-06-14","1749830400000","2715099036","skyslimsKyoA斯凯有爱 阿卡贝拉 (Acappella)","skyslimsKyoA斯凯有爱","274361448","新说唱2025 第二期","83","1","orpheus://song/2715099036/?autoplay=1","https://music.163.com/song?id=2715099036"
"2025-06-14","1749830400000","2715099048","舒灏Orenda 阿卡贝拉 (Acappella)","舒灏Orenda","274361448","新说唱2025 第二期","65","1","orpheus://song/2715099048/?autoplay=1","https://music.163.com/song?id=2715099048"
"2025-06-14","1749830400000","2715099049","Prince.Wang 阿卡贝拉 (Acappella)","Prince.Wang","274361448","新说唱2025 第二期","70","1","orpheus://song/2715099049/?autoplay=1","https://music.163.com/song?id=2715099049"
"2025-06-14","1749830400000","2715102614","DOMMIU李由音 阿卡贝拉 (Acappella)","DOMMIU李由音","274361448","新说唱2025 第二期","50","1","orpheus://song/2715102614/?autoplay=1","https://music.163.com/song?id=2715102614"
"2025-06-21","1750435200000","2717611599","尖沙咀2025 (Live)","KIV","275305641","新说唱2025 第三期","105","1","orpheus://song/2717611599/?autoplay=1","https://music.163.com/song?id=2717611599"
"2025-06-21","1750435200000","2717610712","杨过 (Live)","Vinz-T","275305641","新说唱2025 第三期","94","1","orpheus://song/2717610712/?autoplay=1","https://music.163.com/song?id=2717610712"
"2025-06-21","1750435200000","2717610771","One Man Army (Live)","skyslimsKyoA斯凯有爱","275305641","新说唱2025 第三期","106","1","orpheus://song/2717610771/?autoplay=1","https://music.163.com/song?id=2717610771"
"2025-06-21","1750435200000","2717611679","样 (Live)","SIMBA辛巴","275305641","新说唱2025 第三期","108","1","orpheus://song/2717611679/?autoplay=1","https://music.163.com/song?id=2717611679"
"2025-06-21","1750435200000","2717611720","重量级 (Live)","CREAM D","275305641","新说唱2025 第三期","109","1","orpheus://song/2717611720/?autoplay=1","https://music.163.com/song?id=2717611720"
"2025-06-21","1750435200000","2717610834","Tone (Live)","NastyB","275305641","新说唱2025 第三期","105","1","orpheus://song/2717610834/?autoplay=1","https://music.163.com/song?id=2717610834"
"2025-06-21","1750435200000","2717611745","Paradise (Live)","YOUNG13DBABY","275305641","新说唱2025 第三期","109","1","orpheus://song/2717611745/?autoplay=1","https://music.163.com/song?id=2717611745"
"2025-06-21","1750435200000","2717610868","闷声发大财 (Live)","阮堉森R!SEN","275305641","新说唱2025 第三期","103","1","orpheus://song/2717610868/?autoplay=1","https://music.163.com/song?id=2717610868"
"2025-06-21","1750435200000","2717611787","官窑 (Live)","马赫mood","275305641","新说唱2025 第三期","113","1","orpheus://song/2717611787/?autoplay=1","https://music.163.com/song?id=2717611787"
"2025-06-21","1750435200000","2717611805","Kyrgyz Swag (Live)","BABYKUSH","275305641","新说唱2025 第三期","107","1","orpheus://song/2717611805/?autoplay=1","https://music.163.com/song?id=2717611805"
"2025-06-21","1750435200000","2717610938","驷马难追 (Live)","SHarK","275305641","新说唱2025 第三期","115","1","orpheus://song/2717610938/?autoplay=1","https://music.163.com/song?id=2717610938"
"2025-06-21","1750435200000","2717611852","依旧依旧 (Live)","李文","275305641","新说唱2025 第三期","107","1","orpheus://song/2717611852/?autoplay=1","https://music.163.com/song?id=2717611852"
"2025-06-21","1750435200000","2717611859","鞭子Whip It Up (Live)","DANNY K","275305641","新说唱2025 第三期","104","1","orpheus://song/2717611859/?autoplay=1","https://music.163.com/song?id=2717611859"
"2025-06-21","1750435200000","2717610977","听我担 (Live)","Yellllow阿喽","275305641","新说唱2025 第三期","104","1","orpheus://song/2717610977/?autoplay=1","https://music.163.com/song?id=2717610977"
"2025-06-21","1750435200000","2717611872","南部Southside (Live)","翁杰Winjay","275305641","新说唱2025 第三期","106","1","orpheus://song/2717611872/?autoplay=1","https://music.163.com/song?id=2717611872"
"2025-06-21","1750435200000","2717611894","奇点 (Live)","Q.MARK邱马克","275305641","新说唱2025 第三期","107","1","orpheus://song/2717611894/?autoplay=1","https://music.163.com/song?id=2717611894"
"2025-06-21","1750435200000","2717611900","雨 (Live)","13FlowMic","275305641","新说唱2025 第三期","101","1","orpheus://song/2717611900/?autoplay=1","https://music.163.com/song?id=2717611900"
"2025-06-28","1751040000000","2720118187","遗孤 (Live)","yilun!","276041372","新说唱2025 第四期","103","1","orpheus://song/2720118187/?autoplay=1","https://music.163.com/song?id=2720118187"
"2025-06-28","1751040000000","2720118203","APE (Live)","APMOZART","276041372","新说唱2025 第四期","107","1","orpheus://song/2720118203/?autoplay=1","https://music.163.com/song?id=2720118203"
"2025-06-28","1751040000000","2720118217","土呆萌 (Live)","钟欣cent3e","276041372","新说唱2025 第四期","104","1","orpheus://song/2720118217/?autoplay=1","https://music.163.com/song?id=2720118217"
"2025-06-28","1751040000000","2720118231","Sit Down (Live)","Top Barry","276041372","新说唱2025 第四期","109","1","orpheus://song/2720118231/?autoplay=1","https://music.163.com/song?id=2720118231"
"2025-06-28","1751040000000","2720116855","起来Rise up! (Live)","邓典果DDG","276041372","新说唱2025 第四期","109","1","orpheus://song/2720116855/?autoplay=1","https://music.163.com/song?id=2720116855"
"2025-06-28","1751040000000","2720118265","惊蛰! 初 (Live)","刘炫廷","276041372","新说唱2025 第四期","116","1","orpheus://song/2720118265/?autoplay=1","https://music.163.com/song?id=2720118265"
"2025-06-28","1751040000000","2720118279","鼻塞 (Live)","陈一豪Clear","276041372","新说唱2025 第四期","108","1","orpheus://song/2720118279/?autoplay=1","https://music.163.com/song?id=2720118279"
"2025-06-28","1751040000000","2720118313","Laluna (Live)","阿达娃","276041372","新说唱2025 第四期","101","1","orpheus://song/2720118313/?autoplay=1","https://music.163.com/song?id=2720118313"
"2025-06-28","1751040000000","2720116927","Step 2 (Live)","Rapeter","276041372","新说唱2025 第四期","110","1","orpheus://song/2720116927/?autoplay=1","https://music.163.com/song?id=2720116927"
"2025-06-28","1751040000000","2720118341","佤达亚 (Live)","镀Yesido","276041372","新说唱2025 第四期","104","1","orpheus://song/2720118341/?autoplay=1","https://music.163.com/song?id=2720118341"
"2025-06-28","1751040000000","2720118380","卓巴 卓巴 (Live)","Wings","276041372","新说唱2025 第四期","108","1","orpheus://song/2720118380/?autoplay=1","https://music.163.com/song?id=2720118380"
"2025-06-28","1751040000000","2720118387","PeopleGetReady! (Live)","Vansdaddy","276041372","新说唱2025 第四期","108","1","orpheus://song/2720118387/?autoplay=1","https://music.163.com/song?id=2720118387"
"2025-06-28","1751040000000","2720117001","LOW KEY (Live)","AMONG孙雅梦","276041372","新说唱2025 第四期","106","1","orpheus://song/2720117001/?autoplay=1","https://music.163.com/song?id=2720117001"
"2025-06-28","1751040000000","2720117004","C (Live)","Crazy C","276041372","新说唱2025 第四期","110","1","orpheus://song/2720117004/?autoplay=1","https://music.163.com/song?id=2720117004"
"2025-06-28","1751040000000","2720117062","Candy Hats (Live)","BlackTheDevil","276041372","新说唱2025 第四期","108","1","orpheus://song/2720117062/?autoplay=1","https://music.163.com/song?id=2720117062"
"2025-06-28","1751040000000","2720117073","爱好者 (Live)","诺米么Lodmemo","276041372","新说唱2025 第四期","110","1","orpheus://song/2720117073/?autoplay=1","https://music.163.com/song?id=2720117073"
"2025-06-28","1751040000000","2720117079","LOUDER! (Live)","黄之仪Kyra Zilver","276041372","新说唱2025 第四期","108","1","orpheus://song/2720117079/?autoplay=1","https://music.163.com/song?id=2720117079"
"2025-06-28","1751040000000","2720117098","all in (Live)","Mosedontbesilly","276041372","新说唱2025 第四期","108","1","orpheus://song/2720117098/?autoplay=1","https://music.163.com/song?id=2720117098"
"2025-06-28","1751040000000","2720118546","Blast Wave (Live)","贾廷一/Whydg","276041372","新说唱2025 第四期","108","1","orpheus://song/2720118546/?autoplay=1","https://music.163.com/song?id=2720118546"
"2025-06-28","1751040000000","2720117152","西部双子星 (Live)","Maty马蹄/Mooth TAFA","276041372","新说唱2025 第四期","114","1","orpheus://song/2720117152/?autoplay=1","https://music.163.com/song?id=2720117152"
"2025-06-28","1751040000000","2720122174","要怎样 (Live)","God Øne","276041372","新说唱2025 第四期","101","1","orpheus://song/2720122174/?autoplay=1","https://music.163.com/song?id=2720122174"
"2025-06-28","1751040000000","2720118586","Popping (Live)","KITO","276041372","新说唱2025 第四期","101","1","orpheus://song/2720118586/?autoplay=1","https://music.163.com/song?id=2720118586"
"2025-06-28","1751040000000","2720118602","Mega(超)进化 (Live)","舒灏Orenda","276041372","新说唱2025 第四期","108","1","orpheus://song/2720118602/?autoplay=1","https://music.163.com/song?id=2720118602"
"2025-06-28","1751040000000","2720118623","MONSTER (Live)","DOMMIU李由音","276041372","新说唱2025 第四期","98","1","orpheus://song/2720118623/?autoplay=1","https://music.163.com/song?id=2720118623"
"2025-06-28","1751040000000","2720118695","Bloody Black + 周日 (Live)","TizzyT/Capper","276041372","新说唱2025 第四期","265","1","orpheus://song/2720118695/?autoplay=1","https://music.163.com/song?id=2720118695"
"2025-06-28","1751040000000","2720118725","陷入 + BOSS TALK (Live)","黄子韬","276041372","新说唱2025 第四期","259","1","orpheus://song/2720118725/?autoplay=1","https://music.163.com/song?id=2720118725"
"2025-06-28","1751040000000","2720118736","Underdog (Live)","万妮达Vinida Weng/严浩翔","276041372","新说唱2025 第四期","189","1","orpheus://song/2720118736/?autoplay=1","https://music.163.com/song?id=2720118736"
"2025-07-05","1751644800000","2722490154","等等 (Live)","APMOZART/Top Barry","276781063","新说唱2025 第五期","134","1","orpheus://song/2722490154/?autoplay=1","https://music.163.com/song?id=2722490154"
"2025-07-05","1751644800000","2722488604","万众瞩目Remix (Live)","那吾克热-NW","276781063","新说唱2025 第五期","188","1","orpheus://song/2722488604/?autoplay=1","https://music.163.com/song?id=2722488604"
"2025-07-05","1751644800000","2722488622","AJ3 (Live)","KITO/邓典果DDG","276781063","新说唱2025 第五期","205","1","orpheus://song/2722488622/?autoplay=1","https://music.163.com/song?id=2722488622"
"2025-07-05","1751644800000","2722490201","人是铁范儿是钢 (Live)","辉子","276781063","新说唱2025 第五期","214","1","orpheus://song/2722490201/?autoplay=1","https://music.163.com/song?id=2722490201"
"2025-07-05","1751644800000","2722490211","Know my name (Live)","Vinz-T/MacDiego迪椰果","276781063","新说唱2025 第五期","180","1","orpheus://song/2722490211/?autoplay=1","https://music.163.com/song?id=2722490211"
"2025-07-05","1751644800000","2722488660","凤毛麟角 (Live)","李毅杰PISSY","276781063","新说唱2025 第五期","174","1","orpheus://song/2722488660/?autoplay=1","https://music.163.com/song?id=2722488660"
"2025-07-05","1751644800000","2722490246","劲! (Live)","刘炫廷/钟欣cent3e","276781063","新说唱2025 第五期","206","1","orpheus://song/2722490246/?autoplay=1","https://music.163.com/song?id=2722490246"
"2025-07-05","1751644800000","2722490256","我不会回头 (Live)","黄旭BooM","276781063","新说唱2025 第五期","200","1","orpheus://song/2722490256/?autoplay=1","https://music.163.com/song?id=2722490256"
"2025-07-05","1751644800000","2722488720","烧 (Live)","DOMMIU李由音/黄之仪Kyra Zilver","276781063","新说唱2025 第五期","170","1","orpheus://song/2722488720/?autoplay=1","https://music.163.com/song?id=2722488720"
"2025-07-05","1751644800000","2722490294","仅此一生 (Live)","BrAnTB白景屹","276781063","新说唱2025 第五期","192","1","orpheus://song/2722490294/?autoplay=1","https://music.163.com/song?id=2722490294"
"2025-07-05","1751644800000","2722490311","街道热 (Live)","翁杰Winjay/OuttaWave","276781063","新说唱2025 第五期","195","1","orpheus://song/2722490311/?autoplay=1","https://music.163.com/song?id=2722490311"
"2025-07-05","1751644800000","2722490322","卖荔枝lychee (Live)","Yamy郭颖","276781063","新说唱2025 第五期","177","1","orpheus://song/2722490322/?autoplay=1","https://music.163.com/song?id=2722490322"
"2025-07-05","1751644800000","2722488792","UAINTSAFE (Live)","CREAM D/LEGGO","276781063","新说唱2025 第五期","197","1","orpheus://song/2722488792/?autoplay=1","https://music.163.com/song?id=2722488792"
"2025-07-05","1751644800000","2722490395","Just Rap (Live)","TangoZ","276781063","新说唱2025 第五期","182","1","orpheus://song/2722490395/?autoplay=1","https://music.163.com/song?id=2722490395"
"2025-07-12","1752249600000","2724799880","WOMEN (Live)","阿达娃/Ramengvrl拉面女孩","277496786","新说唱2025 第六期","169","1","orpheus://song/2724799880/?autoplay=1","https://music.163.com/song?id=2724799880"
"2025-07-12","1752249600000","2724799892","出人头地+都莫耍了 (Live)","李佳隆","277496786","新说唱2025 第六期","200","1","orpheus://song/2724799892/?autoplay=1","https://music.163.com/song?id=2724799892"
"2025-07-12","1752249600000","2724800670","来吧! 跳舞! (Live)","镀Yesido/DANNY K","277496786","新说唱2025 第六期","196","1","orpheus://song/2724800670/?autoplay=1","https://music.163.com/song?id=2724800670"
"2025-07-12","1752249600000","2724800689","30FREESTYLE (Live)","Melo","277496786","新说唱2025 第六期","165","1","orpheus://song/2724800689/?autoplay=1","https://music.163.com/song?id=2724800689"
"2025-07-12","1752249600000","2724799969","洗牌 (Live)","SHarK/Rapeter","277496786","新说唱2025 第六期","154","1","orpheus://song/2724799969/?autoplay=1","https://music.163.com/song?id=2724799969"
"2025-07-12","1752249600000","2724799990","I Believe (Live)","派克特（PACT）","277496786","新说唱2025 第六期","203","1","orpheus://song/2724799990/?autoplay=1","https://music.163.com/song?id=2724799990"
"2025-07-12","1752249600000","2724800010","赌 (Live)","Mosedontbesilly/WAKEUPP","277496786","新说唱2025 第六期","172","1","orpheus://song/2724800010/?autoplay=1","https://music.163.com/song?id=2724800010"
"2025-07-12","1752249600000","2724800021","Sorry新说唱 (Live)","扬布拉德","277496786","新说唱2025 第六期","184","1","orpheus://song/2724800021/?autoplay=1","https://music.163.com/song?id=2724800021"
"2025-07-12","1752249600000","2724800944","扎西德勒 (Live)","泰格西/Wings","277496786","新说唱2025 第六期","172","1","orpheus://song/2724800944/?autoplay=1","https://music.163.com/song?id=2724800944"
"2025-07-12","1752249600000","2724801018","完了 (Live)","马赫mood/SAYNO尹彦博","277496786","新说唱2025 第六期","164","1","orpheus://song/2724801018/?autoplay=1","https://music.163.com/song?id=2724801018"
"2025-07-12","1752249600000","2724803264","Grime后感 (Live)","Maty马蹄/Mooth TAFA/skyslimsKyoA斯凯有爱","277496786","新说唱2025 第六期","158","1","orpheus://song/2724803264/?autoplay=1","https://music.163.com/song?id=2724803264"
"2025-07-12","1752249600000","2724803287","通天代 (Live)","弹片Blaze4/Q.MARK邱马克","277496786","新说唱2025 第六期","155","1","orpheus://song/2724803287/?autoplay=1","https://music.163.com/song?id=2724803287"
"2025-07-12","1752249600000","2724804157","2 Fast (Live)","YOUNG13DBABY/BABYKUSH","277496786","新说唱2025 第六期","183","1","orpheus://song/2724804157/?autoplay=1","https://music.163.com/song?id=2724804157"
"2025-07-19","1752854400000","2726998484","江南少爷 (Live)","李大奔BENZO","278221565","新说唱2025 第七期","213","1","orpheus://song/2726998484/?autoplay=1","https://music.163.com/song?id=2726998484"
"2025-07-19","1752854400000","2726999156","The Biggest (Live)","Top Barry/BABYKUSH","278221565","新说唱2025 第七期","181","1","orpheus://song/2726999156/?autoplay=1","https://music.163.com/song?id=2726999156"
"2025-07-19","1752854400000","2726999202","Fashion Nova (Live)","泰格西/YOUNG13DBABY/LEGGO","278221565","新说唱2025 第七期","238","1","orpheus://song/2726999202/?autoplay=1","https://music.163.com/song?id=2726999202"
"2025-07-19","1752854400000","2726999213","Cake of China (Live)","辉子","278221565","新说唱2025 第七期","268","1","orpheus://song/2726999213/?autoplay=1","https://music.163.com/song?id=2726999213"
"2025-07-19","1752854400000","2726999236","且听风吟 (Live)","Vansdaddy/黄之仪Kyra Zilver","278221565","新说唱2025 第七期","225","1","orpheus://song/2726999236/?autoplay=1","https://music.163.com/song?id=2726999236"
"2025-07-19","1752854400000","2726998609","Rise Again (Live)","欧阳靖","278221565","新说唱2025 第七期","181","1","orpheus://song/2726998609/?autoplay=1","https://music.163.com/song?id=2726998609"
"2025-07-19","1752854400000","2726999304","角色 (Live)","阿达娃/Yosko/BlackTheDevil","278221565","新说唱2025 第七期","209","1","orpheus://song/2726999304/?autoplay=1","https://music.163.com/song?id=2726999304"
"2025-07-19","1752854400000","2726999322","No Credit 2.0 (Live)","Yamy郭颖","278221565","新说唱2025 第七期","198","1","orpheus://song/2726999322/?autoplay=1","https://music.163.com/song?id=2726999322"
"2025-07-26","1753459200000","2729440686","火焰 (Live)","SAYNO尹彦博","278919240","新说唱2025 第八期","195","1","orpheus://song/2729440686/?autoplay=1","https://music.163.com/song?id=2729440686"
"2025-07-26","1753459200000","2729440698","WOW (Live)","MacDiego迪椰果/WAKEUPP","278919240","新说唱2025 第八期","194","1","orpheus://song/2729440698/?autoplay=1","https://music.163.com/song?id=2729440698"
"2025-07-26","1753459200000","2729440746","野渡没有收件人 (Live)","Vinz-T/翁杰Winjay/马赫mood","278919240","新说唱2025 第八期","222","1","orpheus://song/2729440746/?autoplay=1","https://music.163.com/song?id=2729440746"
"2025-07-26","1753459200000","2729439960","JUST VIBING (Live)","邓典果DDG/DOMMIU李由音","278919240","新说唱2025 第八期","179","1","orpheus://song/2729439960/?autoplay=1","https://music.163.com/song?id=2729439960"
"2025-07-26","1753459200000","2729440021","你可以慢点走 (Live)","SHarK/Rapeter/KITO","278919240","新说唱2025 第八期","218","1","orpheus://song/2729440021/?autoplay=1","https://music.163.com/song?id=2729440021"
"2025-07-26","1753459200000","2729441062","BJC精气神+天保佑 (Live)","黄旭BooM","278919240","新说唱2025 第八期","213","1","orpheus://song/2729441062/?autoplay=1","https://music.163.com/song?id=2729441062"
"2025-07-26","1753459200000","2729440040","满了 (Live)","李佳隆","278919240","新说唱2025 第八期","164","1","orpheus://song/2729440040/?autoplay=1","https://music.163.com/song?id=2729440040"
"2025-07-26","1753459200000","2729440064","祖师爷 (Live)","布瑞吉Bridge","278919240","新说唱2025 第八期","186","1","orpheus://song/2729440064/?autoplay=1","https://music.163.com/song?id=2729440064"
"2025-07-26","1753459200000","2729441122","The Shop (Live)","Awich","278919240","新说唱2025 第八期","169","1","orpheus://song/2729441122/?autoplay=1","https://music.163.com/song?id=2729441122"
"2025-08-02","1754064000000","2732266031","到手 (Live)","TizzyT/翁杰Winjay/Vinz-T","279772390","新说唱2025 第九期","249","1","orpheus://song/2732266031/?autoplay=1","https://music.163.com/song?id=2732266031"
"2025-08-02","1754064000000","2732266040","前进Marching (Live)","万妮达Vinida Weng/KITO/SHarK","279772390","新说唱2025 第九期","220","1","orpheus://song/2732266040/?autoplay=1","https://music.163.com/song?id=2732266040"
"2025-08-02","1754064000000","2732266081","White Sera 白血清 (Live)","Capper/泰格西/LEGGO","279772390","新说唱2025 第九期","301","1","orpheus://song/2732266081/?autoplay=1","https://music.163.com/song?id=2732266081"
"2025-08-02","1754064000000","2732266883","yayi yayi (Live)","龚琳娜/BABYKUSH","279772390","新说唱2025 第九期","214","1","orpheus://song/2732266883/?autoplay=1","https://music.163.com/song?id=2732266883"
"2025-08-02","1754064000000","2732266121","BUCK (feat. Diljit Dosanjh) (Live)","严浩翔/Rapeter","279772390","新说唱2025 第九期","164","1","orpheus://song/2732266121/?autoplay=1","https://music.163.com/song?id=2732266121"
"2025-08-09","1754668800000","2734350394","火力全开2025 (Live)","张远/Vansdaddy/DOMMIU李由音","280539998","新说唱2025 第十期","206","1","orpheus://song/2734350394/?autoplay=1","https://music.163.com/song?id=2734350394"
"2025-08-09","1754668800000","2734350425","逆光·闯 (Live)","马赫mood/黄子弘凡","280539998","新说唱2025 第十期","226","1","orpheus://song/2734350425/?autoplay=1","https://music.163.com/song?id=2734350425"
"2025-08-09","1754668800000","2734349152","正义·Renegade (Live)","回春丹/BlackTheDevil","280539998","新说唱2025 第十期","242","1","orpheus://song/2734349152/?autoplay=1","https://music.163.com/song?id=2734349152"
"2025-08-09","1754668800000","2734350509","沙尘暴 (Live)","VaVa毛衍七/SAYNO尹彦博","280539998","新说唱2025 第十期","232","1","orpheus://song/2734350509/?autoplay=1","https://music.163.com/song?id=2734350509"
"2025-08-09","1754668800000","2734350553","We Not Playing (Live)","李佳隆/Top Barry/Yosko","280539998","新说唱2025 第十期","199","1","orpheus://song/2734350553/?autoplay=1","https://music.163.com/song?id=2734350553"
"2025-08-09","1754668800000","2734350561","周胖虎 (Live)","王齐铭WatchMe/邓典果DDG","280539998","新说唱2025 第十期","180","1","orpheus://song/2734350561/?autoplay=1","https://music.163.com/song?id=2734350561"
"2025-08-09","1754668800000","2734352268","New Younger 扭 (Live)","杜海涛/艾里克/隋药峰","280539998","新说唱2025 第十期","183","1","orpheus://song/2734352268/?autoplay=1","https://music.163.com/song?id=2734352268"
"2025-08-16","1755273600000","2736670209","向日葵下 (Live)","王一珩OneSD","281143343","新说唱2025 第十一期","193","1","orpheus://song/2736670209/?autoplay=1","https://music.163.com/song?id=2736670209"
"2025-08-16","1755273600000","2736671240","莆田才子 (Live)","翁杰Winjay","281143343","新说唱2025 第十一期","166","1","orpheus://song/2736671240/?autoplay=1","https://music.163.com/song?id=2736671240"
"2025-08-16","1755273600000","2736671288","be like SHarK (Live)","SHarK","281143343","新说唱2025 第十一期","198","1","orpheus://song/2736671288/?autoplay=1","https://music.163.com/song?id=2736671288"
"2025-08-16","1755273600000","2736671451","LIL K (Live)","KITO","281143343","新说唱2025 第十一期","139","1","orpheus://song/2736671451/?autoplay=1","https://music.163.com/song?id=2736671451"
"2025-08-16","1755273600000","2736671509","奖杯 (Live)","Yosko","281143343","新说唱2025 第十一期","170","1","orpheus://song/2736671509/?autoplay=1","https://music.163.com/song?id=2736671509"
"2025-08-16","1755273600000","2736670519","Click Supra (Live)","泰格西","281143343","新说唱2025 第十一期","190","1","orpheus://song/2736670519/?autoplay=1","https://music.163.com/song?id=2736670519"
"2025-08-16","1755273600000","2736670527","路 (Live)","DOMMIU李由音","281143343","新说唱2025 第十一期","224","1","orpheus://song/2736670527/?autoplay=1","https://music.163.com/song?id=2736670527"
"2025-08-16","1755273600000","2736670555","Pack it up (Live)","Top Barry","281143343","新说唱2025 第十一期","155","1","orpheus://song/2736670555/?autoplay=1","https://music.163.com/song?id=2736670555"
"2025-08-16","1755273600000","2736670589","NOT GOOD(不甘)+主场Pt.2 (Live)","Rapeter","281143343","新说唱2025 第十一期","223","1","orpheus://song/2736670589/?autoplay=1","https://music.163.com/song?id=2736670589"
"2025-08-16","1755273600000","2736670610","夕阳落 (Live)","BlackTheDevil","281143343","新说唱2025 第十一期","192","1","orpheus://song/2736670610/?autoplay=1","https://music.163.com/song?id=2736670610"
"2025-08-16","1755273600000","2736670623","海椒加满 (Live)","阿达娃","281143343","新说唱2025 第十一期","170","1","orpheus://song/2736670623/?autoplay=1","https://music.163.com/song?id=2736670623"
"2025-08-16","1755273600000","2736670699","嫦娥 (Live)","Vinz-T","281143343","新说唱2025 第十一期","206","1","orpheus://song/2736670699/?autoplay=1","https://music.163.com/song?id=2736670699"
"2025-08-16","1755273600000","2736670721","武侯区 (Live)","邓典果DDG","281143343","新说唱2025 第十一期","180","1","orpheus://song/2736670721/?autoplay=1","https://music.163.com/song?id=2736670721"
"2025-08-16","1755273600000","2736671779","Susan说 (Live)","柯洁","281143343","新说唱2025 第十一期","255","1","orpheus://song/2736671779/?autoplay=1","https://music.163.com/song?id=2736671779"
"2025-08-23","1755878400000","2738934229","SHAKE (Live)","严浩翔","281143386","新说唱2025 第十二期","175","1","orpheus://song/2738934229/?autoplay=1","https://music.163.com/song?id=2738934229"
"2025-08-23","1755878400000","2738934253","超级明星爱 (Live)","万妮达Vinida Weng","281143386","新说唱2025 第十二期","187","1","orpheus://song/2738934253/?autoplay=1","https://music.163.com/song?id=2738934253"
"2025-08-23","1755878400000","2738931783","她与你+越界 (Live)","黄子韬","281143386","新说唱2025 第十二期","233","1","orpheus://song/2738931783/?autoplay=1","https://music.163.com/song?id=2738931783"
"2025-08-23","1755878400000","2738931841","G.O.A.T CITY (Live)","TizzyT/徐真真/Player J","281143386","新说唱2025 第十二期","302","1","orpheus://song/2738931841/?autoplay=1","https://music.163.com/song?id=2738931841"
"2025-08-23","1755878400000","2738934360","两年后 (Live)","Rapeter/BOBBYNOPEACE","281143386","新说唱2025 第十二期","229","1","orpheus://song/2738934360/?autoplay=1","https://music.163.com/song?id=2738934360"
"2025-08-23","1755878400000","2738931886","超新西部爱情 (Live)","Ty./Vinz-T","281143386","新说唱2025 第十二期","193","1","orpheus://song/2738931886/?autoplay=1","https://music.163.com/song?id=2738931886"
"2025-08-23","1755878400000","2738934433","口音宇宙 (Live)","翁杰Winjay/康姆士COM'Z","281143386","新说唱2025 第十二期","265","1","orpheus://song/2738934433/?autoplay=1","https://music.163.com/song?id=2738934433"
"2025-08-23","1755878400000","2738934476","Born Like This (Live)","Melo/Top Barry","281143386","新说唱2025 第十二期","209","1","orpheus://song/2738934476/?autoplay=1","https://music.163.com/song?id=2738934476"
"2025-08-23","1755878400000","2738934515","哦 (Live)","连麻Swimming/刀脚/邓典果DDG","281143386","新说唱2025 第十二期","221","1","orpheus://song/2738934515/?autoplay=1","https://music.163.com/song?id=2738934515"
"2025-08-23","1755878400000","2738932007","小帅 (Live)","泰格西/华云龙KLE","281143386","新说唱2025 第十二期","181","1","orpheus://song/2738932007/?autoplay=1","https://music.163.com/song?id=2738932007"
"2025-08-23","1755878400000","2738934598","千疮百孔 (Live)","艾热 AIR/SHarK","281143386","新说唱2025 第十二期","327","1","orpheus://song/2738934598/?autoplay=1","https://music.163.com/song?id=2738934598"
"2025-08-23","1755878400000","2738932070","戴白毡帽的Jay-Z (Live)","BABYKUSH","281143386","新说唱2025 第十二期","280","1","orpheus://song/2738932070/?autoplay=1","https://music.163.com/song?id=2738932070"
"2025-08-23","1755878400000","2738934656","Super Good (Live)","KITO","281143386","新说唱2025 第十二期","170","1","orpheus://song/2738934656/?autoplay=1","https://music.163.com/song?id=2738934656"
"2025-08-23","1755878400000","2738934678","回来 (Live)","SAYNO尹彦博","281143386","新说唱2025 第十二期","241","1","orpheus://song/2738934678/?autoplay=1","https://music.163.com/song?id=2738934678"
"2025-08-23","1755878400000","2738934802","NO HOOK FREESTYLE Pt.4 (Live)","Rapeter","281143386","新说唱2025 第十二期","228","1","orpheus://song/2738934802/?autoplay=1","https://music.163.com/song?id=2738934802"
"2025-08-23","1755878400000","2738934807","六桂 (Live)","翁杰Winjay","281143386","新说唱2025 第十二期","179","1","orpheus://song/2738934807/?autoplay=1","https://music.163.com/song?id=2738934807"
"2025-08-23","1755878400000","2738936301","Say My Name (Live)","Vinz-T","281143386","新说唱2025 第十二期","241","1","orpheus://song/2738936301/?autoplay=1","https://music.163.com/song?id=2738936301"
"2025-08-23","1755878400000","2738934845","血与泪 (Live)","泰格西","281143386","新说唱2025 第十二期","156","1","orpheus://song/2738934845/?autoplay=1","https://music.163.com/song?id=2738934845"
"2025-08-23","1755878400000","2738936363","You will be fine (Live)","邓典果DDG","281143386","新说唱2025 第十二期","208","1","orpheus://song/2738936363/?autoplay=1","https://music.163.com/song?id=2738936363"
"2025-08-23","1755878400000","2738934909","发迹 (Live)","Top Barry","281143386","新说唱2025 第十二期","174","1","orpheus://song/2738934909/?autoplay=1","https://music.163.com/song?id=2738934909"
"2025-08-23","1755878400000","2738936422","赶快离开 (Live)","SHarK","281143386","新说唱2025 第十二期","234","1","orpheus://song/2738936422/?autoplay=1","https://music.163.com/song?id=2738936422"
"2025-08-23","1755878400000","2738936457","Can't go back (Live)","Top Barry","281143386","新说唱2025 第十二期","204","1","orpheus://song/2738936457/?autoplay=1","https://music.163.com/song?id=2738936457"
"2025-08-23","1755878400000","2738935014","二手宝马 (Live)","邓典果DDG","281143386","新说唱2025 第十二期","210","1","orpheus://song/2738935014/?autoplay=1","https://music.163.com/song?id=2738935014"
"2025-08-23","1755878400000","2738936517","依然很美丽 (Live)","SHarK","281143386","新说唱2025 第十二期","307","1","orpheus://song/2738936517/?autoplay=1","https://music.163.com/song?id=2738936517"
"2026-06-27","1782489600000","3398656277","FLY(飞翔) (Live)","严浩翔","383823727","说唱巅峰对决2026 第一期","210","1","orpheus://song/3398656277/?autoplay=1","https://music.163.com/song?id=3398656277"
"2026-06-27","1782489600000","3398654695","我还差啥子 (Live)","谢帝","383823727","说唱巅峰对决2026 第一期","175","1","orpheus://song/3398654695/?autoplay=1","https://music.163.com/song?id=3398654695"
"2026-06-27","1782489600000","3398656386","My house (我屋) (Live)","Top Barry","383823727","说唱巅峰对决2026 第一期","187","1","orpheus://song/3398656386/?autoplay=1","https://music.163.com/song?id=3398656386"
"2026-06-27","1782489600000","3398656437","我听闻过你看得见的一切 (Live)","艾热 AIR","383823727","说唱巅峰对决2026 第一期","286","1","orpheus://song/3398656437/?autoplay=1","https://music.163.com/song?id=3398656437"
"2026-06-27","1782489600000","3398656508","神笔马良 (Live)","Melo","383823727","说唱巅峰对决2026 第一期","235","1","orpheus://song/3398656508/?autoplay=1","https://music.163.com/song?id=3398656508"
"2026-06-27","1782489600000","3398656539","人选天选论 (Live)","盛宇D-SHINE","383823727","说唱巅峰对决2026 第一期","228","1","orpheus://song/3398656539/?autoplay=1","https://music.163.com/song?id=3398656539"
"2026-06-27","1782489600000","3398659389","签名笔 (Live)","Rapeter","383823727","说唱巅峰对决2026 第一期","184","1","orpheus://song/3398659389/?autoplay=1","https://music.163.com/song?id=3398659389"
"2026-06-27","1782489600000","3398659425","山脚猫歌王 (Live)","功夫胖KUNGFU-PEN","383823727","说唱巅峰对决2026 第一期","232","1","orpheus://song/3398659425/?autoplay=1","https://music.163.com/song?id=3398659425"
"2026-06-27","1782489600000","3398659483","Chrome Hearts (坚定的心) (Live)","那奇沃夫","383823727","说唱巅峰对决2026 第一期","146","1","orpheus://song/3398659483/?autoplay=1","https://music.163.com/song?id=3398659483"
"2026-06-27","1782489600000","3398659522","笨蛋的意外性 (Live)","贰万","383823727","说唱巅峰对决2026 第一期","198","1","orpheus://song/3398659522/?autoplay=1","https://music.163.com/song?id=3398659522"
"2026-06-27","1782489600000","3398660541","colt.45 (烈驹45号) (Live)","弹壳Danko","383823727","说唱巅峰对决2026 第一期","209","1","orpheus://song/3398660541/?autoplay=1","https://music.163.com/song?id=3398660541"
"2026-06-27","1782489600000","3398660658","想咋 (Live)","BrAnTB白景屹","383823727","说唱巅峰对决2026 第一期","221","1","orpheus://song/3398660658/?autoplay=1","https://music.163.com/song?id=3398660658"
"2026-06-27","1782489600000","3398660692","Brilliance (璀璨) (Live)","新秀","383823727","说唱巅峰对决2026 第一期","161","1","orpheus://song/3398660692/?autoplay=1","https://music.163.com/song?id=3398660692"
"2026-06-27","1782489600000","3398662220","WATCHOUT (注意) (Live)","ICE杨长青","383823727","说唱巅峰对决2026 第一期","181","1","orpheus://song/3398662220/?autoplay=1","https://music.163.com/song?id=3398662220"
"2026-06-27","1782489600000","3398662897","不! (Live)","SHarK","383823727","说唱巅峰对决2026 第一期","293","1","orpheus://song/3398662897/?autoplay=1","https://music.163.com/song?id=3398662897"
"2026-06-27","1782489600000","3398662958","OVER TOP (超越巅峰) (Live)","派克特（PACT）","383823727","说唱巅峰对决2026 第一期","191","1","orpheus://song/3398662958/?autoplay=1","https://music.163.com/song?id=3398662958"
"2026-06-27","1782489600000","3400738499","Level me up (进化) (Live)","Dove鸽子","383823727","说唱巅峰对决2026 第一期","211","1","orpheus://song/3400738499/?autoplay=1","https://music.163.com/song?id=3400738499"
"2026-06-27","1782489600000","3400738524","天时地利 (Live)","王浩轩WD WANG","383823727","说唱巅峰对决2026 第一期","172","1","orpheus://song/3400738524/?autoplay=1","https://music.163.com/song?id=3400738524"
"2026-06-27","1782489600000","3400738547","也不高尚 (Live)","陈一豪Clear","383823727","说唱巅峰对决2026 第一期","255","1","orpheus://song/3400738547/?autoplay=1","https://music.163.com/song?id=3400738547"
"2026-07-04","1783094400000","3401157751","Let’s Go Hard (不留余地) (Live)","AThree","385067276","说唱巅峰对决2026 第二期","157","1","orpheus://song/3401157751/?autoplay=1","https://music.163.com/song?id=3401157751"
"2026-07-04","1783094400000","3401157778","小看我了 (Live)","布瑞吉Bridge","385067276","说唱巅峰对决2026 第二期","244","1","orpheus://song/3401157778/?autoplay=1","https://music.163.com/song?id=3401157778"
"2026-07-04","1783094400000","3401159855","沿海厨房 (Live)","翁杰Winjay","385067276","说唱巅峰对决2026 第二期","194","1","orpheus://song/3401159855/?autoplay=1","https://music.163.com/song?id=3401159855"
"2026-07-04","1783094400000","3401159252","懂：Get it (Live)","VaVa毛衍七","385067276","说唱巅峰对决2026 第二期","179","1","orpheus://song/3401159252/?autoplay=1","https://music.163.com/song?id=3401159252"
"2026-07-04","1783094400000","3401159891","Break the Drama (不装了) (Live)","李斯丹妮","385067276","说唱巅峰对决2026 第二期","195","1","orpheus://song/3401159891/?autoplay=1","https://music.163.com/song?id=3401159891"
"2026-07-04","1783094400000","3401159897","Plan B Boy (B计划男孩) (Live)","李尔新","385067276","说唱巅峰对决2026 第二期","165","1","orpheus://song/3401159897/?autoplay=1","https://music.163.com/song?id=3401159897"
"2026-07-04","1783094400000","3401159942","闯荡 (Live)","黄旭BooM","385067276","说唱巅峰对决2026 第二期","217","1","orpheus://song/3401159942/?autoplay=1","https://music.163.com/song?id=3401159942"
"2026-07-04","1783094400000","3401159946","Surprise(惊喜) (Live)","早安","385067276","说唱巅峰对决2026 第二期","252","1","orpheus://song/3401159946/?autoplay=1","https://music.163.com/song?id=3401159946"
"2026-07-04","1783094400000","3401159614","天地 (Live)","RANZER叶润泽","385067276","说唱巅峰对决2026 第二期","289","1","orpheus://song/3401159614/?autoplay=1","https://music.163.com/song?id=3401159614"
"2026-07-04","1783094400000","3401160277","过千山 (Live)","Yamy郭颖","385067276","说唱巅峰对决2026 第二期","137","1","orpheus://song/3401160277/?autoplay=1","https://music.163.com/song?id=3401160277"
"2026-07-04","1783094400000","3401160362","够够 (Live)","Vinz-T","385067276","说唱巅峰对决2026 第二期","166","1","orpheus://song/3401160362/?autoplay=1","https://music.163.com/song?id=3401160362"
"2026-07-04","1783094400000","3401160431","Upward Spiral (扶瑶直上) (Live)","KKECHO","385067276","说唱巅峰对决2026 第二期","162","1","orpheus://song/3401160431/?autoplay=1","https://music.163.com/song?id=3401160431"
"2026-07-04","1783094400000","3401162853","Who want a beef (谁想试试) (Live)","辉子","385067276","说唱巅峰对决2026 第二期","216","1","orpheus://song/3401162853/?autoplay=1","https://music.163.com/song?id=3401162853"
"2026-07-04","1783094400000","3404734964","无忧草 (Live)","三火flame","385067276","说唱巅峰对决2026 第二期","239","1","orpheus://song/3404734964/?autoplay=1","https://music.163.com/song?id=3404734964"
"2026-07-04","1783094400000","3404732638","梨花白 (Live)","-艾兜","385067276","说唱巅峰对决2026 第二期","191","1","orpheus://song/3404732638/?autoplay=1","https://music.163.com/song?id=3404732638"
"2026-07-04","1783094400000","3404735260","地球飞行 (Live)","林渝植Anoryz","385067276","说唱巅峰对决2026 第二期","182","1","orpheus://song/3404735260/?autoplay=1","https://music.163.com/song?id=3404735260"
"2026-07-11","1783699200000","3404951238","嘉豪 (Live)","RANZER叶润泽/黄旭BooM","386379903","说唱巅峰对决2026 第三期","195","1","orpheus://song/3404951238/?autoplay=1","https://music.163.com/song?id=3404951238"
"2026-07-11","1783699200000","3404950305","决战奥林 (Live)","李大奔BENZO/Melo","386379903","说唱巅峰对决2026 第三期","230","1","orpheus://song/3404950305/?autoplay=1","https://music.163.com/song?id=3404950305"
"2026-07-11","1783699200000","3404950383","PeterPen(彼得潘) (Live)","Rapeter/功夫胖KUNGFU-PEN","386379903","说唱巅峰对决2026 第三期","275","1","orpheus://song/3404950383/?autoplay=1","https://music.163.com/song?id=3404950383"
"2026-07-11","1783699200000","3404951412","What you want(咋的) (Live)","Top Barry/ICE杨长青","386379903","说唱巅峰对决2026 第三期","214","1","orpheus://song/3404951412/?autoplay=1","https://music.163.com/song?id=3404951412"
"2026-07-11","1783699200000","3404950643","角 (Live)","VaVa毛衍七/李斯丹妮","386379903","说唱巅峰对决2026 第三期","210","1","orpheus://song/3404950643/?autoplay=1","https://music.163.com/song?id=3404950643"
"2026-07-11","1783699200000","3404950706","Trouble Maker(麻烦你了) (Live)","那奇沃夫/Yamy郭颖","386379903","说唱巅峰对决2026 第三期","155","1","orpheus://song/3404950706/?autoplay=1","https://music.163.com/song?id=3404950706"
"2026-07-11","1783699200000","3404950744","Forever(永不凋零) (Live)","弹壳Danko/BrAnTB白景屹","386379903","说唱巅峰对决2026 第三期","243","1","orpheus://song/3404950744/?autoplay=1","https://music.163.com/song?id=3404950744"
"2026-07-11","1783699200000","3404953116","零点十五 (Live)","SHarK/派克特（PACT）","386379903","说唱巅峰对决2026 第三期","207","1","orpheus://song/3404953116/?autoplay=1","https://music.163.com/song?id=3404953116"
"2026-07-11","1783699200000","3404953225","走路带着风 (Live)","艾热 AIR/早安","386379903","说唱巅峰对决2026 第三期","298","1","orpheus://song/3404953225/?autoplay=1","https://music.163.com/song?id=3404953225"
"2026-07-11","1783699200000","3404955281","手掌 (Live)","盛宇D-SHINE/加木","386379903","说唱巅峰对决2026 第三期","278","1","orpheus://song/3404955281/?autoplay=1","https://music.163.com/song?id=3404955281"
"2026-07-11","1783699200000","3404953444","冷血动物 (Live)","布瑞吉Bridge/AThree","386379903","说唱巅峰对决2026 第三期","256","1","orpheus://song/3404953444/?autoplay=1","https://music.163.com/song?id=3404953444"
"2026-07-11","1783699200000","3407455364","派 (Live)","JD","386379903","说唱巅峰对决2026 第三期","333","1","orpheus://song/3407455364/?autoplay=1","https://music.163.com/song?id=3407455364"
"2026-07-11","1783699200000","3407456408","I'M AWAKE(觉醒) (Live)","雾都L4WUDU","386379903","说唱巅峰对决2026 第三期","216","1","orpheus://song/3407456408/?autoplay=1","https://music.163.com/song?id=3407456408"
"2026-07-11","1783699200000","3407455448","师夷长技 (Live)","TangoZ","386379903","说唱巅峰对决2026 第三期","217","1","orpheus://song/3407455448/?autoplay=1","https://music.163.com/song?id=3407455448"
"2026-07-18","1784304000000","3407932106","1997 (Live)","那奇沃夫","387602202","说唱巅峰对决2026 第四期","156","1","orpheus://song/3407932106/?autoplay=1","https://music.163.com/song?id=3407932106"
"2026-07-18","1784304000000","3407932995","沟壑 (Live)","加木","387602202","说唱巅峰对决2026 第四期","270","1","orpheus://song/3407932995/?autoplay=1","https://music.163.com/song?id=3407932995"
"2026-07-18","1784304000000","3407932218","第二回合 (Live)","艾热 AIR","387602202","说唱巅峰对决2026 第四期","228","1","orpheus://song/3407932218/?autoplay=1","https://music.163.com/song?id=3407932218"
"2026-07-18","1784304000000","3407933090","Talk like me(像我这样说) (Live)","弹壳Danko","387602202","说唱巅峰对决2026 第四期","157","1","orpheus://song/3407933090/?autoplay=1","https://music.163.com/song?id=3407933090"
"2026-07-18","1784304000000","3407932370","嘿陈会计 (Live)","Rapeter","387602202","说唱巅峰对决2026 第四期","191","1","orpheus://song/3407932370/?autoplay=1","https://music.163.com/song?id=3407932370"
"2026-07-18","1784304000000","3407932422","B-DROP+华仔 (Live)","盛宇D-SHINE","387602202","说唱巅峰对决2026 第四期","235","1","orpheus://song/3407932422/?autoplay=1","https://music.163.com/song?id=3407932422"
"2026-07-18","1784304000000","3407933293","愉快地复仇 (Live)","早安","387602202","说唱巅峰对决2026 第四期","239","1","orpheus://song/3407933293/?autoplay=1","https://music.163.com/song?id=3407933293"
"2026-07-18","1784304000000","3407932549","离骚 (Live)","功夫胖KUNGFU-PEN","387602202","说唱巅峰对决2026 第四期","292","1","orpheus://song/3407932549/?autoplay=1","https://music.163.com/song?id=3407932549"
"2026-07-18","1784304000000","3407932555","问爱 (Live)","Yamy郭颖","387602202","说唱巅峰对决2026 第四期","185","1","orpheus://song/3407932555/?autoplay=1","https://music.163.com/song?id=3407932555"
"2026-07-18","1784304000000","3407933467","毕业照 (Live)","BrAnTB白景屹","387602202","说唱巅峰对决2026 第四期","271","1","orpheus://song/3407933467/?autoplay=1","https://music.163.com/song?id=3407933467"
"2026-07-18","1784304000000","3407932621","黄果兰 (Live)","Melo","387602202","说唱巅峰对决2026 第四期","228","1","orpheus://song/3407932621/?autoplay=1","https://music.163.com/song?id=3407932621"
"2026-07-18","1784304000000","3410213465","别着急 (Live)","SAYNO尹彦博","387602202","说唱巅峰对决2026 第四期","254","1","orpheus://song/3410213465/?autoplay=1","https://music.163.com/song?id=3410213465"
"2026-07-18","1784304000000","3410213474","RUN SOUTHSIDE(南门) (Live)","hanji","387602202","说唱巅峰对决2026 第四期","200","1","orpheus://song/3410213474/?autoplay=1","https://music.163.com/song?id=3410213474"
"2026-07-18","1784304000000","3410217038","好耍 (Live)","小青龙","387602202","说唱巅峰对决2026 第四期","203","1","orpheus://song/3410217038/?autoplay=1","https://music.163.com/song?id=3410217038"
"2026-07-25","1784908800000","3411189324","杯莫停 (Live)","RANZER叶润泽","388942253","说唱巅峰对决2026 第五期","258","1","orpheus://song/3411189324/?autoplay=1","https://music.163.com/song?id=3411189324"
"2026-07-25","1784908800000","3411190522","劫富济贫 (Live)","Vinz-T","388942253","说唱巅峰对决2026 第五期","227","1","orpheus://song/3411190522/?autoplay=1","https://music.163.com/song?id=3411190522"
"2026-07-25","1784908800000","3411190804","魔童：Demon Child  (Live)","VaVa毛衍七","388942253","说唱巅峰对决2026 第五期","196","1","orpheus://song/3411190804/?autoplay=1","https://music.163.com/song?id=3411190804"
"2026-07-25","1784908800000","3411190684","洒 (Live)","布瑞吉Bridge","388942253","说唱巅峰对决2026 第五期","226","1","orpheus://song/3411190684/?autoplay=1","https://music.163.com/song?id=3411190684"
"2026-07-25","1784908800000","3411191060","过载 (Live)","李斯丹妮","388942253","说唱巅峰对决2026 第五期","182","1","orpheus://song/3411191060/?autoplay=1","https://music.163.com/song?id=3411191060"
"2026-07-25","1784908800000","3411191953","眼睛不说谎 (Live)","SHarK","388942253","说唱巅峰对决2026 第五期","219","1","orpheus://song/3411191953/?autoplay=1","https://music.163.com/song?id=3411191953"
"2026-07-25","1784908800000","3411191244","踢不烂 (Live)","ICE杨长青","388942253","说唱巅峰对决2026 第五期","184","1","orpheus://song/3411191244/?autoplay=1","https://music.163.com/song?id=3411191244"
"2026-07-25","1784908800000","3411191325","做人低调 做事高调 (Live)","翁杰Winjay","388942253","说唱巅峰对决2026 第五期","171","1","orpheus://song/3411191325/?autoplay=1","https://music.163.com/song?id=3411191325"
"2026-07-25","1784908800000","3411195185","小人物 (Live)","辉子","388942253","说唱巅峰对决2026 第五期","237","1","orpheus://song/3411195185/?autoplay=1","https://music.163.com/song?id=3411195185"
"2026-07-25","1784908800000","3411195409","脚印 (Live)","AThree","388942253","说唱巅峰对决2026 第五期","228","1","orpheus://song/3411195409/?autoplay=1","https://music.163.com/song?id=3411195409"
"2026-07-25","1784908800000","3411196334","Dats Me (通通是我)  (Live)","Top Barry","388942253","说唱巅峰对决2026 第五期","191","1","orpheus://song/3411196334/?autoplay=1","https://music.163.com/song?id=3411196334"
"2026-07-25","1784908800000","3411196464","心碎双面胶 (Live)","黄旭BooM","388942253","说唱巅峰对决2026 第五期","214","1","orpheus://song/3411196464/?autoplay=1","https://music.163.com/song?id=3411196464"
"2026-07-25","1784908800000","3411197829","李修缘记 (Live)","派克特（PACT）","388942253","说唱巅峰对决2026 第五期","279","1","orpheus://song/3411197829/?autoplay=1","https://music.163.com/song?id=3411197829"
"2026-07-25","1784908800000","3413889380","Tie-Dyeing（扎染） (Live)","黄之仪Kyra Zilver","388942253","说唱巅峰对决2026 第五期","224","1","orpheus://song/3413889380/?autoplay=1","https://music.163.com/song?id=3413889380"
"2026-07-25","1784908800000","3413890929","I'm not a rapper（我不是说唱歌手） (Live)","巴顿","388942253","说唱巅峰对决2026 第五期","205","1","orpheus://song/3413890929/?autoplay=1","https://music.163.com/song?id=3413890929"
"2026-07-25","1784908800000","3413890972","芸芸 (Live)","吴垚滔","388942253","说唱巅峰对决2026 第五期","240","1","orpheus://song/3413890972/?autoplay=1","https://music.163.com/song?id=3413890972"
"2026-08-01","1785513600000","3414488844","敬昨天敬今天敬明天 (Live)","李大奔BENZO/SHarK","390102810","说唱巅峰对决2026 第六期","271","1","orpheus://song/3414488844/?autoplay=1","https://music.163.com/song?id=3414488844"
"2026-08-01","1785513600000","3414488845","第一现场 (Live)","布瑞吉Bridge/Top Barry","390102810","说唱巅峰对决2026 第六期","282","1","orpheus://song/3414488845/?autoplay=1","https://music.163.com/song?id=3414488845"
"2026-08-01","1785513600000","3414488846","电子布洛芬 (Live)","AThree/那奇沃夫","390102810","说唱巅峰对决2026 第六期","242","1","orpheus://song/3414488846/?autoplay=1","https://music.163.com/song?id=3414488846"
"2026-08-01","1785513600000","3414488847","了了 (Live)","翁杰Winjay/加木","390102810","说唱巅峰对决2026 第六期","235","1","orpheus://song/3414488847/?autoplay=1","https://music.163.com/song?id=3414488847"
"2026-08-01","1785513600000","3414487964","马桑树下 (Live)","RANZER叶润泽/早安","390102810","说唱巅峰对决2026 第六期","282","1","orpheus://song/3414487964/?autoplay=1","https://music.163.com/song?id=3414487964"
"2026-08-01","1785513600000","3414489000","风华绝代 (Live)","BrAnTB白景屹/辉子","390102810","说唱巅峰对决2026 第六期","263","1","orpheus://song/3414489000/?autoplay=1","https://music.163.com/song?id=3414489000"
"2026-08-01","1785513600000","3414488200","玩swag(范儿) (Live)","ICE杨长青/Melo","390102810","说唱巅峰对决2026 第六期","248","1","orpheus://song/3414488200/?autoplay=1","https://music.163.com/song?id=3414488200"
"2026-08-01","1785513600000","3414488371","The Gentlemen(绅士们) (Live)","弹壳Danko/Vinz-T","390102810","说唱巅峰对决2026 第六期","208","1","orpheus://song/3414488371/?autoplay=1","https://music.163.com/song?id=3414488371"
"2026-08-01","1785513600000","3417335928","唐·毒蛇 (Live)","Bsh-1","390102810","说唱巅峰对决2026 第六期","138","1","orpheus://song/3417335928/?autoplay=1","https://music.163.com/song?id=3417335928"
"2026-08-01","1785513600000","3417333507","累，疲惫！ (Live)","亞細亞曠世奇才","390102810","说唱巅峰对决2026 第六期","220","1","orpheus://song/3417333507/?autoplay=1","https://music.163.com/song?id=3417333507"
"2026-08-01","1785513600000","3417336063","写给讨厌我的人 (Live)","KAFE.HU胡懿","390102810","说唱巅峰对决2026 第六期","254","1","orpheus://song/3417336063/?autoplay=1","https://music.163.com/song?id=3417336063"
"2026-08-01","1785513600000","3417333648","艺术无用 (Live)","ODD陈思键","390102810","说唱巅峰对决2026 第六期","238","1","orpheus://song/3417333648/?autoplay=1","https://music.163.com/song?id=3417333648"
"2026-08-08","1786118400000","3417946083","超级电脑 (Live)","艾热 AIR","391356378","说唱巅峰对决2026 第七期","412","1","orpheus://song/3417946083/?autoplay=1","https://music.163.com/song?id=3417946083"
"2026-08-08","1786118400000","3417946115","18 (Live)","Top Barry","391356378","说唱巅峰对决2026 第七期","241","1","orpheus://song/3417946115/?autoplay=1","https://music.163.com/song?id=3417946115"
"2026-08-08","1786118400000","3417946161","几时返When (Live)","Yamy郭颖","391356378","说唱巅峰对决2026 第七期","255","1","orpheus://song/3417946161/?autoplay=1","https://music.163.com/song?id=3417946161"
"2026-08-08","1786118400000","3417946211","全家福 (Live)","功夫胖KUNGFU-PEN","391356378","说唱巅峰对决2026 第七期","232","1","orpheus://song/3417946211/?autoplay=1","https://music.163.com/song?id=3417946211"
"2026-08-08","1786118400000","3417946235","Do your thing(独善其身) (Live)","Vinz-T","391356378","说唱巅峰对决2026 第七期","186","1","orpheus://song/3417946235/?autoplay=1","https://music.163.com/song?id=3417946235"
"2026-08-08","1786118400000","3417947275","交个朋友 (Live)","弹壳Danko","391356378","说唱巅峰对决2026 第七期","206","1","orpheus://song/3417947275/?autoplay=1","https://music.163.com/song?id=3417947275"
"2026-08-08","1786118400000","3417947325","小rapper (Live)","Rapeter","391356378","说唱巅峰对决2026 第七期","220","1","orpheus://song/3417947325/?autoplay=1","https://music.163.com/song?id=3417947325"
"2026-08-08","1786118400000","3417947367","综艺说唱歌手 (Live)","布瑞吉Bridge","391356378","说唱巅峰对决2026 第七期","315","1","orpheus://song/3417947367/?autoplay=1","https://music.163.com/song?id=3417947367"
"2026-08-08","1786118400000","3417947379","拿手好戏 (Live)","盛宇D-SHINE","391356378","说唱巅峰对决2026 第七期","274","1","orpheus://song/3417947379/?autoplay=1","https://music.163.com/song?id=3417947379"
"2026-08-08","1786118400000","3421231008","I go +level up (跟着我走+升级) (Live)","周汤豪","391356378","说唱巅峰对决2026 第七期","199","1","orpheus://song/3421231008/?autoplay=1","https://music.163.com/song?id=3421231008"
"2026-08-08","1786118400000","3421231069","0.5x (零点五倍速) (Live)","BikaBreezy","391356378","说唱巅峰对决2026 第七期","171","1","orpheus://song/3421231069/?autoplay=1","https://music.163.com/song?id=3421231069"
"2026-08-08","1786118400000","3421231996","龙湾机场+攀登 (Live)","Crazy C","391356378","说唱巅峰对决2026 第七期","253","1","orpheus://song/3421231996/?autoplay=1","https://music.163.com/song?id=3421231996"
"2026-08-15","1786723200000","3421405870","Club Music(俱乐部音乐) (Live)","那奇沃夫","392635080","说唱巅峰对决2026 第八期","129","1","orpheus://song/3421405870/?autoplay=1","https://music.163.com/song?id=3421405870"
"2026-08-15","1786723200000","3421405918","北上南下 (Live)","BrAnTB白景屹","392635080","说唱巅峰对决2026 第八期","290","1","orpheus://song/3421405918/?autoplay=1","https://music.163.com/song?id=3421405918"
"2026-08-15","1786723200000","3421405964","冰棍儿 (Live)","SHarK","392635080","说唱巅峰对决2026 第八期","199","1","orpheus://song/3421405964/?autoplay=1","https://music.163.com/song?id=3421405964"
"2026-08-15","1786723200000","3421406028","湖湘浪子吟 (Live)","RANZER叶润泽","392635080","说唱巅峰对决2026 第八期","283","1","orpheus://song/3421406028/?autoplay=1","https://music.163.com/song?id=3421406028"
"2026-08-15","1786723200000","3421406051","5:30 AM (Live)","Melo","392635080","说唱巅峰对决2026 第八期","154","1","orpheus://song/3421406051/?autoplay=1","https://music.163.com/song?id=3421406051"
"2026-08-15","1786723200000","3421405398","Strays(小黑) (Live)","早安","392635080","说唱巅峰对决2026 第八期","253","1","orpheus://song/3421405398/?autoplay=1","https://music.163.com/song?id=3421405398"
"2026-08-15","1786723200000","3421405431","EPIC(剧作) (Live)","加木","392635080","说唱巅峰对决2026 第八期","206","1","orpheus://song/3421405431/?autoplay=1","https://music.163.com/song?id=3421405431"
"2026-08-15","1786723200000","3421406169","飞回乌鲁木齐 (Live)","AThree","392635080","说唱巅峰对决2026 第八期","236","1","orpheus://song/3421406169/?autoplay=1","https://music.163.com/song?id=3421406169"
"2026-08-15","1786723200000","3421406203","29 (Live)","ICE杨长青","392635080","说唱巅峰对决2026 第八期","236","1","orpheus://song/3421406203/?autoplay=1","https://music.163.com/song?id=3421406203"
"2026-08-15","1786723200000","3421406225","百分之一 (Live)","辉子","392635080","说唱巅峰对决2026 第八期","220","1","orpheus://song/3421406225/?autoplay=1","https://music.163.com/song?id=3421406225"
"2026-08-15","1786723200000","3423890894","普通歌手 (Live)","Yee","392635080","说唱巅峰对决2026 第八期","200","1","orpheus://song/3423890894/?autoplay=1","https://music.163.com/song?id=3423890894"
"2026-08-15","1786723200000","3423892800","SHEESH (稀释)(Live)","土人儿TRE","392635080","说唱巅峰对决2026 第八期","195","1","orpheus://song/3423892800/?autoplay=1","https://music.163.com/song?id=3423892800"
"2026-08-15","1786723200000","3423891047","IESSA IESSA (不急不躁)(Live)","LAMA","392635080","说唱巅峰对决2026 第八期","172","1","orpheus://song/3423891047/?autoplay=1","https://music.163.com/song?id=3423891047"
"2026-08-22","1787328000000","3424348151","问月·谣 (Live)","黄子弘凡/辉子/AThree","393968172","说唱巅峰对决2026 第九期","227","1","orpheus://song/3424348151/?autoplay=1","https://music.163.com/song?id=3424348151"
"2026-08-22","1787328000000","3424349862","颜如玉2.0 (Live)","李大奔BENZO/严浩翔/Rapeter","393968172","说唱巅峰对决2026 第九期","272","1","orpheus://song/3424349862/?autoplay=1","https://music.163.com/song?id=3424349862"
"2026-08-22","1787328000000","3424348152","My job (老本行) (Live)","ICE杨长青/那奇沃夫/张峻豪SHUN","393968172","说唱巅峰对决2026 第九期","216","1","orpheus://song/3424348152/?autoplay=1","https://music.163.com/song?id=3424348152"
"2026-08-22","1787328000000","3424349991","全垒打破他 (Live)","葛仲珊/加木/Yamy郭颖","393968172","说唱巅峰对决2026 第九期","252","1","orpheus://song/3424349991/?autoplay=1","https://music.163.com/song?id=3424349991"
"2026-08-22","1787328000000","3424348321","Changing(前进) (Live)","李铢衔James/早安/SHarK","393968172","说唱巅峰对决2026 第九期","187","1","orpheus://song/3424348321/?autoplay=1","https://music.163.com/song?id=3424348321"
"2026-08-22","1787328000000","3427176080","Trenches (沼泽) (Live)","WAKEUPP","393968172","说唱巅峰对决2026 第九期","160","8","orpheus://song/3427176080/?autoplay=1","https://music.163.com/song?id=3427176080"
"2026-08-29","1787932800000","3428200151","锋利(Band Ver.) (Live)","黄之仪Kyra Zilver","395260985","说唱巅峰对决2026 第十期","186","8","orpheus://song/3428200151/?autoplay=1","https://music.163.com/song?id=3428200151"
"2026-08-29","1787932800000","3428200475","WagWan(怎么说?) (Live)","AThree","395260985","说唱巅峰对决2026 第十期","240","8","orpheus://song/3428200475/?autoplay=1","https://music.163.com/song?id=3428200475"
"2026-08-29","1787932800000","3428200582","RAINBOW(彩虹) (Live)","Vinz-T","395260985","说唱巅峰对决2026 第十期","224","8","orpheus://song/3428200582/?autoplay=1","https://music.163.com/song?id=3428200582"
"2026-08-29","1787932800000","3428201585","未完成的梦 (Live)","周汤豪","395260985","说唱巅峰对决2026 第十期","207","8","orpheus://song/3428201585/?autoplay=1","https://music.163.com/song?id=3428201585"
"2026-08-29","1787932800000","3428204201","QUIET!!(嘘!!) (Live)","土人儿TRE","395260985","说唱巅峰对决2026 第十期","199","8","orpheus://song/3428204201/?autoplay=1","https://music.163.com/song?id=3428204201"
"2026-08-29","1787932800000","3428203407","身份证 (Live)","KAFE.HU胡懿","395260985","说唱巅峰对决2026 第十期","292","8","orpheus://song/3428203407/?autoplay=1","https://music.163.com/song?id=3428203407"
"2026-08-29","1787932800000","3428203491","恐高 (Live)","SHarK","395260985","说唱巅峰对决2026 第十期","241","8","orpheus://song/3428203491/?autoplay=1","https://music.163.com/song?id=3428203491"
"2026-08-29","1787932800000","3428256888","今天 (Live)","早安","395260985","说唱巅峰对决2026 第十期","232","8","orpheus://song/3428256888/?autoplay=1","https://music.163.com/song?id=3428256888"
"2026-08-29","1787932800000","3428257095","1993 (Live)","辉子","395260985","说唱巅峰对决2026 第十期","252","8","orpheus://song/3428257095/?autoplay=1","https://music.163.com/song?id=3428257095"
"2026-08-29","1787932800000","3428257299","红花 (Live)","SAYNO尹彦博","395260985","说唱巅峰对决2026 第十期","258","8","orpheus://song/3428257299/?autoplay=1","https://music.163.com/song?id=3428257299"
"2026-08-29","1787932800000","3428258484","二十五 (Live)","陈一豪Clear","395260985","说唱巅峰对决2026 第十期","244","8","orpheus://song/3428258484/?autoplay=1","https://music.163.com/song?id=3428258484"
"2026-09-05","1788537600000","3432118003","不停的 (Live)","Top Barry","396673428","说唱巅峰对决2026 第十一期","237","8","orpheus://song/3432118003/?autoplay=1","https://music.163.com/song?id=3432118003"
"2026-09-05","1788537600000","3432117603","暖色调 (Live)","艾热 AIR","396673428","说唱巅峰对决2026 第十一期","276","8","orpheus://song/3432117603/?autoplay=1","https://music.163.com/song?id=3432117603"
"2026-09-05","1788537600000","3432119895","二泉 (Live)","加木","396673428","说唱巅峰对决2026 第十一期","179","8","orpheus://song/3432119895/?autoplay=1","https://music.163.com/song?id=3432119895"
"2026-09-05","1788537600000","3432119981","筋斗云 (Live)","功夫胖KUNGFU-PEN","396673428","说唱巅峰对决2026 第十一期","207","8","orpheus://song/3432119981/?autoplay=1","https://music.163.com/song?id=3432119981"
"2026-09-05","1788537600000","3432118713","酱爆派对 (Live)","ICE杨长青","396673428","说唱巅峰对决2026 第十一期","191","8","orpheus://song/3432118713/?autoplay=1","https://music.163.com/song?id=3432118713"
"2026-09-05","1788537600000","3432120298","Boss Life (狂放人生) (Live)","弹壳Danko","396673428","说唱巅峰对决2026 第十一期","240","8","orpheus://song/3432120298/?autoplay=1","https://music.163.com/song?id=3432120298"
"2026-09-05","1788537600000","3432121975","从前以后PT.1 (Live)","盛宇D-SHINE","396673428","说唱巅峰对决2026 第十一期","253","8","orpheus://song/3432121975/?autoplay=1","https://music.163.com/song?id=3432121975"
"2026-09-05","1788537600000","3432122560","拖皮 (Live)","布瑞吉Bridge","396673428","说唱巅峰对决2026 第十一期","242","8","orpheus://song/3432122560/?autoplay=1","https://music.163.com/song?id=3432122560"
"2026-09-05","1788537600000","3432123135","红的+NO HOOK FREESTYLE Pt.3 (永不重复第三部) (Live)","Rapeter","396673428","说唱巅峰对决2026 第十一期","227","8","orpheus://song/3432123135/?autoplay=1","https://music.163.com/song?id=3432123135"
"2026-09-05","1788537600000","3432123420","HowToDance (摇就完了) (Live)","Yamy郭颖","396673428","说唱巅峰对决2026 第十一期","223","8","orpheus://song/3432123420/?autoplay=1","https://music.163.com/song?id=3432123420"
"2026-09-13","1789228800000","3435675981","感谢 (Live)","谢帝","397977816","说唱巅峰对决2026 第十二期","209","8","orpheus://song/3435675981/?autoplay=1","https://music.163.com/song?id=3435675981"
"2026-09-13","1789228800000","3435676038","It’s my world (我的世界) (Live)","ICE杨长青","397977816","说唱巅峰对决2026 第十二期","236","8","orpheus://song/3435676038/?autoplay=1","https://music.163.com/song?id=3435676038"
"2026-09-13","1789228800000","3435676087","WOLF GANG LIFE IV (我们的生活) (Live)","那奇沃夫","397977816","说唱巅峰对决2026 第十二期","139","8","orpheus://song/3435676087/?autoplay=1","https://music.163.com/song?id=3435676087"
"2026-09-13","1789228800000","3435675263","I know I can (抬头挺胸) (Live)+What’s up now (有影无影) (Live)","周汤豪","397977816","说唱巅峰对决2026 第十二期","286","8","orpheus://song/3435675263/?autoplay=1","https://music.163.com/song?id=3435675263"
"2026-09-13","1789228800000","3435675321","3000 (Live)","Top Barry/黄霄雲","397977816","说唱巅峰对决2026 第十二期","234","8","orpheus://song/3435675321/?autoplay=1","https://music.163.com/song?id=3435675321"
"2026-09-13","1789228800000","3435675350","归城 (Live)","辉子","397977816","说唱巅峰对决2026 第十二期","272","8","orpheus://song/3435675350/?autoplay=1","https://music.163.com/song?id=3435675350"
"2026-09-13","1789228800000","3435676333","那个少年 (Live)","盛宇D-SHINE","397977816","说唱巅峰对决2026 第十二期","241","8","orpheus://song/3435676333/?autoplay=1","https://music.163.com/song?id=3435676333"
"2026-09-13","1789228800000","3435676357","浮游生物 (Live)","Yamy郭颖","397977816","说唱巅峰对决2026 第十二期","232","8","orpheus://song/3435676357/?autoplay=1","https://music.163.com/song?id=3435676357"
"2026-09-13","1789228800000","3435675429","花开花落 (Live)","弹壳Danko","397977816","说唱巅峰对决2026 第十二期","259","8","orpheus://song/3435675429/?autoplay=1","https://music.163.com/song?id=3435675429"
"2026-09-13","1789228800000","3435676424","Someone to Love (挚爱之人) (Live)","严浩翔","397977816","说唱巅峰对决2026 第十二期","231","8","orpheus://song/3435676424/?autoplay=1","https://music.163.com/song?id=3435676424"
"2026-09-13","1789228800000","3435675497","来我敬你 (Live)","布瑞吉Bridge","397977816","说唱巅峰对决2026 第十二期","260","8","orpheus://song/3435675497/?autoplay=1","https://music.163.com/song?id=3435675497"
"2026-09-13","1789228800000","3435675673","IS YOURZ (为你所有) (Live)+FLOSSY (耀目) (Live)","李大奔BENZO","397977816","说唱巅峰对决2026 第十二期","319","8","orpheus://song/3435675673/?autoplay=1","https://music.163.com/song?id=3435675673"
"2026-09-13","1789228800000","3435676654","我的背包 (Live)","Rapeter","397977816","说唱巅峰对决2026 第十二期","188","8","orpheus://song/3435676654/?autoplay=1","https://music.163.com/song?id=3435676654"
"2026-09-13","1789228800000","3435676693","最后的派对 (Live)","功夫胖KUNGFU-PEN","397977816","说唱巅峰对决2026 第十二期","291","8","orpheus://song/3435676693/?autoplay=1","https://music.163.com/song?id=3435676693"